solid sled
facet normal 0.000000 0.000000 -1.000000
 outer loop
  vertex 1.9936 0.2064 0.0000
  vertex 4.9375 2.3153 0.0000
  vertex 4.9837 2.1790 0.0000
 endloop
endfacet
facet normal 0.000000 0.000000 -1.000000
 outer loop
  vertex 1.9936 0.2064 0.0000
  vertex 4.9094 2.4564 0.0000
  vertex 4.9375 2.3153 0.0000
 endloop
endfacet
facet normal 0.000000 0.000000 -1.000000
 outer loop
  vertex 1.9936 0.2064 0.0000
  vertex 4.9000 2.6000 0.0000
  vertex 4.9094 2.4564 0.0000
 endloop
endfacet
facet normal 0.000000 0.000000 -1.000000
 outer loop
  vertex 1.9936 0.2064 0.0000
  vertex 4.9094 2.7436 0.0000
  vertex 4.9000 2.6000 0.0000
 endloop
endfacet
facet normal 0.000000 0.000000 -1.000000
 outer loop
  vertex 1.9936 0.2064 0.0000
  vertex 4.9375 2.8847 0.0000
  vertex 4.9094 2.7436 0.0000
 endloop
endfacet
facet normal 0.000000 0.000000 -1.000000
 outer loop
  vertex 1.9936 0.2064 0.0000
  vertex 5.3304 1.7273 0.0000
  vertex 5.4500 1.6474 0.0000
 endloop
endfacet
facet normal 0.000000 0.000000 -1.000000
 outer loop
  vertex 1.9936 0.2064 0.0000
  vertex 5.1273 1.9304 0.0000
  vertex 5.2222 1.8222 0.0000
 endloop
endfacet
facet normal 0.000000 0.000000 -1.000000
 outer loop
  vertex 1.9936 0.2064 0.0000
  vertex 5.0474 2.0500 0.0000
  vertex 5.1273 1.9304 0.0000
 endloop
endfacet
facet normal 0.000000 0.000000 -1.000000
 outer loop
  vertex 1.9936 0.2064 0.0000
  vertex 4.9837 2.1790 0.0000
  vertex 5.0474 2.0500 0.0000
 endloop
endfacet
facet normal 0.000000 0.000000 -1.000000
 outer loop
  vertex 1.9936 0.2064 0.0000
  vertex 5.2222 1.8222 0.0000
  vertex 5.3304 1.7273 0.0000
 endloop
endfacet
facet normal 0.000000 0.000000 -1.000000
 outer loop
  vertex 1.9936 0.2064 0.0000
  vertex 5.4500 1.6474 0.0000
  vertex 5.5790 1.5837 0.0000
 endloop
endfacet
facet normal 0.000000 0.000000 -1.000000
 outer loop
  vertex 1.9936 0.2064 0.0000
  vertex 5.5790 1.5837 0.0000
  vertex 5.7153 1.5375 0.0000
 endloop
endfacet
facet normal 0.000000 0.000000 -1.000000
 outer loop
  vertex 1.9936 0.2064 0.0000
  vertex 5.7153 1.5375 0.0000
  vertex 5.8564 1.5094 0.0000
 endloop
endfacet
facet normal 0.000000 0.000000 -1.000000
 outer loop
  vertex 1.9936 0.2064 0.0000
  vertex 4.9837 3.0210 0.0000
  vertex 4.9375 2.8847 0.0000
 endloop
endfacet
facet normal 0.000000 0.000000 -1.000000
 outer loop
  vertex 1.9936 0.2064 0.0000
  vertex 6.5474 6.9500 0.0000
  vertex 4.9837 3.0210 0.0000
 endloop
endfacet
facet normal 0.000000 0.000000 -1.000000
 outer loop
  vertex 1.9936 0.2064 0.0000
  vertex 1.7574 7.7645 0.0000
  vertex 6.4094 7.3564 0.0000
 endloop
endfacet
facet normal 0.000000 0.000000 -1.000000
 outer loop
  vertex 1.9936 0.2064 0.0000
  vertex 5.8564 1.5094 0.0000
  vertex 6.0000 1.5000 0.0000
 endloop
endfacet
facet normal 0.000000 0.000000 -1.000000
 outer loop
  vertex 5.7153 3.6625 0.0000
  vertex 6.6470 4.5034 0.0000
  vertex 5.8564 3.6906 0.0000
 endloop
endfacet
facet normal 0.000000 0.000000 -1.000000
 outer loop
  vertex 5.8564 3.6906 0.0000
  vertex 6.9567 4.5425 0.0000
  vertex 6.0000 3.7000 0.0000
 endloop
endfacet
facet normal 0.000000 0.000000 -1.000000
 outer loop
  vertex 6.0000 3.7000 0.0000
  vertex 6.9567 4.5425 0.0000
  vertex 6.1436 3.6906 0.0000
 endloop
endfacet
facet normal 0.000000 0.000000 -1.000000
 outer loop
  vertex 6.1436 3.6906 0.0000
  vertex 7.2324 4.4967 0.0000
  vertex 6.2847 3.6625 0.0000
 endloop
endfacet
facet normal 0.000000 0.000000 -1.000000
 outer loop
  vertex 6.2847 3.6625 0.0000
  vertex 7.2324 4.4967 0.0000
  vertex 6.4210 3.6163 0.0000
 endloop
endfacet
facet normal 0.000000 0.000000 -1.000000
 outer loop
  vertex 6.6696 3.4727 0.0000
  vertex 6.5500 3.5526 0.0000
  vertex 7.2324 4.4967 0.0000
 endloop
endfacet
facet normal 0.000000 0.000000 -1.000000
 outer loop
  vertex 6.4210 3.6163 0.0000
  vertex 7.2324 4.4967 0.0000
  vertex 6.5500 3.5526 0.0000
 endloop
endfacet
facet normal 0.000000 0.000000 -1.000000
 outer loop
  vertex 6.6696 3.4727 0.0000
  vertex 7.2324 4.4967 0.0000
  vertex 6.7778 3.3778 0.0000
 endloop
endfacet
facet normal 0.000000 -1.000000 0.000000
 outer loop
  vertex 1.7574 0.0000 0.0000
  vertex 19.9283 0.0000 0.4000
  vertex 1.7574 0.0000 2.0000
 endloop
endfacet
facet normal 0.000000 0.000000 -1.000000
 outer loop
  vertex 1.9936 0.2064 0.0000
  vertex 6.4837 7.0790 0.0000
  vertex 6.5474 6.9500 0.0000
 endloop
endfacet
facet normal 0.000000 0.000000 -1.000000
 outer loop
  vertex 1.9936 0.2064 0.0000
  vertex 6.4375 7.2153 0.0000
  vertex 6.4837 7.0790 0.0000
 endloop
endfacet
facet normal 0.000000 0.000000 -1.000000
 outer loop
  vertex 1.9936 0.2064 0.0000
  vertex 6.4094 7.3564 0.0000
  vertex 6.4375 7.2153 0.0000
 endloop
endfacet
facet normal 0.000000 0.000000 -1.000000
 outer loop
  vertex 4.9837 3.0210 0.0000
  vertex 6.5474 6.9500 0.0000
  vertex 5.0474 3.1500 0.0000
 endloop
endfacet
facet normal 0.000000 0.000000 -1.000000
 outer loop
  vertex 5.0474 3.1500 0.0000
  vertex 6.5474 6.9500 0.0000
  vertex 5.1273 3.2696 0.0000
 endloop
endfacet
facet normal 0.000000 0.000000 -1.000000
 outer loop
  vertex 5.1273 3.2696 0.0000
  vertex 6.5474 6.9500 0.0000
  vertex 5.2222 3.3778 0.0000
 endloop
endfacet
facet normal 0.000000 0.000000 -1.000000
 outer loop
  vertex 5.2222 3.3778 0.0000
  vertex 6.5474 6.9500 0.0000
  vertex 5.3304 3.4727 0.0000
 endloop
endfacet
facet normal 0.000000 0.000000 -1.000000
 outer loop
  vertex 5.3304 3.4727 0.0000
  vertex 6.5474 6.9500 0.0000
  vertex 5.4500 3.5526 0.0000
 endloop
endfacet
facet normal 0.000000 0.000000 -1.000000
 outer loop
  vertex 5.4500 3.5526 0.0000
  vertex 6.5474 6.9500 0.0000
  vertex 5.5790 3.6163 0.0000
 endloop
endfacet
facet normal 0.000000 0.000000 -1.000000
 outer loop
  vertex 5.5790 3.6163 0.0000
  vertex 6.5474 6.9500 0.0000
  vertex 5.7153 3.6625 0.0000
 endloop
endfacet
facet normal 0.000000 0.000000 -1.000000
 outer loop
  vertex 5.8564 3.6906 0.0000
  vertex 6.6470 4.5034 0.0000
  vertex 6.9338 4.5604 0.0000
 endloop
endfacet
facet normal 0.000000 0.000000 -1.000000
 outer loop
  vertex 6.1436 3.6906 0.0000
  vertex 6.9567 4.5425 0.0000
  vertex 7.2324 4.4967 0.0000
 endloop
endfacet
facet normal 0.000000 0.000000 -1.000000
 outer loop
  vertex 5.8564 3.6906 0.0000
  vertex 6.9338 4.5604 0.0000
  vertex 6.9567 4.5425 0.0000
 endloop
endfacet
facet normal 0.000000 0.000000 -1.000000
 outer loop
  vertex 5.7153 3.6625 0.0000
  vertex 6.5474 6.9500 0.0000
  vertex 6.6470 4.5034 0.0000
 endloop
endfacet
facet normal 0.000000 0.000000 -1.000000
 outer loop
  vertex 6.6470 4.5034 0.0000
  vertex 6.5474 6.9500 0.0000
  vertex 6.7149 4.9918 0.0000
 endloop
endfacet
facet normal 0.000000 0.000000 -1.000000
 outer loop
  vertex 6.7149 4.9918 0.0000
  vertex 6.6273 6.8304 0.0000
  vertex 6.7703 4.9730 0.0000
 endloop
endfacet
facet normal 0.000000 0.000000 -1.000000
 outer loop
  vertex 6.7703 4.9730 0.0000
  vertex 6.7222 6.7222 0.0000
  vertex 6.8304 6.6273 0.0000
 endloop
endfacet
facet normal 0.000000 0.000000 -1.000000
 outer loop
  vertex 6.7703 4.9730 0.0000
  vertex 6.8304 6.6273 0.0000
  vertex 6.8643 6.6046 0.0000
 endloop
endfacet
facet normal 0.000000 0.000000 -1.000000
 outer loop
  vertex 6.7703 4.9730 0.0000
  vertex 6.6273 6.8304 0.0000
  vertex 6.7222 6.7222 0.0000
 endloop
endfacet
facet normal 0.000000 0.000000 -1.000000
 outer loop
  vertex 6.7149 4.9918 0.0000
  vertex 6.5474 6.9500 0.0000
  vertex 6.6273 6.8304 0.0000
 endloop
endfacet
facet normal 0.000000 0.000000 -1.000000
 outer loop
  vertex 6.9338 4.5604 0.0000
  vertex 6.9567 4.5558 0.0000
  vertex 6.9567 4.5425 0.0000
 endloop
endfacet
facet normal 0.000000 0.000000 -1.000000
 outer loop
  vertex 7.2347 4.5320 0.0000
  vertex 7.2253 4.7772 0.0000
  vertex 10.4552 7.5990 0.0000
 endloop
endfacet
facet normal 0.000000 0.000000 -1.000000
 outer loop
  vertex 0.0000 1.7574 0.0000
  vertex 0.9232 34.4566 0.0000
  vertex 1.7574 7.7645 0.0000
 endloop
endfacet
facet normal 0.000000 0.000000 -1.000000
 outer loop
  vertex 1.7574 7.7645 0.0000
  vertex 4.2219 30.3145 0.0000
  vertex 6.4094 7.3564 0.0000
 endloop
endfacet
facet normal 0.000000 0.000000 -1.000000
 outer loop
  vertex 7.6436 8.5906 0.0000
  vertex 9.3098 9.8911 0.0000
  vertex 7.7847 8.5625 0.0000
 endloop
endfacet
facet normal 0.000000 0.000000 -1.000000
 outer loop
  vertex 7.7879 8.5614 0.0000
  vertex 7.7847 8.5625 0.0000
  vertex 9.3098 9.8911 0.0000
 endloop
endfacet
facet normal 0.000000 0.000000 -1.000000
 outer loop
  vertex 6.4094 7.3564 0.0000
  vertex 4.6506 30.4294 0.0000
  vertex 6.4000 7.5000 0.0000
 endloop
endfacet
facet normal 0.000000 0.000000 -1.000000
 outer loop
  vertex 6.4000 7.5000 0.0000
  vertex 4.6506 30.4294 0.0000
  vertex 6.4094 7.6436 0.0000
 endloop
endfacet
facet normal 0.000000 0.000000 -1.000000
 outer loop
  vertex 6.4094 7.6436 0.0000
  vertex 4.6506 30.4294 0.0000
  vertex 6.4375 7.7847 0.0000
 endloop
endfacet
facet normal 0.000000 0.000000 -1.000000
 outer loop
  vertex 6.4375 7.7847 0.0000
  vertex 4.6506 30.4294 0.0000
  vertex 6.4837 7.9210 0.0000
 endloop
endfacet
facet normal 0.000000 0.000000 -1.000000
 outer loop
  vertex 6.4837 7.9210 0.0000
  vertex 4.6506 30.4294 0.0000
  vertex 6.5474 8.0500 0.0000
 endloop
endfacet
facet normal 0.000000 0.000000 -1.000000
 outer loop
  vertex 6.5474 8.0500 0.0000
  vertex 4.6506 30.4294 0.0000
  vertex 6.6273 8.1696 0.0000
 endloop
endfacet
facet normal 0.000000 0.000000 -1.000000
 outer loop
  vertex 6.6273 8.1696 0.0000
  vertex 4.8500 30.5278 0.0000
  vertex 6.7222 8.2778 0.0000
 endloop
endfacet
facet normal 0.000000 0.000000 -1.000000
 outer loop
  vertex 6.7222 8.2778 0.0000
  vertex 4.8500 30.5278 0.0000
  vertex 6.8304 8.3727 0.0000
 endloop
endfacet
facet normal 0.000000 0.000000 -1.000000
 outer loop
  vertex 6.8304 8.3727 0.0000
  vertex 4.8500 30.5278 0.0000
  vertex 6.9500 8.4526 0.0000
 endloop
endfacet
facet normal 0.000000 0.000000 -1.000000
 outer loop
  vertex 6.9500 8.4526 0.0000
  vertex 5.0349 30.6513 0.0000
  vertex 7.0790 8.5163 0.0000
 endloop
endfacet
facet normal 0.000000 0.000000 -1.000000
 outer loop
  vertex 7.0790 8.5163 0.0000
  vertex 5.0349 30.6513 0.0000
  vertex 7.2153 8.5625 0.0000
 endloop
endfacet
facet normal 0.000000 0.000000 -1.000000
 outer loop
  vertex 7.2153 8.5625 0.0000
  vertex 5.0349 30.6513 0.0000
  vertex 7.3564 8.5906 0.0000
 endloop
endfacet
facet normal 0.000000 0.000000 -1.000000
 outer loop
  vertex 7.3564 8.5906 0.0000
  vertex 5.2021 30.7979 0.0000
  vertex 7.5000 8.6000 0.0000
 endloop
endfacet
facet normal 0.000000 0.000000 -1.000000
 outer loop
  vertex 7.5000 8.6000 0.0000
  vertex 5.2021 30.7979 0.0000
  vertex 7.6436 8.5906 0.0000
 endloop
endfacet
facet normal 0.000000 0.000000 -1.000000
 outer loop
  vertex 1.9936 0.2064 0.0000
  vertex 6.0000 1.5000 0.0000
  vertex 20.9294 1.5494 0.0000
 endloop
endfacet
facet normal 0.000000 0.000000 -1.000000
 outer loop
  vertex 6.0000 1.5000 0.0000
  vertex 6.1436 1.5094 0.0000
  vertex 20.9294 1.5494 0.0000
 endloop
endfacet
facet normal 0.000000 0.000000 -1.000000
 outer loop
  vertex 6.1436 1.5094 0.0000
  vertex 6.2847 1.5375 0.0000
  vertex 20.9294 1.5494 0.0000
 endloop
endfacet
facet normal 0.000000 0.000000 -1.000000
 outer loop
  vertex 6.2847 1.5375 0.0000
  vertex 6.4210 1.5837 0.0000
  vertex 20.9294 1.5494 0.0000
 endloop
endfacet
facet normal 0.000000 0.000000 -1.000000
 outer loop
  vertex 6.4210 1.5837 0.0000
  vertex 6.5500 1.6474 0.0000
  vertex 20.9294 1.5494 0.0000
 endloop
endfacet
facet normal 0.000000 0.000000 -1.000000
 outer loop
  vertex 6.5500 1.6474 0.0000
  vertex 6.6696 1.7273 0.0000
  vertex 20.9294 1.5494 0.0000
 endloop
endfacet
facet normal 0.000000 0.000000 -1.000000
 outer loop
  vertex 6.6696 1.7273 0.0000
  vertex 6.7778 1.8222 0.0000
  vertex 20.9294 1.5494 0.0000
 endloop
endfacet
facet normal 0.000000 0.000000 -1.000000
 outer loop
  vertex 6.7778 1.8222 0.0000
  vertex 6.8727 1.9304 0.0000
  vertex 20.9294 1.5494 0.0000
 endloop
endfacet
facet normal 0.000000 0.000000 -1.000000
 outer loop
  vertex 6.8727 1.9304 0.0000
  vertex 6.9526 2.0500 0.0000
  vertex 20.9294 1.5494 0.0000
 endloop
endfacet
facet normal 0.000000 0.000000 -1.000000
 outer loop
  vertex 6.9526 2.0500 0.0000
  vertex 7.0163 2.1790 0.0000
  vertex 20.9294 1.5494 0.0000
 endloop
endfacet
facet normal 0.000000 0.000000 -1.000000
 outer loop
  vertex 7.0163 2.1790 0.0000
  vertex 7.0625 2.3153 0.0000
  vertex 20.9294 1.5494 0.0000
 endloop
endfacet
facet normal 0.000000 0.000000 -1.000000
 outer loop
  vertex 7.0625 2.8847 0.0000
  vertex 7.0163 3.0210 0.0000
  vertex 20.9294 1.5494 0.0000
 endloop
endfacet
facet normal 0.000000 0.000000 -1.000000
 outer loop
  vertex 7.0625 2.3153 0.0000
  vertex 7.0906 2.4564 0.0000
  vertex 20.9294 1.5494 0.0000
 endloop
endfacet
facet normal 0.000000 0.000000 -1.000000
 outer loop
  vertex 7.0906 2.4564 0.0000
  vertex 7.1000 2.6000 0.0000
  vertex 20.9294 1.5494 0.0000
 endloop
endfacet
facet normal 0.000000 0.000000 -1.000000
 outer loop
  vertex 7.1000 2.6000 0.0000
  vertex 7.0906 2.7436 0.0000
  vertex 20.9294 1.5494 0.0000
 endloop
endfacet
facet normal 0.000000 0.000000 -1.000000
 outer loop
  vertex 7.0906 2.7436 0.0000
  vertex 7.0625 2.8847 0.0000
  vertex 20.9294 1.5494 0.0000
 endloop
endfacet
facet normal 0.000000 0.000000 -1.000000
 outer loop
  vertex 6.7778 3.3778 0.0000
  vertex 20.9294 1.5494 0.0000
  vertex 6.8727 3.2696 0.0000
 endloop
endfacet
facet normal 0.000000 0.000000 -1.000000
 outer loop
  vertex 6.9526 3.1500 0.0000
  vertex 20.9294 1.5494 0.0000
  vertex 7.0163 3.0210 0.0000
 endloop
endfacet
facet normal 0.000000 0.000000 -1.000000
 outer loop
  vertex 6.9526 3.1500 0.0000
  vertex 6.8727 3.2696 0.0000
  vertex 20.9294 1.5494 0.0000
 endloop
endfacet
facet normal 0.000000 0.000000 -1.000000
 outer loop
  vertex 6.7778 3.3778 0.0000
  vertex 7.2324 4.4967 0.0000
  vertex 20.9294 1.5494 0.0000
 endloop
endfacet
facet normal 0.000000 0.000000 -1.000000
 outer loop
  vertex 7.2324 4.4967 0.0000
  vertex 7.2347 4.5320 0.0000
  vertex 21.1513 3.2349 0.0000
 endloop
endfacet
facet normal 0.000000 0.000000 -1.000000
 outer loop
  vertex 7.2347 4.5320 0.0000
  vertex 10.4552 7.5990 0.0000
  vertex 21.2979 3.4021 0.0000
 endloop
endfacet
facet normal 0.000000 0.000000 -1.000000
 outer loop
  vertex 1.9936 0.2064 0.0000
  vertex 21.1513 1.1651 0.0000
  vertex 21.2979 0.9979 0.0000
 endloop
endfacet
facet normal 0.000000 0.000000 -1.000000
 outer loop
  vertex 1.9936 0.2064 0.0000
  vertex 21.0278 1.3500 0.0000
  vertex 21.1513 1.1651 0.0000
 endloop
endfacet
facet normal 0.000000 0.000000 -1.000000
 outer loop
  vertex 1.9936 0.2064 0.0000
  vertex 20.9294 1.5494 0.0000
  vertex 21.0278 1.3500 0.0000
 endloop
endfacet
facet normal 0.000000 0.000000 -1.000000
 outer loop
  vertex 1.9936 0.2064 0.0000
  vertex 21.8494 0.6294 0.0000
  vertex 22.0600 0.5579 0.0000
 endloop
endfacet
facet normal 0.000000 0.000000 -1.000000
 outer loop
  vertex 1.9936 0.2064 0.0000
  vertex 21.2979 0.9979 0.0000
  vertex 21.4651 0.8513 0.0000
 endloop
endfacet
facet normal 0.000000 0.000000 -1.000000
 outer loop
  vertex 1.9936 0.2064 0.0000
  vertex 21.4651 0.8513 0.0000
  vertex 21.6500 0.7278 0.0000
 endloop
endfacet
facet normal 0.000000 0.000000 -1.000000
 outer loop
  vertex 1.9936 0.2064 0.0000
  vertex 21.6500 0.7278 0.0000
  vertex 21.8494 0.6294 0.0000
 endloop
endfacet
facet normal 0.000000 0.000000 -1.000000
 outer loop
  vertex 1.9936 0.2064 0.0000
  vertex 22.0600 0.5579 0.0000
  vertex 22.2781 0.5145 0.0000
 endloop
endfacet
facet normal 0.000000 0.000000 -1.000000
 outer loop
  vertex 1.9936 0.2064 0.0000
  vertex 22.2781 0.5145 0.0000
  vertex 22.5000 0.5000 0.0000
 endloop
endfacet
facet normal 0.000000 -1.000000 0.000000
 outer loop
  vertex 1.7574 0.0000 0.0000
  vertex 25.0717 0.0000 0.4000
  vertex 19.9283 0.0000 0.4000
 endloop
endfacet
facet normal 0.000000 0.000000 -1.000000
 outer loop
  vertex 7.2324 4.4967 0.0000
  vertex 20.8579 1.7600 0.0000
  vertex 20.9294 1.5494 0.0000
 endloop
endfacet
facet normal 0.000000 0.000000 -1.000000
 outer loop
  vertex 7.2324 4.4967 0.0000
  vertex 20.8145 1.9781 0.0000
  vertex 20.8579 1.7600 0.0000
 endloop
endfacet
facet normal 0.000000 0.000000 -1.000000
 outer loop
  vertex 7.2324 4.4967 0.0000
  vertex 20.8000 2.2000 0.0000
  vertex 20.8145 1.9781 0.0000
 endloop
endfacet
facet normal 0.000000 0.000000 -1.000000
 outer loop
  vertex 7.2324 4.4967 0.0000
  vertex 20.8145 2.4219 0.0000
  vertex 20.8000 2.2000 0.0000
 endloop
endfacet
facet normal 0.000000 0.000000 -1.000000
 outer loop
  vertex 7.2324 4.4967 0.0000
  vertex 20.8579 2.6400 0.0000
  vertex 20.8145 2.4219 0.0000
 endloop
endfacet
facet normal 0.000000 0.000000 -1.000000
 outer loop
  vertex 7.2324 4.4967 0.0000
  vertex 20.9294 2.8506 0.0000
  vertex 20.8579 2.6400 0.0000
 endloop
endfacet
facet normal 0.000000 0.000000 -1.000000
 outer loop
  vertex 7.2324 4.4967 0.0000
  vertex 21.0278 3.0500 0.0000
  vertex 20.9294 2.8506 0.0000
 endloop
endfacet
facet normal 0.000000 0.000000 -1.000000
 outer loop
  vertex 7.2324 4.4967 0.0000
  vertex 21.1513 3.2349 0.0000
  vertex 21.0278 3.0500 0.0000
 endloop
endfacet
facet normal 0.000000 0.000000 -1.000000
 outer loop
  vertex 7.2347 4.5320 0.0000
  vertex 21.2979 3.4021 0.0000
  vertex 21.1513 3.2349 0.0000
 endloop
endfacet
facet normal 0.000000 0.000000 -1.000000
 outer loop
  vertex 10.4552 7.5990 0.0000
  vertex 21.4651 3.5487 0.0000
  vertex 21.2979 3.4021 0.0000
 endloop
endfacet
facet normal 0.000000 0.000000 -1.000000
 outer loop
  vertex 10.4552 7.5990 0.0000
  vertex 21.6500 3.6722 0.0000
  vertex 21.4651 3.5487 0.0000
 endloop
endfacet
facet normal 0.000000 0.000000 -1.000000
 outer loop
  vertex 10.4552 7.5990 0.0000
  vertex 21.8494 3.7706 0.0000
  vertex 21.6500 3.6722 0.0000
 endloop
endfacet
facet normal 0.000000 0.000000 -1.000000
 outer loop
  vertex 10.4552 7.5990 0.0000
  vertex 22.0600 3.8421 0.0000
  vertex 21.8494 3.7706 0.0000
 endloop
endfacet
facet normal 0.000000 -1.000000 0.000000
 outer loop
  vertex 1.7574 0.0000 2.0000
  vertex 19.9283 0.0000 0.4000
  vertex 20.3000 0.0000 0.6717
 endloop
endfacet
facet normal 0.000000 -1.000000 0.000000
 outer loop
  vertex 1.7574 0.0000 2.0000
  vertex 20.3000 0.0000 0.6717
  vertex 21.0300 0.0000 1.1097
 endloop
endfacet
facet normal 0.000000 -1.000000 0.000000
 outer loop
  vertex 1.7574 0.0000 2.0000
  vertex 21.0300 0.0000 1.1097
  vertex 21.5887 0.0000 1.3588
 endloop
endfacet
facet normal 0.000000 -1.000000 0.000000
 outer loop
  vertex 1.7574 0.0000 2.0000
  vertex 21.5887 0.0000 1.3588
  vertex 22.0624 0.0000 1.4888
 endloop
endfacet
facet normal 0.000000 -1.000000 0.000000
 outer loop
  vertex 2.0000 0.0000 2.0000
  vertex 22.0624 0.0000 1.4888
  vertex 22.5000 0.0000 1.5294
 endloop
endfacet
facet normal 0.000000 0.000000 -1.000000
 outer loop
  vertex 9.1234 6.7845 0.0000
  vertex 9.3098 9.8911 0.0000
  vertex 10.4513 8.0076 0.0000
 endloop
endfacet
facet normal 0.000000 0.000000 -1.000000
 outer loop
  vertex 9.3098 9.8911 0.0000
  vertex 20.1213 17.0000 0.0000
  vertex 10.4513 8.0076 0.0000
 endloop
endfacet
facet normal 0.000000 0.000000 -1.000000
 outer loop
  vertex 9.3098 9.8911 0.0000
  vertex 12.0000 17.8787 0.0000
  vertex 12.8787 17.0000 0.0000
 endloop
endfacet
facet normal 0.000000 0.000000 -1.000000
 outer loop
  vertex 9.3098 9.8911 0.0000
  vertex 12.8787 17.0000 0.0000
  vertex 20.1213 17.0000 0.0000
 endloop
endfacet
facet normal 0.000000 0.000000 1.000000
 outer loop
  vertex 2.0000 0.0000 2.0000
  vertex 4.2322 0.8322 2.0000
  vertex 4.0166 1.0781 2.0000
 endloop
endfacet
facet normal 0.000000 0.000000 1.000000
 outer loop
  vertex 2.0000 0.0000 2.0000
  vertex 3.8349 1.3500 2.0000
  vertex 3.6903 1.6433 2.0000
 endloop
endfacet
facet normal 0.000000 0.000000 1.000000
 outer loop
  vertex 2.0000 0.0000 2.0000
  vertex 4.0166 1.0781 2.0000
  vertex 3.8349 1.3500 2.0000
 endloop
endfacet
facet normal 0.000000 0.000000 1.000000
 outer loop
  vertex 2.0000 0.0000 2.0000
  vertex 3.6903 1.6433 2.0000
  vertex 3.5852 1.9530 2.0000
 endloop
endfacet
facet normal 0.000000 0.000000 1.000000
 outer loop
  vertex 2.0000 0.0000 2.0000
  vertex 3.5852 1.9530 2.0000
  vertex 3.5214 2.2737 2.0000
 endloop
endfacet
facet normal 0.000000 0.000000 1.000000
 outer loop
  vertex 2.0000 0.0000 2.0000
  vertex 3.5214 2.2737 2.0000
  vertex 3.5000 2.6000 2.0000
 endloop
endfacet
facet normal 0.000000 0.000000 1.000000
 outer loop
  vertex 2.0000 0.0000 2.0000
  vertex 3.5000 2.6000 2.0000
  vertex 3.5214 2.9263 2.0000
 endloop
endfacet
facet normal 0.000000 0.000000 1.000000
 outer loop
  vertex 2.0000 0.0000 2.0000
  vertex 4.4781 0.6166 2.0000
  vertex 4.2322 0.8322 2.0000
 endloop
endfacet
facet normal 0.000000 0.000000 1.000000
 outer loop
  vertex 2.0000 0.0000 2.0000
  vertex 5.0433 0.2903 2.0000
  vertex 4.7500 0.4349 2.0000
 endloop
endfacet
facet normal 0.000000 0.000000 1.000000
 outer loop
  vertex 2.0000 0.0000 2.0000
  vertex 4.7500 0.4349 2.0000
  vertex 4.4781 0.6166 2.0000
 endloop
endfacet
facet normal 0.000000 0.000000 1.000000
 outer loop
  vertex 2.0000 0.0000 2.0000
  vertex 5.3530 0.1852 2.0000
  vertex 5.0433 0.2903 2.0000
 endloop
endfacet
facet normal 0.000000 0.000000 1.000000
 outer loop
  vertex 2.0000 0.0000 2.0000
  vertex 5.6737 0.1214 2.0000
  vertex 5.3530 0.1852 2.0000
 endloop
endfacet
facet normal 0.000000 0.000000 1.000000
 outer loop
  vertex 2.0000 0.0000 2.0000
  vertex 6.0000 0.1000 2.0000
  vertex 5.6737 0.1214 2.0000
 endloop
endfacet
facet normal 0.000000 0.000000 1.000000
 outer loop
  vertex 2.0000 0.0000 2.0000
  vertex 3.5214 2.9263 2.0000
  vertex 3.5852 3.2470 2.0000
 endloop
endfacet
facet normal 0.000000 0.000000 1.000000
 outer loop
  vertex 2.0000 0.0000 2.0000
  vertex 3.5852 3.2470 2.0000
  vertex 3.6903 3.5567 2.0000
 endloop
endfacet
facet normal 0.000000 0.000000 1.000000
 outer loop
  vertex 2.0000 0.0000 2.0000
  vertex 3.6903 3.5567 2.0000
  vertex 4.7284 6.3519 2.0000
 endloop
endfacet
facet normal 0.000000 0.000000 1.000000
 outer loop
  vertex 2.0000 0.0000 2.0000
  vertex 4.7284 6.3519 2.0000
  vertex 4.6022 6.7235 2.0000
 endloop
endfacet
facet normal 0.000000 0.000000 1.000000
 outer loop
  vertex 2.0000 0.0000 2.0000
  vertex 4.5257 7.1084 2.0000
  vertex 4.5000 7.5000 2.0000
 endloop
endfacet
facet normal 0.000000 0.000000 1.000000
 outer loop
  vertex 2.0000 0.0000 2.0000
  vertex 4.6022 6.7235 2.0000
  vertex 4.5257 7.1084 2.0000
 endloop
endfacet
facet normal 0.000000 0.000000 1.000000
 outer loop
  vertex 3.6903 3.5567 2.0000
  vertex 3.8349 3.8500 2.0000
  vertex 4.7284 6.3519 2.0000
 endloop
endfacet
facet normal 0.000000 0.000000 1.000000
 outer loop
  vertex 3.8349 3.8500 2.0000
  vertex 4.0166 4.1219 2.0000
  vertex 4.9019 6.0000 2.0000
 endloop
endfacet
facet normal 0.000000 0.000000 1.000000
 outer loop
  vertex 4.0166 4.1219 2.0000
  vertex 4.2322 4.3678 2.0000
  vertex 4.9019 6.0000 2.0000
 endloop
endfacet
facet normal 0.000000 0.000000 1.000000
 outer loop
  vertex 4.2322 4.3678 2.0000
  vertex 4.4781 4.5834 2.0000
  vertex 4.9019 6.0000 2.0000
 endloop
endfacet
facet normal 0.000000 0.000000 1.000000
 outer loop
  vertex 3.8349 3.8500 2.0000
  vertex 4.9019 6.0000 2.0000
  vertex 4.7284 6.3519 2.0000
 endloop
endfacet
facet normal 0.000000 -1.000000 0.000000
 outer loop
  vertex 1.7574 0.0000 2.0000
  vertex 22.0624 0.0000 1.4888
  vertex 2.0000 0.0000 2.0000
 endloop
endfacet
facet normal 0.000000 0.000000 1.000000
 outer loop
  vertex 4.4781 4.5834 2.0000
  vertex 4.7500 4.7651 2.0000
  vertex 5.1199 5.6737 2.0000
 endloop
endfacet
facet normal 0.000000 0.000000 1.000000
 outer loop
  vertex 4.4781 4.5834 2.0000
  vertex 5.1199 5.6737 2.0000
  vertex 4.9019 6.0000 2.0000
 endloop
endfacet
facet normal 0.000000 0.000000 1.000000
 outer loop
  vertex 4.7500 4.7651 2.0000
  vertex 5.0433 4.9097 2.0000
  vertex 5.1199 5.6737 2.0000
 endloop
endfacet
facet normal 0.000000 0.000000 1.000000
 outer loop
  vertex 5.0433 4.9097 2.0000
  vertex 5.3530 5.0148 2.0000
  vertex 5.3787 5.3787 2.0000
 endloop
endfacet
facet normal 0.000000 0.000000 1.000000
 outer loop
  vertex 5.0433 4.9097 2.0000
  vertex 5.3787 5.3787 2.0000
  vertex 5.1199 5.6737 2.0000
 endloop
endfacet
facet normal 0.000000 0.000000 1.000000
 outer loop
  vertex 5.3530 5.0148 2.0000
  vertex 5.6737 5.1199 2.0000
  vertex 5.3787 5.3787 2.0000
 endloop
endfacet
facet normal 0.000000 0.000000 1.000000
 outer loop
  vertex 5.3530 5.0148 2.0000
  vertex 5.6737 5.0786 2.0000
  vertex 5.6737 5.1199 2.0000
 endloop
endfacet
facet normal 0.000000 0.000000 1.000000
 outer loop
  vertex 5.6737 5.1199 2.0000
  vertex 5.6737 5.0786 2.0000
  vertex 5.7300 5.0823 2.0000
 endloop
endfacet
facet normal 0.000000 0.000000 1.000000
 outer loop
  vertex 2.0000 0.0000 2.0000
  vertex 4.5000 7.5000 2.0000
  vertex 2.5278 31.1500 2.0000
 endloop
endfacet
facet normal 0.000000 -0.000000 1.000000
 outer loop
  vertex 4.5000 7.5000 2.0000
  vertex 4.5257 7.8916 2.0000
  vertex 3.3494 30.4294 2.0000
 endloop
endfacet
facet normal 0.000000 -0.000000 1.000000
 outer loop
  vertex 4.5257 7.8916 2.0000
  vertex 4.6022 8.2765 2.0000
  vertex 3.3494 30.4294 2.0000
 endloop
endfacet
facet normal 0.000000 -0.000000 1.000000
 outer loop
  vertex 4.6022 8.2765 2.0000
  vertex 4.7284 8.6481 2.0000
  vertex 3.3494 30.4294 2.0000
 endloop
endfacet
facet normal 0.000000 -0.000000 1.000000
 outer loop
  vertex 4.7284 8.6481 2.0000
  vertex 4.9019 9.0000 2.0000
  vertex 3.6328 30.3434 2.0000
 endloop
endfacet
facet normal 0.000000 0.000000 1.000000
 outer loop
  vertex 2.0000 0.0000 2.0000
  vertex 22.5000 0.5000 2.0000
  vertex 6.0000 0.1000 2.0000
 endloop
endfacet
facet normal 0.000000 0.000000 1.000000
 outer loop
  vertex 6.0000 0.1000 2.0000
  vertex 22.5000 0.5000 2.0000
  vertex 6.3263 0.1214 2.0000
 endloop
endfacet
facet normal 0.000000 0.000000 1.000000
 outer loop
  vertex 6.3263 0.1214 2.0000
  vertex 21.8494 0.6294 2.0000
  vertex 6.6470 0.1852 2.0000
 endloop
endfacet
facet normal 0.000000 0.000000 1.000000
 outer loop
  vertex 6.6470 0.1852 2.0000
  vertex 21.5555 0.7865 2.0000
  vertex 6.9567 0.2903 2.0000
 endloop
endfacet
facet normal 0.000000 0.000000 1.000000
 outer loop
  vertex 6.9567 0.2903 2.0000
  vertex 21.1513 1.1651 2.0000
  vertex 7.2500 0.4349 2.0000
 endloop
endfacet
facet normal 0.000000 0.000000 1.000000
 outer loop
  vertex 7.2500 0.4349 2.0000
  vertex 20.9294 1.5494 2.0000
  vertex 7.5219 0.6166 2.0000
 endloop
endfacet
facet normal 0.000000 0.000000 1.000000
 outer loop
  vertex 7.5219 0.6166 2.0000
  vertex 20.9294 1.5494 2.0000
  vertex 7.7678 0.8322 2.0000
 endloop
endfacet
facet normal 0.000000 0.000000 1.000000
 outer loop
  vertex 7.7678 0.8322 2.0000
  vertex 20.9294 1.5494 2.0000
  vertex 7.9834 1.0781 2.0000
 endloop
endfacet
facet normal 0.000000 0.000000 1.000000
 outer loop
  vertex 7.9834 1.0781 2.0000
  vertex 20.9294 1.5494 2.0000
  vertex 8.1651 1.3500 2.0000
 endloop
endfacet
facet normal 0.000000 0.000000 1.000000
 outer loop
  vertex 8.1651 1.3500 2.0000
  vertex 20.9294 1.5494 2.0000
  vertex 8.3097 1.6433 2.0000
 endloop
endfacet
facet normal -0.000000 0.000000 1.000000
 outer loop
  vertex 8.3097 1.6433 2.0000
  vertex 20.9294 1.5494 2.0000
  vertex 8.4148 1.9530 2.0000
 endloop
endfacet
facet normal -0.000000 0.000000 1.000000
 outer loop
  vertex 8.4148 1.9530 2.0000
  vertex 20.9294 1.5494 2.0000
  vertex 8.4786 2.2737 2.0000
 endloop
endfacet
facet normal 0.000000 0.000000 1.000000
 outer loop
  vertex 8.1651 3.8500 2.0000
  vertex 8.3097 3.5567 2.0000
  vertex 20.9294 1.5494 2.0000
 endloop
endfacet
facet normal -0.000000 -0.000000 1.000000
 outer loop
  vertex 7.7678 4.3678 2.0000
  vertex 20.9294 1.5494 2.0000
  vertex 7.6088 4.5071 2.0000
 endloop
endfacet
facet normal -0.000000 -0.000000 1.000000
 outer loop
  vertex 7.9834 4.1219 2.0000
  vertex 20.9294 1.5494 2.0000
  vertex 7.7678 4.3678 2.0000
 endloop
endfacet
facet normal -0.000000 -0.000000 1.000000
 outer loop
  vertex 8.1651 3.8500 2.0000
  vertex 20.9294 1.5494 2.0000
  vertex 7.9834 4.1219 2.0000
 endloop
endfacet
facet normal -0.000000 0.000000 1.000000
 outer loop
  vertex 8.4786 2.2737 2.0000
  vertex 20.9294 1.5494 2.0000
  vertex 8.5000 2.6000 2.0000
 endloop
endfacet
facet normal -0.000000 -0.000000 1.000000
 outer loop
  vertex 8.5000 2.6000 2.0000
  vertex 20.9294 1.5494 2.0000
  vertex 8.4786 2.9263 2.0000
 endloop
endfacet
facet normal -0.000000 -0.000000 1.000000
 outer loop
  vertex 8.4786 2.9263 2.0000
  vertex 20.9294 1.5494 2.0000
  vertex 8.4148 3.2470 2.0000
 endloop
endfacet
facet normal -0.000000 -0.000000 1.000000
 outer loop
  vertex 8.4148 3.2470 2.0000
  vertex 20.9294 1.5494 2.0000
  vertex 8.3097 3.5567 2.0000
 endloop
endfacet
facet normal -0.000000 0.000000 1.000000
 outer loop
  vertex 7.6088 4.5071 2.0000
  vertex 21.4651 3.5487 2.0000
  vertex 7.8916 4.5257 2.0000
 endloop
endfacet
facet normal -0.000000 0.000000 1.000000
 outer loop
  vertex 7.8916 4.5257 2.0000
  vertex 21.5268 3.5899 2.0000
  vertex 8.2765 4.6022 2.0000
 endloop
endfacet
facet normal -0.000000 0.000000 1.000000
 outer loop
  vertex 8.2765 4.6022 2.0000
  vertex 21.5883 3.6310 2.0000
  vertex 8.6481 4.7284 2.0000
 endloop
endfacet
facet normal -0.000000 0.000000 1.000000
 outer loop
  vertex 8.6481 4.7284 2.0000
  vertex 21.8494 3.7706 2.0000
  vertex 9.0000 4.9019 2.0000
 endloop
endfacet
facet normal -0.000000 0.000000 1.000000
 outer loop
  vertex 9.0000 4.9019 2.0000
  vertex 22.1683 3.8673 2.0000
  vertex 9.3263 5.1199 2.0000
 endloop
endfacet
facet normal 0.000000 0.000000 1.000000
 outer loop
  vertex 6.9567 0.2903 2.0000
  vertex 21.2979 0.9979 2.0000
  vertex 21.1513 1.1651 2.0000
 endloop
endfacet
facet normal 0.000000 0.000000 1.000000
 outer loop
  vertex 7.2500 0.4349 2.0000
  vertex 21.1513 1.1651 2.0000
  vertex 21.1101 1.2268 2.0000
 endloop
endfacet
facet normal 0.000000 0.000000 1.000000
 outer loop
  vertex 7.2500 0.4349 2.0000
  vertex 21.0865 1.2555 2.0000
  vertex 21.0690 1.2883 2.0000
 endloop
endfacet
facet normal 0.000000 0.000000 1.000000
 outer loop
  vertex 7.2500 0.4349 2.0000
  vertex 21.1101 1.2268 2.0000
  vertex 21.0865 1.2555 2.0000
 endloop
endfacet
facet normal 0.000000 0.000000 1.000000
 outer loop
  vertex 6.3263 0.1214 2.0000
  vertex 22.0600 0.5579 2.0000
  vertex 21.8494 0.6294 2.0000
 endloop
endfacet
facet normal 0.000000 0.000000 1.000000
 outer loop
  vertex 6.3263 0.1214 2.0000
  vertex 22.1328 0.5434 2.0000
  vertex 22.0600 0.5579 2.0000
 endloop
endfacet
facet normal 0.000000 0.000000 1.000000
 outer loop
  vertex 6.3263 0.1214 2.0000
  vertex 22.1683 0.5327 2.0000
  vertex 22.1328 0.5434 2.0000
 endloop
endfacet
facet normal 0.000000 0.000000 1.000000
 outer loop
  vertex 6.3263 0.1214 2.0000
  vertex 22.2053 0.5290 2.0000
  vertex 22.1683 0.5327 2.0000
 endloop
endfacet
facet normal 0.000000 0.000000 1.000000
 outer loop
  vertex 6.3263 0.1214 2.0000
  vertex 22.2781 0.5145 2.0000
  vertex 22.2053 0.5290 2.0000
 endloop
endfacet
facet normal 0.000000 0.000000 1.000000
 outer loop
  vertex 6.3263 0.1214 2.0000
  vertex 22.5000 0.5000 2.0000
  vertex 22.2781 0.5145 2.0000
 endloop
endfacet
facet normal 0.000000 0.000000 1.000000
 outer loop
  vertex 6.6470 0.1852 2.0000
  vertex 21.5883 0.7690 2.0000
  vertex 21.5555 0.7865 2.0000
 endloop
endfacet
facet normal 0.000000 0.000000 1.000000
 outer loop
  vertex 6.6470 0.1852 2.0000
  vertex 21.6500 0.7278 2.0000
  vertex 21.5883 0.7690 2.0000
 endloop
endfacet
facet normal 0.000000 0.000000 1.000000
 outer loop
  vertex 6.9567 0.2903 2.0000
  vertex 21.4651 0.8513 2.0000
  vertex 21.2979 0.9979 2.0000
 endloop
endfacet
facet normal 0.000000 0.000000 1.000000
 outer loop
  vertex 6.9567 0.2903 2.0000
  vertex 21.5268 0.8101 2.0000
  vertex 21.4651 0.8513 2.0000
 endloop
endfacet
facet normal 0.000000 0.000000 1.000000
 outer loop
  vertex 6.9567 0.2903 2.0000
  vertex 21.5555 0.7865 2.0000
  vertex 21.5268 0.8101 2.0000
 endloop
endfacet
facet normal 0.000000 0.000000 1.000000
 outer loop
  vertex 6.6470 0.1852 2.0000
  vertex 21.8494 0.6294 2.0000
  vertex 21.6500 0.7278 2.0000
 endloop
endfacet
facet normal 0.000000 0.000000 1.000000
 outer loop
  vertex 7.2500 0.4349 2.0000
  vertex 21.0690 1.2883 2.0000
  vertex 21.0278 1.3500 2.0000
 endloop
endfacet
facet normal 0.000000 0.000000 1.000000
 outer loop
  vertex 7.2500 0.4349 2.0000
  vertex 21.0278 1.3500 2.0000
  vertex 20.9294 1.5494 2.0000
 endloop
endfacet
facet normal 0.000000 0.000000 1.000000
 outer loop
  vertex 7.6088 4.5071 2.0000
  vertex 20.9294 1.5494 2.0000
  vertex 20.8579 1.7600 2.0000
 endloop
endfacet
facet normal 0.000000 0.000000 1.000000
 outer loop
  vertex 7.6088 4.5071 2.0000
  vertex 20.8434 1.8328 2.0000
  vertex 20.8327 1.8683 2.0000
 endloop
endfacet
facet normal 0.000000 0.000000 1.000000
 outer loop
  vertex 7.6088 4.5071 2.0000
  vertex 20.8579 1.7600 2.0000
  vertex 20.8434 1.8328 2.0000
 endloop
endfacet
facet normal 0.000000 0.000000 1.000000
 outer loop
  vertex 7.6088 4.5071 2.0000
  vertex 20.8290 1.9053 2.0000
  vertex 20.8145 1.9781 2.0000
 endloop
endfacet
facet normal 0.000000 0.000000 1.000000
 outer loop
  vertex 7.6088 4.5071 2.0000
  vertex 20.8327 1.8683 2.0000
  vertex 20.8290 1.9053 2.0000
 endloop
endfacet
facet normal 0.000000 0.000000 1.000000
 outer loop
  vertex 7.6088 4.5071 2.0000
  vertex 20.8145 1.9781 2.0000
  vertex 20.8000 2.2000 2.0000
 endloop
endfacet
facet normal 0.000000 0.000000 1.000000
 outer loop
  vertex 7.6088 4.5071 2.0000
  vertex 20.8000 2.2000 2.0000
  vertex 20.8145 2.4219 2.0000
 endloop
endfacet
facet normal 0.000000 0.000000 1.000000
 outer loop
  vertex 7.6088 4.5071 2.0000
  vertex 20.8145 2.4219 2.0000
  vertex 20.8290 2.4947 2.0000
 endloop
endfacet
facet normal 0.000000 0.000000 1.000000
 outer loop
  vertex 7.6088 4.5071 2.0000
  vertex 20.8290 2.4947 2.0000
  vertex 20.8327 2.5317 2.0000
 endloop
endfacet
facet normal 0.000000 0.000000 1.000000
 outer loop
  vertex 7.6088 4.5071 2.0000
  vertex 20.8434 2.5672 2.0000
  vertex 20.8579 2.6400 2.0000
 endloop
endfacet
facet normal 0.000000 0.000000 1.000000
 outer loop
  vertex 7.6088 4.5071 2.0000
  vertex 20.8327 2.5317 2.0000
  vertex 20.8434 2.5672 2.0000
 endloop
endfacet
facet normal 0.000000 0.000000 1.000000
 outer loop
  vertex 7.6088 4.5071 2.0000
  vertex 20.8579 2.6400 2.0000
  vertex 20.9294 2.8506 2.0000
 endloop
endfacet
facet normal 0.000000 0.000000 1.000000
 outer loop
  vertex 7.6088 4.5071 2.0000
  vertex 20.9294 2.8506 2.0000
  vertex 21.0278 3.0500 2.0000
 endloop
endfacet
facet normal 0.000000 0.000000 1.000000
 outer loop
  vertex 7.6088 4.5071 2.0000
  vertex 21.0278 3.0500 2.0000
  vertex 21.0690 3.1117 2.0000
 endloop
endfacet
facet normal 0.000000 0.000000 1.000000
 outer loop
  vertex 7.6088 4.5071 2.0000
  vertex 21.0865 3.1445 2.0000
  vertex 21.1101 3.1732 2.0000
 endloop
endfacet
facet normal 0.000000 0.000000 1.000000
 outer loop
  vertex 7.6088 4.5071 2.0000
  vertex 21.0690 3.1117 2.0000
  vertex 21.0865 3.1445 2.0000
 endloop
endfacet
facet normal 0.000000 0.000000 1.000000
 outer loop
  vertex 7.6088 4.5071 2.0000
  vertex 21.1101 3.1732 2.0000
  vertex 21.1513 3.2349 2.0000
 endloop
endfacet
facet normal 0.000000 0.000000 1.000000
 outer loop
  vertex 7.6088 4.5071 2.0000
  vertex 21.1513 3.2349 2.0000
  vertex 21.2979 3.4021 2.0000
 endloop
endfacet
facet normal 0.000000 0.000000 1.000000
 outer loop
  vertex 7.6088 4.5071 2.0000
  vertex 21.2979 3.4021 2.0000
  vertex 21.4651 3.5487 2.0000
 endloop
endfacet
facet normal 0.000000 0.000000 1.000000
 outer loop
  vertex 7.8916 4.5257 2.0000
  vertex 21.4651 3.5487 2.0000
  vertex 21.5268 3.5899 2.0000
 endloop
endfacet
facet normal 0.000000 0.000000 1.000000
 outer loop
  vertex 8.2765 4.6022 2.0000
  vertex 21.5268 3.5899 2.0000
  vertex 21.5555 3.6135 2.0000
 endloop
endfacet
facet normal 0.000000 0.000000 1.000000
 outer loop
  vertex 8.2765 4.6022 2.0000
  vertex 21.5555 3.6135 2.0000
  vertex 21.5883 3.6310 2.0000
 endloop
endfacet
facet normal 0.000000 0.000000 1.000000
 outer loop
  vertex 8.6481 4.7284 2.0000
  vertex 21.5883 3.6310 2.0000
  vertex 21.6500 3.6722 2.0000
 endloop
endfacet
facet normal 0.000000 0.000000 1.000000
 outer loop
  vertex 8.6481 4.7284 2.0000
  vertex 21.6500 3.6722 2.0000
  vertex 21.8494 3.7706 2.0000
 endloop
endfacet
facet normal 0.000000 0.000000 1.000000
 outer loop
  vertex 9.0000 4.9019 2.0000
  vertex 21.8494 3.7706 2.0000
  vertex 22.0600 3.8421 2.0000
 endloop
endfacet
facet normal 0.000000 0.000000 1.000000
 outer loop
  vertex 9.0000 4.9019 2.0000
  vertex 22.0600 3.8421 2.0000
  vertex 22.1328 3.8566 2.0000
 endloop
endfacet
facet normal 0.000000 0.000000 1.000000
 outer loop
  vertex 9.0000 4.9019 2.0000
  vertex 22.1328 3.8566 2.0000
  vertex 22.1683 3.8673 2.0000
 endloop
endfacet
facet normal 0.000000 0.000000 1.000000
 outer loop
  vertex 9.3263 5.1199 2.0000
  vertex 22.1683 3.8673 2.0000
  vertex 22.2053 3.8710 2.0000
 endloop
endfacet
facet normal 0.000000 0.000000 1.000000
 outer loop
  vertex 9.3263 5.1199 2.0000
  vertex 22.2053 3.8710 2.0000
  vertex 22.2781 3.8855 2.0000
 endloop
endfacet
facet normal 0.000000 0.000000 1.000000
 outer loop
  vertex 9.3263 5.1199 2.0000
  vertex 22.2781 3.8855 2.0000
  vertex 22.5000 3.9000 2.0000
 endloop
endfacet
facet normal 0.000000 0.000000 1.000000
 outer loop
  vertex 9.3263 5.1199 2.0000
  vertex 22.5000 3.9000 2.0000
  vertex 22.7219 3.8855 2.0000
 endloop
endfacet
facet normal -0.000000 0.000000 1.000000
 outer loop
  vertex 9.6213 9.6213 2.0000
  vertex 9.8801 9.3263 2.0000
  vertex 12.8787 17.0000 2.0000
 endloop
endfacet
facet normal 0.000000 -0.000000 1.000000
 outer loop
  vertex 10.4743 7.8916 2.0000
  vertex 12.8787 17.0000 2.0000
  vertex 10.3978 8.2765 2.0000
 endloop
endfacet
facet normal 0.000000 -0.000000 1.000000
 outer loop
  vertex 10.3978 8.2765 2.0000
  vertex 12.8787 17.0000 2.0000
  vertex 10.2716 8.6481 2.0000
 endloop
endfacet
facet normal -0.000000 0.000000 1.000000
 outer loop
  vertex 10.0981 9.0000 2.0000
  vertex 10.2716 8.6481 2.0000
  vertex 12.8787 17.0000 2.0000
 endloop
endfacet
facet normal -0.000000 0.000000 1.000000
 outer loop
  vertex 9.8801 9.3263 2.0000
  vertex 10.0981 9.0000 2.0000
  vertex 12.8787 17.0000 2.0000
 endloop
endfacet
facet normal -0.000000 0.000000 1.000000
 outer loop
  vertex 9.3263 9.8801 2.0000
  vertex 9.6213 9.6213 2.0000
  vertex 12.8787 17.0000 2.0000
 endloop
endfacet
facet normal 0.000000 0.000000 1.000000
 outer loop
  vertex 9.3263 9.8801 2.0000
  vertex 12.8787 17.0000 2.0000
  vertex 12.0000 17.8787 2.0000
 endloop
endfacet
facet normal 0.000000 0.000000 1.000000
 outer loop
  vertex 10.4743 7.8916 2.0000
  vertex 20.1213 17.0000 2.0000
  vertex 12.8787 17.0000 2.0000
 endloop
endfacet
facet normal 0.000000 -0.000000 1.000000
 outer loop
  vertex 10.5000 7.5000 2.0000
  vertex 25.0000 21.1213 2.0000
  vertex 10.4743 7.8916 2.0000
 endloop
endfacet
facet normal 0.000000 0.000000 -1.000000
 outer loop
  vertex 1.7574 7.7645 0.0000
  vertex 2.4294 31.3494 0.0000
  vertex 2.5278 31.1500 0.0000
 endloop
endfacet
facet normal 0.000000 0.000000 -1.000000
 outer loop
  vertex 1.7574 7.7645 0.0000
  vertex 2.3579 31.5600 0.0000
  vertex 2.4294 31.3494 0.0000
 endloop
endfacet
facet normal 0.000000 0.000000 -1.000000
 outer loop
  vertex 1.7574 7.7645 0.0000
  vertex 2.3145 31.7781 0.0000
  vertex 2.3579 31.5600 0.0000
 endloop
endfacet
facet normal 0.000000 0.000000 -1.000000
 outer loop
  vertex 1.7574 7.7645 0.0000
  vertex 2.3000 32.0000 0.0000
  vertex 2.3145 31.7781 0.0000
 endloop
endfacet
facet normal 0.000000 0.000000 -1.000000
 outer loop
  vertex 1.7574 7.7645 0.0000
  vertex 2.9651 30.6513 0.0000
  vertex 3.1500 30.5278 0.0000
 endloop
endfacet
facet normal 0.000000 0.000000 -1.000000
 outer loop
  vertex 1.7574 7.7645 0.0000
  vertex 3.1500 30.5278 0.0000
  vertex 3.3494 30.4294 0.0000
 endloop
endfacet
facet normal 0.000000 0.000000 -1.000000
 outer loop
  vertex 1.7574 7.7645 0.0000
  vertex 3.3494 30.4294 0.0000
  vertex 3.5600 30.3579 0.0000
 endloop
endfacet
facet normal 0.000000 0.000000 -1.000000
 outer loop
  vertex 1.7574 7.7645 0.0000
  vertex 3.5600 30.3579 0.0000
  vertex 3.7781 30.3145 0.0000
 endloop
endfacet
facet normal 0.000000 0.000000 -1.000000
 outer loop
  vertex 1.7574 7.7645 0.0000
  vertex 3.7781 30.3145 0.0000
  vertex 4.0000 30.3000 0.0000
 endloop
endfacet
facet normal 0.000000 0.000000 -1.000000
 outer loop
  vertex 1.7574 7.7645 0.0000
  vertex 4.0000 30.3000 0.0000
  vertex 4.2219 30.3145 0.0000
 endloop
endfacet
facet normal 0.000000 0.000000 -1.000000
 outer loop
  vertex 1.7574 7.7645 0.0000
  vertex 2.6513 30.9651 0.0000
  vertex 2.7979 30.7979 0.0000
 endloop
endfacet
facet normal 0.000000 0.000000 -1.000000
 outer loop
  vertex 1.7574 7.7645 0.0000
  vertex 2.7979 30.7979 0.0000
  vertex 2.9651 30.6513 0.0000
 endloop
endfacet
facet normal 0.000000 0.000000 -1.000000
 outer loop
  vertex 1.7574 7.7645 0.0000
  vertex 2.5278 31.1500 0.0000
  vertex 2.6513 30.9651 0.0000
 endloop
endfacet
facet normal 0.000000 0.000000 -1.000000
 outer loop
  vertex 7.6436 8.5906 0.0000
  vertex 5.3487 30.9651 0.0000
  vertex 9.3098 9.8911 0.0000
 endloop
endfacet
facet normal 0.000000 0.000000 -1.000000
 outer loop
  vertex 6.4094 7.3564 0.0000
  vertex 4.2219 30.3145 0.0000
  vertex 4.4400 30.3579 0.0000
 endloop
endfacet
facet normal 0.000000 0.000000 -1.000000
 outer loop
  vertex 6.4094 7.3564 0.0000
  vertex 4.4400 30.3579 0.0000
  vertex 4.6506 30.4294 0.0000
 endloop
endfacet
facet normal 0.000000 0.000000 -1.000000
 outer loop
  vertex 6.6273 8.1696 0.0000
  vertex 4.6506 30.4294 0.0000
  vertex 4.8500 30.5278 0.0000
 endloop
endfacet
facet normal 0.000000 0.000000 -1.000000
 outer loop
  vertex 6.9500 8.4526 0.0000
  vertex 4.8500 30.5278 0.0000
  vertex 5.0349 30.6513 0.0000
 endloop
endfacet
facet normal 0.000000 0.000000 -1.000000
 outer loop
  vertex 7.3564 8.5906 0.0000
  vertex 5.0349 30.6513 0.0000
  vertex 5.2021 30.7979 0.0000
 endloop
endfacet
facet normal 0.000000 0.000000 -1.000000
 outer loop
  vertex 7.6436 8.5906 0.0000
  vertex 5.2021 30.7979 0.0000
  vertex 5.3487 30.9651 0.0000
 endloop
endfacet
facet normal -1.000000 0.000000 0.000000
 outer loop
  vertex 0.0000 1.7574 0.0000
  vertex 0.0000 1.7574 2.0000
  vertex 0.0000 62.2426 2.0000
 endloop
endfacet
facet normal 0.000000 0.000000 -1.000000
 outer loop
  vertex 9.3098 9.8911 0.0000
  vertex 5.3487 30.9651 0.0000
  vertex 5.4722 31.1500 0.0000
 endloop
endfacet
facet normal 0.000000 0.000000 -1.000000
 outer loop
  vertex 9.3098 9.8911 0.0000
  vertex 5.4722 31.1500 0.0000
  vertex 5.5706 31.3494 0.0000
 endloop
endfacet
facet normal 0.000000 0.000000 -1.000000
 outer loop
  vertex 9.3098 9.8911 0.0000
  vertex 5.5706 31.3494 0.0000
  vertex 5.6421 31.5600 0.0000
 endloop
endfacet
facet normal 0.000000 0.000000 -1.000000
 outer loop
  vertex 9.3098 9.8911 0.0000
  vertex 5.6421 31.5600 0.0000
  vertex 5.6855 31.7781 0.0000
 endloop
endfacet
facet normal 0.000000 0.000000 -1.000000
 outer loop
  vertex 9.3098 9.8911 0.0000
  vertex 5.6855 31.7781 0.0000
  vertex 5.7000 32.0000 0.0000
 endloop
endfacet
facet normal 0.000000 0.000000 -1.000000
 outer loop
  vertex 9.3098 9.8911 0.0000
  vertex 5.7000 32.0000 0.0000
  vertex 5.6855 32.2219 0.0000
 endloop
endfacet
facet normal 0.000000 0.000000 -1.000000
 outer loop
  vertex 9.3098 9.8911 0.0000
  vertex 12.0000 21.1213 0.0000
  vertex 12.0000 17.8787 0.0000
 endloop
endfacet
facet normal 0.000000 0.000000 -1.000000
 outer loop
  vertex 9.3098 9.8911 0.0000
  vertex 12.0000 28.8787 0.0000
  vertex 12.0000 21.1213 0.0000
 endloop
endfacet
facet normal 0.000000 0.000000 -1.000000
 outer loop
  vertex 9.3098 9.8911 0.0000
  vertex 12.0000 32.1213 0.0000
  vertex 12.0000 28.8787 0.0000
 endloop
endfacet
facet normal 0.000000 0.000000 -1.000000
 outer loop
  vertex 12.0000 21.1213 0.0000
  vertex 12.8787 28.0000 0.0000
  vertex 12.8787 22.0000 0.0000
 endloop
endfacet
facet normal 0.000000 0.000000 -1.000000
 outer loop
  vertex 9.3098 9.8911 0.0000
  vertex 12.0000 39.8787 0.0000
  vertex 12.0000 32.1213 0.0000
 endloop
endfacet
facet normal 0.000000 0.000000 -1.000000
 outer loop
  vertex 12.0000 21.1213 0.0000
  vertex 12.0000 28.8787 0.0000
  vertex 12.8787 28.0000 0.0000
 endloop
endfacet
facet normal 0.000000 0.000000 -1.000000
 outer loop
  vertex 12.8787 22.0000 0.0000
  vertex 12.8787 28.0000 0.0000
  vertex 20.1213 28.0000 0.0000
 endloop
endfacet
facet normal 0.000000 0.000000 -1.000000
 outer loop
  vertex 12.8787 22.0000 0.0000
  vertex 20.1213 28.0000 0.0000
  vertex 20.1213 22.0000 0.0000
 endloop
endfacet
facet normal 0.000000 0.000000 1.000000
 outer loop
  vertex 2.0000 0.0000 2.0000
  vertex 2.4294 31.3494 2.0000
  vertex 2.3579 31.5600 2.0000
 endloop
endfacet
facet normal 0.000000 0.000000 1.000000
 outer loop
  vertex 2.0000 0.0000 2.0000
  vertex 2.3579 31.5600 2.0000
  vertex 2.3434 31.6328 2.0000
 endloop
endfacet
facet normal 0.000000 0.000000 1.000000
 outer loop
  vertex 2.0000 0.0000 2.0000
  vertex 2.3434 31.6328 2.0000
  vertex 2.3327 31.6683 2.0000
 endloop
endfacet
facet normal 0.000000 0.000000 1.000000
 outer loop
  vertex 2.0000 0.0000 2.0000
  vertex 2.3327 31.6683 2.0000
  vertex 2.3290 31.7053 2.0000
 endloop
endfacet
facet normal 0.000000 0.000000 1.000000
 outer loop
  vertex 2.0000 0.0000 2.0000
  vertex 2.3290 31.7053 2.0000
  vertex 2.3145 31.7781 2.0000
 endloop
endfacet
facet normal 0.000000 0.000000 1.000000
 outer loop
  vertex 2.0000 0.0000 2.0000
  vertex 2.3145 31.7781 2.0000
  vertex 2.3000 32.0000 2.0000
 endloop
endfacet
facet normal 0.000000 0.000000 1.000000
 outer loop
  vertex 2.0000 0.0000 2.0000
  vertex 2.5278 31.1500 2.0000
  vertex 2.4294 31.3494 2.0000
 endloop
endfacet
facet normal 0.000000 0.000000 1.000000
 outer loop
  vertex 4.5000 7.5000 2.0000
  vertex 2.9651 30.6513 2.0000
  vertex 2.7979 30.7979 2.0000
 endloop
endfacet
facet normal 0.000000 0.000000 1.000000
 outer loop
  vertex 4.5000 7.5000 2.0000
  vertex 2.5690 31.0883 2.0000
  vertex 2.5278 31.1500 2.0000
 endloop
endfacet
facet normal 0.000000 0.000000 1.000000
 outer loop
  vertex 4.5000 7.5000 2.0000
  vertex 2.6513 30.9651 2.0000
  vertex 2.6101 31.0268 2.0000
 endloop
endfacet
facet normal 0.000000 0.000000 1.000000
 outer loop
  vertex 4.5000 7.5000 2.0000
  vertex 2.6101 31.0268 2.0000
  vertex 2.5865 31.0555 2.0000
 endloop
endfacet
facet normal 0.000000 0.000000 1.000000
 outer loop
  vertex 4.5000 7.5000 2.0000
  vertex 2.5865 31.0555 2.0000
  vertex 2.5690 31.0883 2.0000
 endloop
endfacet
facet normal 0.000000 0.000000 1.000000
 outer loop
  vertex 4.5000 7.5000 2.0000
  vertex 2.7979 30.7979 2.0000
  vertex 2.6513 30.9651 2.0000
 endloop
endfacet
facet normal 0.000000 0.000000 1.000000
 outer loop
  vertex 4.5000 7.5000 2.0000
  vertex 3.0883 30.5690 2.0000
  vertex 3.0555 30.5865 2.0000
 endloop
endfacet
facet normal 0.000000 0.000000 1.000000
 outer loop
  vertex 4.5000 7.5000 2.0000
  vertex 3.0555 30.5865 2.0000
  vertex 3.0268 30.6101 2.0000
 endloop
endfacet
facet normal 0.000000 0.000000 1.000000
 outer loop
  vertex 4.5000 7.5000 2.0000
  vertex 3.0268 30.6101 2.0000
  vertex 2.9651 30.6513 2.0000
 endloop
endfacet
facet normal 0.000000 0.000000 1.000000
 outer loop
  vertex 4.5000 7.5000 2.0000
  vertex 3.1500 30.5278 2.0000
  vertex 3.0883 30.5690 2.0000
 endloop
endfacet
facet normal 0.000000 0.000000 1.000000
 outer loop
  vertex 4.5000 7.5000 2.0000
  vertex 3.3494 30.4294 2.0000
  vertex 3.1500 30.5278 2.0000
 endloop
endfacet
facet normal 0.000000 0.000000 1.000000
 outer loop
  vertex 4.7284 8.6481 2.0000
  vertex 3.6328 30.3434 2.0000
  vertex 3.5600 30.3579 2.0000
 endloop
endfacet
facet normal 0.000000 0.000000 1.000000
 outer loop
  vertex 4.7284 8.6481 2.0000
  vertex 3.5600 30.3579 2.0000
  vertex 3.3494 30.4294 2.0000
 endloop
endfacet
facet normal 0.000000 0.000000 1.000000
 outer loop
  vertex 4.9019 9.0000 2.0000
  vertex 3.6683 30.3327 2.0000
  vertex 3.6328 30.3434 2.0000
 endloop
endfacet
facet normal 0.000000 0.000000 1.000000
 outer loop
  vertex 4.9019 9.0000 2.0000
  vertex 3.7053 30.3290 2.0000
  vertex 3.6683 30.3327 2.0000
 endloop
endfacet
facet normal 0.000000 0.000000 1.000000
 outer loop
  vertex 5.1199 9.3263 2.0000
  vertex 3.7781 30.3145 2.0000
  vertex 3.7053 30.3290 2.0000
 endloop
endfacet
facet normal 0.000000 0.000000 1.000000
 outer loop
  vertex 5.3787 9.6213 2.0000
  vertex 4.0000 30.3000 2.0000
  vertex 3.7781 30.3145 2.0000
 endloop
endfacet
facet normal 0.000000 -0.000000 1.000000
 outer loop
  vertex 4.9019 9.0000 2.0000
  vertex 5.1199 9.3263 2.0000
  vertex 3.7053 30.3290 2.0000
 endloop
endfacet
facet normal 0.000000 -0.000000 1.000000
 outer loop
  vertex 5.1199 9.3263 2.0000
  vertex 5.3787 9.6213 2.0000
  vertex 3.7781 30.3145 2.0000
 endloop
endfacet
facet normal 0.000000 -0.000000 1.000000
 outer loop
  vertex 5.3787 9.6213 2.0000
  vertex 5.6737 9.8801 2.0000
  vertex 4.0000 30.3000 2.0000
 endloop
endfacet
facet normal 0.000000 -0.000000 1.000000
 outer loop
  vertex 5.6737 9.8801 2.0000
  vertex 6.0000 10.0981 2.0000
  vertex 4.2219 30.3145 2.0000
 endloop
endfacet
facet normal 0.000000 -0.000000 1.000000
 outer loop
  vertex 6.0000 10.0981 2.0000
  vertex 6.3519 10.2716 2.0000
  vertex 4.4400 30.3579 2.0000
 endloop
endfacet
facet normal 0.000000 -0.000000 1.000000
 outer loop
  vertex 6.3519 10.2716 2.0000
  vertex 6.7235 10.3978 2.0000
  vertex 4.6506 30.4294 2.0000
 endloop
endfacet
facet normal 0.000000 -0.000000 1.000000
 outer loop
  vertex 6.7235 10.3978 2.0000
  vertex 7.1084 10.4743 2.0000
  vertex 4.9117 30.5690 2.0000
 endloop
endfacet
facet normal 0.000000 -0.000000 1.000000
 outer loop
  vertex 7.1084 10.4743 2.0000
  vertex 7.5000 10.5000 2.0000
  vertex 5.0349 30.6513 2.0000
 endloop
endfacet
facet normal 0.000000 0.000000 1.000000
 outer loop
  vertex 7.8916 10.4743 2.0000
  vertex 5.4135 31.0555 2.0000
  vertex 7.5000 10.5000 2.0000
 endloop
endfacet
facet normal -0.000000 -0.000000 1.000000
 outer loop
  vertex 7.8916 10.4743 2.0000
  vertex 8.2765 10.3978 2.0000
  vertex 5.4722 31.1500 2.0000
 endloop
endfacet
facet normal 0.000000 0.000000 1.000000
 outer loop
  vertex 5.6737 9.8801 2.0000
  vertex 4.2219 30.3145 2.0000
  vertex 4.0000 30.3000 2.0000
 endloop
endfacet
facet normal 0.000000 0.000000 1.000000
 outer loop
  vertex 6.0000 10.0981 2.0000
  vertex 4.2947 30.3290 2.0000
  vertex 4.2219 30.3145 2.0000
 endloop
endfacet
facet normal 0.000000 0.000000 1.000000
 outer loop
  vertex 6.0000 10.0981 2.0000
  vertex 4.3672 30.3434 2.0000
  vertex 4.3317 30.3327 2.0000
 endloop
endfacet
facet normal 0.000000 0.000000 1.000000
 outer loop
  vertex 6.0000 10.0981 2.0000
  vertex 4.3317 30.3327 2.0000
  vertex 4.2947 30.3290 2.0000
 endloop
endfacet
facet normal 0.000000 0.000000 1.000000
 outer loop
  vertex 6.0000 10.0981 2.0000
  vertex 4.4400 30.3579 2.0000
  vertex 4.3672 30.3434 2.0000
 endloop
endfacet
facet normal 0.000000 0.000000 1.000000
 outer loop
  vertex 6.3519 10.2716 2.0000
  vertex 4.6506 30.4294 2.0000
  vertex 4.4400 30.3579 2.0000
 endloop
endfacet
facet normal 0.000000 0.000000 1.000000
 outer loop
  vertex 6.7235 10.3978 2.0000
  vertex 4.8500 30.5278 2.0000
  vertex 4.6506 30.4294 2.0000
 endloop
endfacet
facet normal 0.000000 0.000000 1.000000
 outer loop
  vertex 6.7235 10.3978 2.0000
  vertex 4.9117 30.5690 2.0000
  vertex 4.8500 30.5278 2.0000
 endloop
endfacet
facet normal 0.000000 0.000000 1.000000
 outer loop
  vertex 7.1084 10.4743 2.0000
  vertex 4.9732 30.6101 2.0000
  vertex 4.9445 30.5865 2.0000
 endloop
endfacet
facet normal 0.000000 0.000000 1.000000
 outer loop
  vertex 7.1084 10.4743 2.0000
  vertex 4.9445 30.5865 2.0000
  vertex 4.9117 30.5690 2.0000
 endloop
endfacet
facet normal 0.000000 0.000000 1.000000
 outer loop
  vertex 7.1084 10.4743 2.0000
  vertex 5.0349 30.6513 2.0000
  vertex 4.9732 30.6101 2.0000
 endloop
endfacet
facet normal 0.000000 0.000000 1.000000
 outer loop
  vertex 7.5000 10.5000 2.0000
  vertex 5.2021 30.7979 2.0000
  vertex 5.0349 30.6513 2.0000
 endloop
endfacet
facet normal 0.000000 0.000000 1.000000
 outer loop
  vertex 2.0000 0.0000 2.0000
  vertex 2.3000 32.0000 2.0000
  vertex 2.0000 63.2937 2.0000
 endloop
endfacet
facet normal 0.000000 0.000000 1.000000
 outer loop
  vertex 7.5000 10.5000 2.0000
  vertex 5.3487 30.9651 2.0000
  vertex 5.2021 30.7979 2.0000
 endloop
endfacet
facet normal 0.000000 0.000000 1.000000
 outer loop
  vertex 7.5000 10.5000 2.0000
  vertex 5.3899 31.0268 2.0000
  vertex 5.3487 30.9651 2.0000
 endloop
endfacet
facet normal 0.000000 0.000000 1.000000
 outer loop
  vertex 7.5000 10.5000 2.0000
  vertex 5.4135 31.0555 2.0000
  vertex 5.3899 31.0268 2.0000
 endloop
endfacet
facet normal 0.000000 0.000000 1.000000
 outer loop
  vertex 7.8916 10.4743 2.0000
  vertex 5.4722 31.1500 2.0000
  vertex 5.4310 31.0883 2.0000
 endloop
endfacet
facet normal 0.000000 0.000000 1.000000
 outer loop
  vertex 7.8916 10.4743 2.0000
  vertex 5.4310 31.0883 2.0000
  vertex 5.4135 31.0555 2.0000
 endloop
endfacet
facet normal 0.000000 0.000000 1.000000
 outer loop
  vertex 8.2765 10.3978 2.0000
  vertex 5.5706 31.3494 2.0000
  vertex 5.4722 31.1500 2.0000
 endloop
endfacet
facet normal 0.000000 0.000000 1.000000
 outer loop
  vertex 8.2765 10.3978 2.0000
  vertex 5.6421 31.5600 2.0000
  vertex 5.5706 31.3494 2.0000
 endloop
endfacet
facet normal 0.000000 0.000000 1.000000
 outer loop
  vertex 8.2765 10.3978 2.0000
  vertex 5.6566 31.6328 2.0000
  vertex 5.6421 31.5600 2.0000
 endloop
endfacet
facet normal 0.000000 0.000000 1.000000
 outer loop
  vertex 8.2765 10.3978 2.0000
  vertex 5.6673 31.6683 2.0000
  vertex 5.6566 31.6328 2.0000
 endloop
endfacet
facet normal 0.000000 0.000000 1.000000
 outer loop
  vertex 8.2765 10.3978 2.0000
  vertex 5.6710 31.7053 2.0000
  vertex 5.6673 31.6683 2.0000
 endloop
endfacet
facet normal 0.000000 0.000000 1.000000
 outer loop
  vertex 8.2765 10.3978 2.0000
  vertex 5.6855 31.7781 2.0000
  vertex 5.6710 31.7053 2.0000
 endloop
endfacet
facet normal 0.000000 0.000000 1.000000
 outer loop
  vertex 8.2765 10.3978 2.0000
  vertex 5.7000 32.0000 2.0000
  vertex 5.6855 31.7781 2.0000
 endloop
endfacet
facet normal 0.000000 0.000000 1.000000
 outer loop
  vertex 8.2765 10.3978 2.0000
  vertex 5.6855 32.2219 2.0000
  vertex 5.7000 32.0000 2.0000
 endloop
endfacet
facet normal -0.000000 -0.000000 1.000000
 outer loop
  vertex 8.2765 10.3978 2.0000
  vertex 8.6481 10.2716 2.0000
  vertex 2.0000 63.2937 2.0000
 endloop
endfacet
facet normal -0.000000 -0.000000 1.000000
 outer loop
  vertex 8.6481 10.2716 2.0000
  vertex 9.0000 10.0981 2.0000
  vertex 2.0000 63.2937 2.0000
 endloop
endfacet
facet normal -0.000000 -0.000000 1.000000
 outer loop
  vertex 9.0000 10.0981 2.0000
  vertex 9.3263 9.8801 2.0000
  vertex 2.0000 63.2937 2.0000
 endloop
endfacet
facet normal 0.000000 0.000000 1.000000
 outer loop
  vertex 9.3263 9.8801 2.0000
  vertex 12.0000 17.8787 2.0000
  vertex 12.0000 21.1213 2.0000
 endloop
endfacet
facet normal 0.000000 0.000000 1.000000
 outer loop
  vertex 9.3263 9.8801 2.0000
  vertex 12.0000 21.1213 2.0000
  vertex 12.0000 28.8787 2.0000
 endloop
endfacet
facet normal 0.000000 0.000000 1.000000
 outer loop
  vertex 9.3263 9.8801 2.0000
  vertex 12.0000 28.8787 2.0000
  vertex 12.0000 32.1213 2.0000
 endloop
endfacet
facet normal 0.000000 0.000000 1.000000
 outer loop
  vertex 9.3263 9.8801 2.0000
  vertex 12.0000 32.1213 2.0000
  vertex 12.0000 39.8787 2.0000
 endloop
endfacet
facet normal 0.000000 0.000000 1.000000
 outer loop
  vertex 12.0000 21.1213 2.0000
  vertex 12.8787 22.0000 2.0000
  vertex 12.0000 28.8787 2.0000
 endloop
endfacet
facet normal 0.000000 -0.000000 1.000000
 outer loop
  vertex 12.8787 22.0000 2.0000
  vertex 12.8787 28.0000 2.0000
  vertex 12.0000 28.8787 2.0000
 endloop
endfacet
facet normal 0.000000 0.000000 1.000000
 outer loop
  vertex 9.3263 9.8801 2.0000
  vertex 12.0000 39.8787 2.0000
  vertex 12.0000 43.1213 2.0000
 endloop
endfacet
facet normal 0.000000 0.000000 1.000000
 outer loop
  vertex 12.8787 22.0000 2.0000
  vertex 20.1213 22.0000 2.0000
  vertex 12.8787 28.0000 2.0000
 endloop
endfacet
facet normal -0.000000 0.000000 1.000000
 outer loop
  vertex 12.8787 28.0000 2.0000
  vertex 20.1213 22.0000 2.0000
  vertex 20.1213 28.0000 2.0000
 endloop
endfacet
facet normal 0.000000 0.000000 -1.000000
 outer loop
  vertex 10.4552 7.5990 0.0000
  vertex 22.2781 3.8855 0.0000
  vertex 22.0600 3.8421 0.0000
 endloop
endfacet
facet normal 0.000000 0.000000 -1.000000
 outer loop
  vertex 10.4552 7.5990 0.0000
  vertex 22.5000 3.9000 0.0000
  vertex 22.2781 3.8855 0.0000
 endloop
endfacet
facet normal 0.000000 0.000000 -1.000000
 outer loop
  vertex 1.7574 0.0000 0.0000
  vertex 1.9936 0.2064 0.0000
  vertex 71.2426 0.0000 0.0000
 endloop
endfacet
facet normal 0.000000 0.000000 -1.000000
 outer loop
  vertex 1.9936 0.2064 0.0000
  vertex 22.5000 0.5000 0.0000
  vertex 50.2781 0.5145 0.0000
 endloop
endfacet
facet normal 0.000000 -1.000000 0.000000
 outer loop
  vertex 1.7574 0.0000 0.0000
  vertex 47.9283 0.0000 0.4000
  vertex 25.0717 0.0000 0.4000
 endloop
endfacet
facet normal 0.000000 0.000000 -1.000000
 outer loop
  vertex 10.4552 7.5990 0.0000
  vertex 10.4513 8.0076 0.0000
  vertex 49.0278 3.0500 0.0000
 endloop
endfacet
facet normal 0.000000 0.000000 -1.000000
 outer loop
  vertex 10.4552 7.5990 0.0000
  vertex 48.8579 2.6400 0.0000
  vertex 22.5000 3.9000 0.0000
 endloop
endfacet
facet normal 0.000000 -1.000000 0.000000
 outer loop
  vertex 2.0000 0.0000 2.0000
  vertex 22.5000 0.0000 1.5294
  vertex 50.0624 0.0000 1.4888
 endloop
endfacet
facet normal 0.000000 0.000000 -1.000000
 outer loop
  vertex 10.4513 8.0076 0.0000
  vertex 25.0000 17.8787 0.0000
  vertex 25.8787 17.0000 0.0000
 endloop
endfacet
facet normal 0.000000 0.000000 -1.000000
 outer loop
  vertex 10.4513 8.0076 0.0000
  vertex 25.0000 21.1213 0.0000
  vertex 25.0000 17.8787 0.0000
 endloop
endfacet
facet normal 0.000000 0.000000 -1.000000
 outer loop
  vertex 10.4513 8.0076 0.0000
  vertex 25.8787 17.0000 0.0000
  vertex 33.1213 17.0000 0.0000
 endloop
endfacet
facet normal 0.000000 0.000000 -1.000000
 outer loop
  vertex 22.5000 0.5000 0.0000
  vertex 22.7219 0.5145 0.0000
  vertex 50.2781 0.5145 0.0000
 endloop
endfacet
facet normal 0.000000 0.000000 -1.000000
 outer loop
  vertex 22.5000 3.9000 0.0000
  vertex 48.8579 2.6400 0.0000
  vertex 22.7219 3.8855 0.0000
 endloop
endfacet
facet normal 0.000000 0.000000 -1.000000
 outer loop
  vertex 22.7219 3.8855 0.0000
  vertex 48.8579 2.6400 0.0000
  vertex 22.9400 3.8421 0.0000
 endloop
endfacet
facet normal 0.000000 0.000000 -1.000000
 outer loop
  vertex 22.9400 3.8421 0.0000
  vertex 48.8579 2.6400 0.0000
  vertex 23.1506 3.7706 0.0000
 endloop
endfacet
facet normal 0.000000 0.000000 -1.000000
 outer loop
  vertex 23.3500 3.6722 0.0000
  vertex 23.1506 3.7706 0.0000
  vertex 48.8579 2.6400 0.0000
 endloop
endfacet
facet normal 0.000000 0.000000 -1.000000
 outer loop
  vertex 23.3500 3.6722 0.0000
  vertex 48.8579 2.6400 0.0000
  vertex 23.5349 3.5487 0.0000
 endloop
endfacet
facet normal 0.000000 0.000000 -1.000000
 outer loop
  vertex 22.7219 0.5145 0.0000
  vertex 22.9400 0.5579 0.0000
  vertex 50.2781 0.5145 0.0000
 endloop
endfacet
facet normal 0.000000 0.000000 -1.000000
 outer loop
  vertex 22.9400 0.5579 0.0000
  vertex 23.1506 0.6294 0.0000
  vertex 50.0600 0.5579 0.0000
 endloop
endfacet
facet normal 0.000000 0.000000 -1.000000
 outer loop
  vertex 23.1506 0.6294 0.0000
  vertex 23.3500 0.7278 0.0000
  vertex 49.8494 0.6294 0.0000
 endloop
endfacet
facet normal 0.000000 0.000000 -1.000000
 outer loop
  vertex 23.3500 0.7278 0.0000
  vertex 23.5349 0.8513 0.0000
  vertex 49.6500 0.7278 0.0000
 endloop
endfacet
facet normal 0.000000 0.000000 -1.000000
 outer loop
  vertex 23.5349 0.8513 0.0000
  vertex 23.7021 0.9979 0.0000
  vertex 49.4651 0.8513 0.0000
 endloop
endfacet
facet normal 0.000000 0.000000 -1.000000
 outer loop
  vertex 23.7021 0.9979 0.0000
  vertex 23.8487 1.1651 0.0000
  vertex 49.2979 0.9979 0.0000
 endloop
endfacet
facet normal 0.000000 0.000000 -1.000000
 outer loop
  vertex 23.8487 1.1651 0.0000
  vertex 23.9722 1.3500 0.0000
  vertex 49.1513 1.1651 0.0000
 endloop
endfacet
facet normal 0.000000 0.000000 -1.000000
 outer loop
  vertex 23.9722 1.3500 0.0000
  vertex 24.0706 1.5494 0.0000
  vertex 49.0278 1.3500 0.0000
 endloop
endfacet
facet normal 0.000000 0.000000 -1.000000
 outer loop
  vertex 24.0706 1.5494 0.0000
  vertex 24.1421 1.7600 0.0000
  vertex 48.9294 1.5494 0.0000
 endloop
endfacet
facet normal 0.000000 0.000000 -1.000000
 outer loop
  vertex 24.1421 1.7600 0.0000
  vertex 24.1855 1.9781 0.0000
  vertex 48.9294 1.5494 0.0000
 endloop
endfacet
facet normal 0.000000 0.000000 -1.000000
 outer loop
  vertex 24.1855 1.9781 0.0000
  vertex 24.2000 2.2000 0.0000
  vertex 48.9294 1.5494 0.0000
 endloop
endfacet
facet normal 0.000000 0.000000 -1.000000
 outer loop
  vertex 24.2000 2.2000 0.0000
  vertex 24.1855 2.4219 0.0000
  vertex 48.9294 1.5494 0.0000
 endloop
endfacet
facet normal 0.000000 0.000000 -1.000000
 outer loop
  vertex 24.1855 2.4219 0.0000
  vertex 24.1421 2.6400 0.0000
  vertex 48.9294 1.5494 0.0000
 endloop
endfacet
facet normal 0.000000 0.000000 -1.000000
 outer loop
  vertex 24.0706 2.8506 0.0000
  vertex 23.9722 3.0500 0.0000
  vertex 48.9294 1.5494 0.0000
 endloop
endfacet
facet normal 0.000000 0.000000 -1.000000
 outer loop
  vertex 24.1421 2.6400 0.0000
  vertex 24.0706 2.8506 0.0000
  vertex 48.9294 1.5494 0.0000
 endloop
endfacet
facet normal 0.000000 0.000000 -1.000000
 outer loop
  vertex 23.8487 3.2349 0.0000
  vertex 23.7021 3.4021 0.0000
  vertex 48.9294 1.5494 0.0000
 endloop
endfacet
facet normal 0.000000 0.000000 -1.000000
 outer loop
  vertex 23.8487 3.2349 0.0000
  vertex 48.9294 1.5494 0.0000
  vertex 23.9722 3.0500 0.0000
 endloop
endfacet
facet normal 0.000000 0.000000 -1.000000
 outer loop
  vertex 23.7021 3.4021 0.0000
  vertex 23.5349 3.5487 0.0000
  vertex 48.8579 2.6400 0.0000
 endloop
endfacet
facet normal 0.000000 0.000000 -1.000000
 outer loop
  vertex 1.9936 0.2064 0.0000
  vertex 50.2781 0.5145 0.0000
  vertex 50.5000 0.5000 0.0000
 endloop
endfacet
facet normal 0.000000 -1.000000 0.000000
 outer loop
  vertex 1.7574 0.0000 0.0000
  vertex 53.0717 0.0000 0.4000
  vertex 47.9283 0.0000 0.4000
 endloop
endfacet
facet normal 0.000000 -1.000000 0.000000
 outer loop
  vertex 25.0717 0.0000 0.4000
  vertex 48.3000 0.0000 0.6717
  vertex 24.7000 0.0000 0.6717
 endloop
endfacet
facet normal 0.000000 -1.000000 0.000000
 outer loop
  vertex 24.7000 0.0000 0.6717
  vertex 48.3000 0.0000 0.6717
  vertex 23.9700 0.0000 1.1097
 endloop
endfacet
facet normal 0.000000 0.000000 -1.000000
 outer loop
  vertex 10.4552 7.5990 0.0000
  vertex 48.9294 2.8506 0.0000
  vertex 48.8579 2.6400 0.0000
 endloop
endfacet
facet normal 0.000000 0.000000 -1.000000
 outer loop
  vertex 10.4552 7.5990 0.0000
  vertex 49.0278 3.0500 0.0000
  vertex 48.9294 2.8506 0.0000
 endloop
endfacet
facet normal 0.000000 0.000000 -1.000000
 outer loop
  vertex 10.4513 8.0076 0.0000
  vertex 49.1513 3.2349 0.0000
  vertex 49.0278 3.0500 0.0000
 endloop
endfacet
facet normal 0.000000 0.000000 -1.000000
 outer loop
  vertex 10.4513 8.0076 0.0000
  vertex 49.2979 3.4021 0.0000
  vertex 49.1513 3.2349 0.0000
 endloop
endfacet
facet normal 0.000000 0.000000 -1.000000
 outer loop
  vertex 10.4513 8.0076 0.0000
  vertex 49.4651 3.5487 0.0000
  vertex 49.2979 3.4021 0.0000
 endloop
endfacet
facet normal 0.000000 -1.000000 0.000000
 outer loop
  vertex 23.9700 0.0000 1.1097
  vertex 48.3000 0.0000 0.6717
  vertex 23.4113 0.0000 1.3588
 endloop
endfacet
facet normal 0.000000 -1.000000 0.000000
 outer loop
  vertex 22.5000 0.0000 1.5294
  vertex 22.9376 0.0000 1.4888
  vertex 50.0624 0.0000 1.4888
 endloop
endfacet
facet normal 0.000000 -1.000000 0.000000
 outer loop
  vertex 23.4113 0.0000 1.3588
  vertex 50.0624 0.0000 1.4888
  vertex 22.9376 0.0000 1.4888
 endloop
endfacet
facet normal 0.000000 -1.000000 0.000000
 outer loop
  vertex 2.0000 0.0000 2.0000
  vertex 50.0624 0.0000 1.4888
  vertex 50.5000 0.0000 1.5294
 endloop
endfacet
facet normal 0.000000 0.000000 -1.000000
 outer loop
  vertex 10.4513 8.0076 0.0000
  vertex 33.1213 17.0000 0.0000
  vertex 64.4094 7.6436 0.0000
 endloop
endfacet
facet normal -0.000000 -0.000000 1.000000
 outer loop
  vertex 22.7947 3.8710 2.0000
  vertex 22.8317 3.8673 2.0000
  vertex 22.7219 3.8855 2.0000
 endloop
endfacet
facet normal -0.000000 0.000000 1.000000
 outer loop
  vertex 9.3263 5.1199 2.0000
  vertex 48.8327 1.8683 2.0000
  vertex 9.6213 5.3787 2.0000
 endloop
endfacet
facet normal -0.000000 0.000000 1.000000
 outer loop
  vertex 9.6213 5.3787 2.0000
  vertex 48.8145 1.9781 2.0000
  vertex 9.8801 5.6737 2.0000
 endloop
endfacet
facet normal 0.000000 0.000000 1.000000
 outer loop
  vertex 9.3263 5.1199 2.0000
  vertex 22.7219 3.8855 2.0000
  vertex 48.8327 1.8683 2.0000
 endloop
endfacet
facet normal -0.000000 0.000000 1.000000
 outer loop
  vertex 9.8801 5.6737 2.0000
  vertex 48.8000 2.2000 2.0000
  vertex 10.0981 6.0000 2.0000
 endloop
endfacet
facet normal -0.000000 0.000000 1.000000
 outer loop
  vertex 10.0981 6.0000 2.0000
  vertex 48.8000 2.2000 2.0000
  vertex 10.2716 6.3519 2.0000
 endloop
endfacet
facet normal -0.000000 0.000000 1.000000
 outer loop
  vertex 10.2716 6.3519 2.0000
  vertex 48.8145 2.4219 2.0000
  vertex 10.3978 6.7235 2.0000
 endloop
endfacet
facet normal -0.000000 0.000000 1.000000
 outer loop
  vertex 10.3978 6.7235 2.0000
  vertex 48.8290 2.4947 2.0000
  vertex 10.4743 7.1084 2.0000
 endloop
endfacet
facet normal -0.000000 0.000000 1.000000
 outer loop
  vertex 10.4743 7.1084 2.0000
  vertex 48.8579 2.6400 2.0000
  vertex 10.5000 7.5000 2.0000
 endloop
endfacet
facet normal 0.000000 0.000000 1.000000
 outer loop
  vertex 10.5000 7.5000 2.0000
  vertex 25.8787 17.0000 2.0000
  vertex 25.0000 17.8787 2.0000
 endloop
endfacet
facet normal 0.000000 0.000000 1.000000
 outer loop
  vertex 10.5000 7.5000 2.0000
  vertex 25.0000 17.8787 2.0000
  vertex 25.0000 21.1213 2.0000
 endloop
endfacet
facet normal 0.000000 0.000000 1.000000
 outer loop
  vertex 10.5000 7.5000 2.0000
  vertex 33.1213 17.0000 2.0000
  vertex 25.8787 17.0000 2.0000
 endloop
endfacet
facet normal 0.000000 0.000000 1.000000
 outer loop
  vertex 2.0000 0.0000 2.0000
  vertex 71.0000 0.0000 2.0000
  vertex 22.5000 0.5000 2.0000
 endloop
endfacet
facet normal 0.000000 0.000000 1.000000
 outer loop
  vertex 22.7947 0.5290 2.0000
  vertex 50.1683 0.5327 2.0000
  vertex 22.8317 0.5327 2.0000
 endloop
endfacet
facet normal 0.000000 0.000000 1.000000
 outer loop
  vertex 22.7219 0.5145 2.0000
  vertex 50.1683 0.5327 2.0000
  vertex 22.7947 0.5290 2.0000
 endloop
endfacet
facet normal 0.000000 0.000000 1.000000
 outer loop
  vertex 23.4445 3.6135 2.0000
  vertex 23.4732 3.5899 2.0000
  vertex 48.8579 1.7600 2.0000
 endloop
endfacet
facet normal 0.000000 0.000000 1.000000
 outer loop
  vertex 22.7219 3.8855 2.0000
  vertex 22.8317 3.8673 2.0000
  vertex 48.8327 1.8683 2.0000
 endloop
endfacet
facet normal 0.000000 0.000000 1.000000
 outer loop
  vertex 22.8672 3.8566 2.0000
  vertex 22.9400 3.8421 2.0000
  vertex 48.8327 1.8683 2.0000
 endloop
endfacet
facet normal 0.000000 0.000000 1.000000
 outer loop
  vertex 22.8317 3.8673 2.0000
  vertex 22.8672 3.8566 2.0000
  vertex 48.8327 1.8683 2.0000
 endloop
endfacet
facet normal 0.000000 0.000000 1.000000
 outer loop
  vertex 22.9400 3.8421 2.0000
  vertex 23.1506 3.7706 2.0000
  vertex 48.8327 1.8683 2.0000
 endloop
endfacet
facet normal -0.000000 -0.000000 1.000000
 outer loop
  vertex 23.3500 3.6722 2.0000
  vertex 48.8579 1.7600 2.0000
  vertex 23.1506 3.7706 2.0000
 endloop
endfacet
facet normal 0.000000 0.000000 1.000000
 outer loop
  vertex 23.3500 3.6722 2.0000
  vertex 23.4117 3.6310 2.0000
  vertex 48.8579 1.7600 2.0000
 endloop
endfacet
facet normal -0.000000 -0.000000 1.000000
 outer loop
  vertex 23.4445 3.6135 2.0000
  vertex 48.8579 1.7600 2.0000
  vertex 23.4117 3.6310 2.0000
 endloop
endfacet
facet normal -0.000000 0.000000 1.000000
 outer loop
  vertex 22.8672 0.5434 2.0000
  vertex 50.1683 0.5327 2.0000
  vertex 22.9400 0.5579 2.0000
 endloop
endfacet
facet normal 0.000000 0.000000 1.000000
 outer loop
  vertex 22.8317 0.5327 2.0000
  vertex 50.1683 0.5327 2.0000
  vertex 22.8672 0.5434 2.0000
 endloop
endfacet
facet normal 0.000000 0.000000 1.000000
 outer loop
  vertex 22.9400 0.5579 2.0000
  vertex 49.8494 0.6294 2.0000
  vertex 23.1506 0.6294 2.0000
 endloop
endfacet
facet normal 0.000000 0.000000 1.000000
 outer loop
  vertex 23.1506 0.6294 2.0000
  vertex 49.8494 0.6294 2.0000
  vertex 23.3500 0.7278 2.0000
 endloop
endfacet
facet normal 0.000000 0.000000 1.000000
 outer loop
  vertex 23.3500 0.7278 2.0000
  vertex 49.6500 0.7278 2.0000
  vertex 23.4117 0.7690 2.0000
 endloop
endfacet
facet normal 0.000000 0.000000 1.000000
 outer loop
  vertex 23.4445 0.7865 2.0000
  vertex 49.4651 0.8513 2.0000
  vertex 23.4732 0.8101 2.0000
 endloop
endfacet
facet normal 0.000000 0.000000 1.000000
 outer loop
  vertex 23.4445 0.7865 2.0000
  vertex 23.4117 0.7690 2.0000
  vertex 49.6500 0.7278 2.0000
 endloop
endfacet
facet normal 0.000000 0.000000 1.000000
 outer loop
  vertex 23.4732 0.8101 2.0000
  vertex 49.4651 0.8513 2.0000
  vertex 23.5349 0.8513 2.0000
 endloop
endfacet
facet normal 0.000000 0.000000 1.000000
 outer loop
  vertex 23.5349 0.8513 2.0000
  vertex 49.4651 0.8513 2.0000
  vertex 23.7021 0.9979 2.0000
 endloop
endfacet
facet normal 0.000000 0.000000 1.000000
 outer loop
  vertex 23.7021 0.9979 2.0000
  vertex 49.2979 0.9979 2.0000
  vertex 23.8487 1.1651 2.0000
 endloop
endfacet
facet normal 0.000000 0.000000 1.000000
 outer loop
  vertex 23.8487 1.1651 2.0000
  vertex 49.0865 1.2555 2.0000
  vertex 23.8899 1.2268 2.0000
 endloop
endfacet
facet normal 0.000000 0.000000 1.000000
 outer loop
  vertex 23.8899 1.2268 2.0000
  vertex 49.0865 1.2555 2.0000
  vertex 23.9135 1.2555 2.0000
 endloop
endfacet
facet normal 0.000000 0.000000 1.000000
 outer loop
  vertex 23.9135 1.2555 2.0000
  vertex 49.0278 1.3500 2.0000
  vertex 23.9310 1.2883 2.0000
 endloop
endfacet
facet normal 0.000000 0.000000 1.000000
 outer loop
  vertex 23.9310 1.2883 2.0000
  vertex 49.0278 1.3500 2.0000
  vertex 23.9722 1.3500 2.0000
 endloop
endfacet
facet normal 0.000000 0.000000 1.000000
 outer loop
  vertex 23.9722 1.3500 2.0000
  vertex 49.0278 1.3500 2.0000
  vertex 24.0706 1.5494 2.0000
 endloop
endfacet
facet normal 0.000000 0.000000 1.000000
 outer loop
  vertex 24.0706 1.5494 2.0000
  vertex 48.8579 1.7600 2.0000
  vertex 24.1421 1.7600 2.0000
 endloop
endfacet
facet normal 0.000000 0.000000 1.000000
 outer loop
  vertex 24.1421 1.7600 2.0000
  vertex 48.8579 1.7600 2.0000
  vertex 24.1566 1.8328 2.0000
 endloop
endfacet
facet normal -0.000000 0.000000 1.000000
 outer loop
  vertex 24.1673 1.8683 2.0000
  vertex 48.8579 1.7600 2.0000
  vertex 24.1710 1.9053 2.0000
 endloop
endfacet
facet normal -0.000000 0.000000 1.000000
 outer loop
  vertex 24.1566 1.8328 2.0000
  vertex 48.8579 1.7600 2.0000
  vertex 24.1673 1.8683 2.0000
 endloop
endfacet
facet normal -0.000000 0.000000 1.000000
 outer loop
  vertex 24.1710 1.9053 2.0000
  vertex 48.8579 1.7600 2.0000
  vertex 24.1855 1.9781 2.0000
 endloop
endfacet
facet normal -0.000000 0.000000 1.000000
 outer loop
  vertex 24.1855 1.9781 2.0000
  vertex 48.8579 1.7600 2.0000
  vertex 24.2000 2.2000 2.0000
 endloop
endfacet
facet normal -0.000000 -0.000000 1.000000
 outer loop
  vertex 24.2000 2.2000 2.0000
  vertex 48.8579 1.7600 2.0000
  vertex 24.1855 2.4219 2.0000
 endloop
endfacet
facet normal -0.000000 -0.000000 1.000000
 outer loop
  vertex 24.1855 2.4219 2.0000
  vertex 48.8579 1.7600 2.0000
  vertex 24.1710 2.4947 2.0000
 endloop
endfacet
facet normal -0.000000 -0.000000 1.000000
 outer loop
  vertex 24.1421 2.6400 2.0000
  vertex 48.8579 1.7600 2.0000
  vertex 24.0706 2.8506 2.0000
 endloop
endfacet
facet normal 0.000000 0.000000 1.000000
 outer loop
  vertex 24.1566 2.5672 2.0000
  vertex 24.1673 2.5317 2.0000
  vertex 48.8579 1.7600 2.0000
 endloop
endfacet
facet normal -0.000000 -0.000000 1.000000
 outer loop
  vertex 24.1710 2.4947 2.0000
  vertex 48.8579 1.7600 2.0000
  vertex 24.1673 2.5317 2.0000
 endloop
endfacet
facet normal -0.000000 -0.000000 1.000000
 outer loop
  vertex 24.1566 2.5672 2.0000
  vertex 48.8579 1.7600 2.0000
  vertex 24.1421 2.6400 2.0000
 endloop
endfacet
facet normal 0.000000 0.000000 1.000000
 outer loop
  vertex 23.8487 3.2349 2.0000
  vertex 23.8899 3.1732 2.0000
  vertex 48.8579 1.7600 2.0000
 endloop
endfacet
facet normal -0.000000 -0.000000 1.000000
 outer loop
  vertex 23.9135 3.1445 2.0000
  vertex 48.8579 1.7600 2.0000
  vertex 23.8899 3.1732 2.0000
 endloop
endfacet
facet normal 0.000000 0.000000 1.000000
 outer loop
  vertex 23.4732 3.5899 2.0000
  vertex 23.5349 3.5487 2.0000
  vertex 48.8579 1.7600 2.0000
 endloop
endfacet
facet normal -0.000000 -0.000000 1.000000
 outer loop
  vertex 23.7021 3.4021 2.0000
  vertex 48.8579 1.7600 2.0000
  vertex 23.5349 3.5487 2.0000
 endloop
endfacet
facet normal -0.000000 -0.000000 1.000000
 outer loop
  vertex 23.8487 3.2349 2.0000
  vertex 48.8579 1.7600 2.0000
  vertex 23.7021 3.4021 2.0000
 endloop
endfacet
facet normal -0.000000 -0.000000 1.000000
 outer loop
  vertex 24.0706 2.8506 2.0000
  vertex 48.8579 1.7600 2.0000
  vertex 23.9722 3.0500 2.0000
 endloop
endfacet
facet normal -0.000000 -0.000000 1.000000
 outer loop
  vertex 23.9310 3.1117 2.0000
  vertex 48.8579 1.7600 2.0000
  vertex 23.9135 3.1445 2.0000
 endloop
endfacet
facet normal 0.000000 0.000000 1.000000
 outer loop
  vertex 23.9310 3.1117 2.0000
  vertex 23.9722 3.0500 2.0000
  vertex 48.8579 1.7600 2.0000
 endloop
endfacet
facet normal 0.000000 0.000000 1.000000
 outer loop
  vertex 9.6213 5.3787 2.0000
  vertex 48.8327 1.8683 2.0000
  vertex 48.8290 1.9053 2.0000
 endloop
endfacet
facet normal 0.000000 0.000000 1.000000
 outer loop
  vertex 9.6213 5.3787 2.0000
  vertex 48.8290 1.9053 2.0000
  vertex 48.8145 1.9781 2.0000
 endloop
endfacet
facet normal 0.000000 0.000000 1.000000
 outer loop
  vertex 9.8801 5.6737 2.0000
  vertex 48.8145 1.9781 2.0000
  vertex 48.8000 2.2000 2.0000
 endloop
endfacet
facet normal 0.000000 0.000000 1.000000
 outer loop
  vertex 10.2716 6.3519 2.0000
  vertex 48.8000 2.2000 2.0000
  vertex 48.8145 2.4219 2.0000
 endloop
endfacet
facet normal 0.000000 0.000000 1.000000
 outer loop
  vertex 10.3978 6.7235 2.0000
  vertex 48.8145 2.4219 2.0000
  vertex 48.8290 2.4947 2.0000
 endloop
endfacet
facet normal 0.000000 0.000000 1.000000
 outer loop
  vertex 10.4743 7.1084 2.0000
  vertex 48.8290 2.4947 2.0000
  vertex 48.8327 2.5317 2.0000
 endloop
endfacet
facet normal 0.000000 0.000000 1.000000
 outer loop
  vertex 10.4743 7.1084 2.0000
  vertex 48.8434 2.5672 2.0000
  vertex 48.8579 2.6400 2.0000
 endloop
endfacet
facet normal 0.000000 0.000000 1.000000
 outer loop
  vertex 10.4743 7.1084 2.0000
  vertex 48.8327 2.5317 2.0000
  vertex 48.8434 2.5672 2.0000
 endloop
endfacet
facet normal 0.000000 0.000000 1.000000
 outer loop
  vertex 10.5000 7.5000 2.0000
  vertex 48.8579 2.6400 2.0000
  vertex 48.9294 2.8506 2.0000
 endloop
endfacet
facet normal 0.000000 0.000000 1.000000
 outer loop
  vertex 10.5000 7.5000 2.0000
  vertex 48.9294 2.8506 2.0000
  vertex 49.0278 3.0500 2.0000
 endloop
endfacet
facet normal 0.000000 0.000000 1.000000
 outer loop
  vertex 10.5000 7.5000 2.0000
  vertex 49.0278 3.0500 2.0000
  vertex 49.0690 3.1117 2.0000
 endloop
endfacet
facet normal 0.000000 0.000000 1.000000
 outer loop
  vertex 10.5000 7.5000 2.0000
  vertex 49.0690 3.1117 2.0000
  vertex 49.0865 3.1445 2.0000
 endloop
endfacet
facet normal 0.000000 0.000000 1.000000
 outer loop
  vertex 10.5000 7.5000 2.0000
  vertex 49.0865 3.1445 2.0000
  vertex 49.1101 3.1732 2.0000
 endloop
endfacet
facet normal 0.000000 0.000000 1.000000
 outer loop
  vertex 10.5000 7.5000 2.0000
  vertex 49.1101 3.1732 2.0000
  vertex 49.1513 3.2349 2.0000
 endloop
endfacet
facet normal 0.000000 0.000000 1.000000
 outer loop
  vertex 10.5000 7.5000 2.0000
  vertex 49.1513 3.2349 2.0000
  vertex 49.2979 3.4021 2.0000
 endloop
endfacet
facet normal 0.000000 0.000000 1.000000
 outer loop
  vertex 10.5000 7.5000 2.0000
  vertex 49.2979 3.4021 2.0000
  vertex 49.4651 3.5487 2.0000
 endloop
endfacet
facet normal 0.000000 0.000000 1.000000
 outer loop
  vertex 10.5000 7.5000 2.0000
  vertex 49.4651 3.5487 2.0000
  vertex 49.5268 3.5899 2.0000
 endloop
endfacet
facet normal 0.000000 0.000000 1.000000
 outer loop
  vertex 10.5000 7.5000 2.0000
  vertex 38.8787 17.0000 2.0000
  vertex 33.1213 17.0000 2.0000
 endloop
endfacet
facet normal 0.000000 0.000000 1.000000
 outer loop
  vertex 10.5000 7.5000 2.0000
  vertex 46.1213 17.0000 2.0000
  vertex 38.8787 17.0000 2.0000
 endloop
endfacet
facet normal 0.000000 0.000000 -1.000000
 outer loop
  vertex 10.4513 8.0076 0.0000
  vertex 25.8787 22.0000 0.0000
  vertex 25.0000 21.1213 0.0000
 endloop
endfacet
facet normal 0.000000 0.000000 -1.000000
 outer loop
  vertex 10.4513 8.0076 0.0000
  vertex 20.1213 17.0000 0.0000
  vertex 32.4827 28.0000 0.0000
 endloop
endfacet
facet normal 0.000000 0.000000 -1.000000
 outer loop
  vertex 20.1213 22.0000 0.0000
  vertex 25.8787 28.0000 0.0000
  vertex 21.0000 21.1213 0.0000
 endloop
endfacet
facet normal 0.000000 0.000000 -1.000000
 outer loop
  vertex 10.4513 8.0076 0.0000
  vertex 32.4827 28.0000 0.0000
  vertex 25.8787 22.0000 0.0000
 endloop
endfacet
facet normal 0.000000 0.000000 -1.000000
 outer loop
  vertex 20.1213 17.0000 0.0000
  vertex 21.0000 17.8787 0.0000
  vertex 32.4827 28.0000 0.0000
 endloop
endfacet
facet normal 0.000000 0.000000 -1.000000
 outer loop
  vertex 21.0000 17.8787 0.0000
  vertex 21.0000 21.1213 0.0000
  vertex 32.4827 28.0000 0.0000
 endloop
endfacet
facet normal 0.000000 0.000000 -1.000000
 outer loop
  vertex 20.1213 22.0000 0.0000
  vertex 20.1213 28.0000 0.0000
  vertex 21.0000 28.8787 0.0000
 endloop
endfacet
facet normal 0.000000 0.000000 -1.000000
 outer loop
  vertex 20.1213 22.0000 0.0000
  vertex 21.0000 28.8787 0.0000
  vertex 25.0000 32.1213 0.0000
 endloop
endfacet
facet normal 0.000000 0.000000 -1.000000
 outer loop
  vertex 21.0000 28.8787 0.0000
  vertex 21.0000 32.1213 0.0000
  vertex 25.0000 32.1213 0.0000
 endloop
endfacet
facet normal 0.000000 0.000000 -1.000000
 outer loop
  vertex 20.1213 22.0000 0.0000
  vertex 25.0000 28.8787 0.0000
  vertex 25.8787 28.0000 0.0000
 endloop
endfacet
facet normal 0.000000 0.000000 -1.000000
 outer loop
  vertex 20.1213 22.0000 0.0000
  vertex 25.0000 32.1213 0.0000
  vertex 25.0000 28.8787 0.0000
 endloop
endfacet
facet normal 0.000000 0.000000 -1.000000
 outer loop
  vertex 21.0000 21.1213 0.0000
  vertex 25.8787 28.0000 0.0000
  vertex 32.4827 28.0000 0.0000
 endloop
endfacet
facet normal 0.000000 0.000000 -1.000000
 outer loop
  vertex 33.1213 17.0000 0.0000
  vertex 34.0000 17.8787 0.0000
  vertex 38.8787 17.0000 0.0000
 endloop
endfacet
facet normal 0.000000 0.000000 -1.000000
 outer loop
  vertex 34.0000 17.8787 0.0000
  vertex 34.0000 21.1213 0.0000
  vertex 38.0000 17.8787 0.0000
 endloop
endfacet
facet normal 0.000000 0.000000 -1.000000
 outer loop
  vertex 34.0000 21.1213 0.0000
  vertex 33.1213 22.0000 0.0000
  vertex 38.8787 28.0000 0.0000
 endloop
endfacet
facet normal 0.000000 0.000000 -1.000000
 outer loop
  vertex 25.8787 22.0000 0.0000
  vertex 33.1213 28.0000 0.0000
  vertex 26.3026 22.0000 0.0000
 endloop
endfacet
facet normal 0.000000 0.000000 -1.000000
 outer loop
  vertex 25.8787 22.0000 0.0000
  vertex 32.4827 28.0000 0.0000
  vertex 33.1213 28.0000 0.0000
 endloop
endfacet
facet normal 0.000000 0.000000 -1.000000
 outer loop
  vertex 26.3026 22.0000 0.0000
  vertex 38.0000 28.8787 0.0000
  vertex 33.1213 22.0000 0.0000
 endloop
endfacet
facet normal 0.000000 0.000000 -1.000000
 outer loop
  vertex 26.3026 22.0000 0.0000
  vertex 38.0000 32.1213 0.0000
  vertex 38.0000 28.8787 0.0000
 endloop
endfacet
facet normal 0.000000 0.000000 -1.000000
 outer loop
  vertex 26.3026 22.0000 0.0000
  vertex 38.8787 33.0000 0.0000
  vertex 38.0000 32.1213 0.0000
 endloop
endfacet
facet normal 0.000000 0.000000 -1.000000
 outer loop
  vertex 26.3026 22.0000 0.0000
  vertex 33.1213 28.0000 0.0000
  vertex 45.7023 39.0000 0.0000
 endloop
endfacet
facet normal 0.000000 0.000000 1.000000
 outer loop
  vertex 10.4743 7.8916 2.0000
  vertex 25.0000 21.1213 2.0000
  vertex 25.8787 22.0000 2.0000
 endloop
endfacet
facet normal 0.000000 0.000000 1.000000
 outer loop
  vertex 10.4743 7.8916 2.0000
  vertex 32.0989 28.0000 2.0000
  vertex 20.1213 17.0000 2.0000
 endloop
endfacet
facet normal 0.000000 0.000000 1.000000
 outer loop
  vertex 21.0000 17.8787 2.0000
  vertex 25.8787 28.0000 2.0000
  vertex 21.0000 21.1213 2.0000
 endloop
endfacet
facet normal -0.000000 0.000000 1.000000
 outer loop
  vertex 20.1213 22.0000 2.0000
  vertex 21.0000 21.1213 2.0000
  vertex 25.8787 28.0000 2.0000
 endloop
endfacet
facet normal 0.000000 0.000000 1.000000
 outer loop
  vertex 10.4743 7.8916 2.0000
  vertex 25.8787 22.0000 2.0000
  vertex 32.0989 28.0000 2.0000
 endloop
endfacet
facet normal 0.000000 0.000000 1.000000
 outer loop
  vertex 20.1213 17.0000 2.0000
  vertex 32.0989 28.0000 2.0000
  vertex 21.0000 17.8787 2.0000
 endloop
endfacet
facet normal 0.000000 0.000000 1.000000
 outer loop
  vertex 20.1213 22.0000 2.0000
  vertex 21.0000 28.8787 2.0000
  vertex 20.1213 28.0000 2.0000
 endloop
endfacet
facet normal 0.000000 0.000000 1.000000
 outer loop
  vertex 20.1213 22.0000 2.0000
  vertex 25.0000 28.8787 2.0000
  vertex 21.0000 28.8787 2.0000
 endloop
endfacet
facet normal 0.000000 0.000000 1.000000
 outer loop
  vertex 21.0000 28.8787 2.0000
  vertex 25.0000 32.1213 2.0000
  vertex 21.0000 32.1213 2.0000
 endloop
endfacet
facet normal 0.000000 0.000000 1.000000
 outer loop
  vertex 20.1213 22.0000 2.0000
  vertex 25.8787 28.0000 2.0000
  vertex 25.0000 28.8787 2.0000
 endloop
endfacet
facet normal 0.000000 0.000000 1.000000
 outer loop
  vertex 21.0000 17.8787 2.0000
  vertex 32.0989 28.0000 2.0000
  vertex 25.8787 28.0000 2.0000
 endloop
endfacet
facet normal 0.000000 0.000000 1.000000
 outer loop
  vertex 21.0000 28.8787 2.0000
  vertex 25.0000 28.8787 2.0000
  vertex 25.0000 32.1213 2.0000
 endloop
endfacet
facet normal 0.000000 0.000000 1.000000
 outer loop
  vertex 33.1213 17.0000 2.0000
  vertex 38.0000 17.8787 2.0000
  vertex 34.0000 17.8787 2.0000
 endloop
endfacet
facet normal 0.000000 0.000000 1.000000
 outer loop
  vertex 34.0000 17.8787 2.0000
  vertex 38.0000 21.1213 2.0000
  vertex 34.0000 21.1213 2.0000
 endloop
endfacet
facet normal 0.000000 -0.000000 1.000000
 outer loop
  vertex 34.0000 21.1213 2.0000
  vertex 38.8787 28.0000 2.0000
  vertex 33.1213 22.0000 2.0000
 endloop
endfacet
facet normal 0.000000 0.000000 1.000000
 outer loop
  vertex 25.8787 22.0000 2.0000
  vertex 33.1213 22.0000 2.0000
  vertex 32.0989 28.0000 2.0000
 endloop
endfacet
facet normal 0.000000 -0.000000 1.000000
 outer loop
  vertex 33.1213 22.0000 2.0000
  vertex 33.1213 28.0000 2.0000
  vertex 32.0989 28.0000 2.0000
 endloop
endfacet
facet normal 0.000000 0.000000 1.000000
 outer loop
  vertex 33.1213 22.0000 2.0000
  vertex 38.0000 32.1213 2.0000
  vertex 33.1213 28.0000 2.0000
 endloop
endfacet
facet normal 0.000000 0.000000 1.000000
 outer loop
  vertex 33.1213 22.0000 2.0000
  vertex 38.0000 28.8787 2.0000
  vertex 38.0000 32.1213 2.0000
 endloop
endfacet
facet normal 0.000000 0.000000 -1.000000
 outer loop
  vertex 0.0000 1.7574 0.0000
  vertex 0.0000 62.2426 0.0000
  vertex 0.9232 34.4566 0.0000
 endloop
endfacet
facet normal 0.000000 0.000000 -1.000000
 outer loop
  vertex 1.7574 7.7645 0.0000
  vertex 2.0000 61.0456 0.0000
  vertex 2.3000 32.0000 0.0000
 endloop
endfacet
facet normal 0.000000 0.000000 -1.000000
 outer loop
  vertex 9.3098 9.8911 0.0000
  vertex 5.6855 32.2219 0.0000
  vertex 2.0000 61.0456 0.0000
 endloop
endfacet
facet normal 0.000000 0.000000 -1.000000
 outer loop
  vertex 2.3000 32.0000 0.0000
  vertex 2.0000 61.0456 0.0000
  vertex 2.3145 32.2219 0.0000
 endloop
endfacet
facet normal 0.000000 0.000000 -1.000000
 outer loop
  vertex 2.3145 32.2219 0.0000
  vertex 2.0000 61.0456 0.0000
  vertex 2.3579 32.4400 0.0000
 endloop
endfacet
facet normal 0.000000 0.000000 -1.000000
 outer loop
  vertex 2.3579 32.4400 0.0000
  vertex 2.0000 61.0456 0.0000
  vertex 2.4294 32.6506 0.0000
 endloop
endfacet
facet normal 0.000000 0.000000 -1.000000
 outer loop
  vertex 5.6855 32.2219 0.0000
  vertex 5.6421 32.4400 0.0000
  vertex 2.0000 61.0456 0.0000
 endloop
endfacet
facet normal 0.000000 0.000000 -1.000000
 outer loop
  vertex 2.4294 32.6506 0.0000
  vertex 2.0000 61.0456 0.0000
  vertex 2.5278 32.8500 0.0000
 endloop
endfacet
facet normal 0.000000 0.000000 -1.000000
 outer loop
  vertex 2.5278 32.8500 0.0000
  vertex 2.0000 61.0456 0.0000
  vertex 2.6513 33.0349 0.0000
 endloop
endfacet
facet normal 0.000000 0.000000 -1.000000
 outer loop
  vertex 2.6513 33.0349 0.0000
  vertex 2.0000 61.0456 0.0000
  vertex 2.7979 33.2021 0.0000
 endloop
endfacet
facet normal 0.000000 0.000000 -1.000000
 outer loop
  vertex 2.7979 33.2021 0.0000
  vertex 2.0000 61.0456 0.0000
  vertex 2.9651 33.3487 0.0000
 endloop
endfacet
facet normal 0.000000 0.000000 -1.000000
 outer loop
  vertex 2.9651 33.3487 0.0000
  vertex 2.0000 61.0456 0.0000
  vertex 3.1500 33.4722 0.0000
 endloop
endfacet
facet normal 0.000000 0.000000 -1.000000
 outer loop
  vertex 3.1500 33.4722 0.0000
  vertex 2.0000 61.0456 0.0000
  vertex 3.3494 33.5706 0.0000
 endloop
endfacet
facet normal 0.000000 0.000000 -1.000000
 outer loop
  vertex 3.3494 33.5706 0.0000
  vertex 2.0000 61.0456 0.0000
  vertex 3.5600 33.6421 0.0000
 endloop
endfacet
facet normal 0.000000 0.000000 -1.000000
 outer loop
  vertex 3.5600 33.6421 0.0000
  vertex 2.0000 61.0456 0.0000
  vertex 3.7781 33.6855 0.0000
 endloop
endfacet
facet normal 0.000000 0.000000 -1.000000
 outer loop
  vertex 3.7781 33.6855 0.0000
  vertex 2.0000 61.0456 0.0000
  vertex 4.0000 33.7000 0.0000
 endloop
endfacet
facet normal 0.000000 0.000000 -1.000000
 outer loop
  vertex 4.0000 33.7000 0.0000
  vertex 2.0000 61.0456 0.0000
  vertex 4.2219 33.6855 0.0000
 endloop
endfacet
facet normal 0.000000 0.000000 -1.000000
 outer loop
  vertex 4.2219 33.6855 0.0000
  vertex 2.0000 61.0456 0.0000
  vertex 4.4400 33.6421 0.0000
 endloop
endfacet
facet normal 0.000000 0.000000 -1.000000
 outer loop
  vertex 4.4400 33.6421 0.0000
  vertex 2.0000 61.0456 0.0000
  vertex 4.6506 33.5706 0.0000
 endloop
endfacet
facet normal 0.000000 0.000000 -1.000000
 outer loop
  vertex 4.8500 33.4722 0.0000
  vertex 4.6506 33.5706 0.0000
  vertex 2.0000 61.0456 0.0000
 endloop
endfacet
facet normal 0.000000 0.000000 -1.000000
 outer loop
  vertex 4.8500 33.4722 0.0000
  vertex 2.0000 61.0456 0.0000
  vertex 5.0349 33.3487 0.0000
 endloop
endfacet
facet normal 0.000000 0.000000 -1.000000
 outer loop
  vertex 5.4722 32.8500 0.0000
  vertex 5.3487 33.0349 0.0000
  vertex 2.0000 61.0456 0.0000
 endloop
endfacet
facet normal 0.000000 0.000000 -1.000000
 outer loop
  vertex 5.2021 33.2021 0.0000
  vertex 2.0000 61.0456 0.0000
  vertex 5.3487 33.0349 0.0000
 endloop
endfacet
facet normal 0.000000 0.000000 -1.000000
 outer loop
  vertex 5.6421 32.4400 0.0000
  vertex 5.5706 32.6506 0.0000
  vertex 2.0000 61.0456 0.0000
 endloop
endfacet
facet normal 0.000000 0.000000 -1.000000
 outer loop
  vertex 5.5706 32.6506 0.0000
  vertex 5.4722 32.8500 0.0000
  vertex 2.0000 61.0456 0.0000
 endloop
endfacet
facet normal 0.000000 0.000000 -1.000000
 outer loop
  vertex 5.0349 33.3487 0.0000
  vertex 2.0000 61.0456 0.0000
  vertex 5.2021 33.2021 0.0000
 endloop
endfacet
facet normal -1.000000 0.000000 0.000000
 outer loop
  vertex 0.0000 1.7574 0.0000
  vertex 0.0000 62.2426 2.0000
  vertex 0.0000 62.2426 0.0000
 endloop
endfacet
facet normal 0.000000 0.000000 -1.000000
 outer loop
  vertex 9.3098 9.8911 0.0000
  vertex 2.0000 61.0456 0.0000
  vertex 6.4000 56.5000 0.0000
 endloop
endfacet
facet normal 0.000000 0.000000 -1.000000
 outer loop
  vertex 9.3098 9.8911 0.0000
  vertex 6.4375 56.2153 0.0000
  vertex 6.4837 56.0790 0.0000
 endloop
endfacet
facet normal 0.000000 0.000000 -1.000000
 outer loop
  vertex 9.3098 9.8911 0.0000
  vertex 6.4094 56.3564 0.0000
  vertex 6.4375 56.2153 0.0000
 endloop
endfacet
facet normal 0.000000 0.000000 -1.000000
 outer loop
  vertex 9.3098 9.8911 0.0000
  vertex 6.4000 56.5000 0.0000
  vertex 6.4094 56.3564 0.0000
 endloop
endfacet
facet normal 0.000000 0.000000 -1.000000
 outer loop
  vertex 9.3098 9.8911 0.0000
  vertex 6.6273 55.8304 0.0000
  vertex 6.7222 55.7222 0.0000
 endloop
endfacet
facet normal 0.000000 0.000000 -1.000000
 outer loop
  vertex 9.3098 9.8911 0.0000
  vertex 6.8304 55.6273 0.0000
  vertex 6.9500 55.5474 0.0000
 endloop
endfacet
facet normal 0.000000 0.000000 -1.000000
 outer loop
  vertex 9.3098 9.8911 0.0000
  vertex 6.7222 55.7222 0.0000
  vertex 6.8304 55.6273 0.0000
 endloop
endfacet
facet normal 0.000000 0.000000 -1.000000
 outer loop
  vertex 9.3098 9.8911 0.0000
  vertex 7.2153 55.4375 0.0000
  vertex 7.3564 55.4094 0.0000
 endloop
endfacet
facet normal 0.000000 0.000000 -1.000000
 outer loop
  vertex 9.3098 9.8911 0.0000
  vertex 6.9500 55.5474 0.0000
  vertex 7.0790 55.4837 0.0000
 endloop
endfacet
facet normal 0.000000 0.000000 -1.000000
 outer loop
  vertex 9.3098 9.8911 0.0000
  vertex 7.0790 55.4837 0.0000
  vertex 7.2153 55.4375 0.0000
 endloop
endfacet
facet normal 0.000000 0.000000 -1.000000
 outer loop
  vertex 9.3098 9.8911 0.0000
  vertex 6.5474 55.9500 0.0000
  vertex 6.6273 55.8304 0.0000
 endloop
endfacet
facet normal 0.000000 0.000000 -1.000000
 outer loop
  vertex 9.3098 9.8911 0.0000
  vertex 6.4837 56.0790 0.0000
  vertex 6.5474 55.9500 0.0000
 endloop
endfacet
facet normal 0.000000 0.000000 -1.000000
 outer loop
  vertex 9.3098 9.8911 0.0000
  vertex 7.3564 55.4094 0.0000
  vertex 7.5000 55.4000 0.0000
 endloop
endfacet
facet normal 0.000000 0.000000 -1.000000
 outer loop
  vertex 9.3098 9.8911 0.0000
  vertex 7.5000 55.4000 0.0000
  vertex 7.6436 55.4094 0.0000
 endloop
endfacet
facet normal 0.000000 0.000000 -1.000000
 outer loop
  vertex 9.3098 9.8911 0.0000
  vertex 7.6436 55.4094 0.0000
  vertex 12.0000 39.8787 0.0000
 endloop
endfacet
facet normal 0.000000 0.000000 -1.000000
 outer loop
  vertex 12.0000 32.1213 0.0000
  vertex 12.8787 39.0000 0.0000
  vertex 12.8787 33.0000 0.0000
 endloop
endfacet
facet normal 0.000000 0.000000 -1.000000
 outer loop
  vertex 12.0000 32.1213 0.0000
  vertex 12.0000 39.8787 0.0000
  vertex 12.8787 39.0000 0.0000
 endloop
endfacet
facet normal 0.000000 0.000000 -1.000000
 outer loop
  vertex 12.8787 33.0000 0.0000
  vertex 12.8787 39.0000 0.0000
  vertex 20.1213 33.0000 0.0000
 endloop
endfacet
facet normal 0.000000 0.000000 -1.000000
 outer loop
  vertex 12.0000 39.8787 0.0000
  vertex 7.6436 55.4094 0.0000
  vertex 12.0000 43.1213 0.0000
 endloop
endfacet
facet normal 0.000000 0.000000 -1.000000
 outer loop
  vertex 12.0000 43.1213 0.0000
  vertex 7.6436 55.4094 0.0000
  vertex 12.8787 44.0000 0.0000
 endloop
endfacet
facet normal 0.000000 0.000000 -1.000000
 outer loop
  vertex 12.8787 44.0000 0.0000
  vertex 7.6436 55.4094 0.0000
  vertex 20.1213 44.0000 0.0000
 endloop
endfacet
facet normal 0.000000 0.000000 1.000000
 outer loop
  vertex 5.6855 32.2219 2.0000
  vertex 5.6673 32.3317 2.0000
  vertex 5.6710 32.2947 2.0000
 endloop
endfacet
facet normal 0.000000 0.000000 1.000000
 outer loop
  vertex 5.6673 32.3317 2.0000
  vertex 5.6421 32.4400 2.0000
  vertex 5.6566 32.3672 2.0000
 endloop
endfacet
facet normal 0.000000 0.000000 1.000000
 outer loop
  vertex 8.2765 10.3978 2.0000
  vertex 2.0000 63.2937 2.0000
  vertex 5.6855 32.2219 2.0000
 endloop
endfacet
facet normal 0.000000 0.000000 1.000000
 outer loop
  vertex 9.3263 9.8801 2.0000
  vertex 5.6737 54.1199 2.0000
  vertex 5.3787 54.3787 2.0000
 endloop
endfacet
facet normal 0.000000 0.000000 1.000000
 outer loop
  vertex 9.3263 9.8801 2.0000
  vertex 5.1199 54.6737 2.0000
  vertex 4.9019 55.0000 2.0000
 endloop
endfacet
facet normal 0.000000 0.000000 1.000000
 outer loop
  vertex 9.3263 9.8801 2.0000
  vertex 5.3787 54.3787 2.0000
  vertex 5.1199 54.6737 2.0000
 endloop
endfacet
facet normal 0.000000 0.000000 1.000000
 outer loop
  vertex 9.3263 9.8801 2.0000
  vertex 7.5000 53.5000 2.0000
  vertex 7.1084 53.5257 2.0000
 endloop
endfacet
facet normal 0.000000 0.000000 1.000000
 outer loop
  vertex 9.3263 9.8801 2.0000
  vertex 6.0000 53.9019 2.0000
  vertex 5.6737 54.1199 2.0000
 endloop
endfacet
facet normal 0.000000 0.000000 1.000000
 outer loop
  vertex 9.3263 9.8801 2.0000
  vertex 6.3519 53.7284 2.0000
  vertex 6.0000 53.9019 2.0000
 endloop
endfacet
facet normal 0.000000 0.000000 1.000000
 outer loop
  vertex 9.3263 9.8801 2.0000
  vertex 6.7235 53.6022 2.0000
  vertex 6.3519 53.7284 2.0000
 endloop
endfacet
facet normal 0.000000 0.000000 1.000000
 outer loop
  vertex 9.3263 9.8801 2.0000
  vertex 7.1084 53.5257 2.0000
  vertex 6.7235 53.6022 2.0000
 endloop
endfacet
facet normal 0.000000 0.000000 1.000000
 outer loop
  vertex 9.3263 9.8801 2.0000
  vertex 7.8916 53.5257 2.0000
  vertex 7.5000 53.5000 2.0000
 endloop
endfacet
facet normal 0.000000 0.000000 1.000000
 outer loop
  vertex 9.3263 9.8801 2.0000
  vertex 8.2765 53.6022 2.0000
  vertex 7.8916 53.5257 2.0000
 endloop
endfacet
facet normal 0.000000 0.000000 1.000000
 outer loop
  vertex 9.3263 9.8801 2.0000
  vertex 8.6481 53.7284 2.0000
  vertex 8.2765 53.6022 2.0000
 endloop
endfacet
facet normal 0.000000 0.000000 1.000000
 outer loop
  vertex 9.3263 9.8801 2.0000
  vertex 9.0000 53.9019 2.0000
  vertex 8.6481 53.7284 2.0000
 endloop
endfacet
facet normal 0.000000 -0.000000 1.000000
 outer loop
  vertex 2.3000 32.0000 2.0000
  vertex 2.3145 32.2219 2.0000
  vertex 2.0000 63.2937 2.0000
 endloop
endfacet
facet normal 0.000000 -0.000000 1.000000
 outer loop
  vertex 2.3145 32.2219 2.0000
  vertex 2.3290 32.2947 2.0000
  vertex 2.0000 63.2937 2.0000
 endloop
endfacet
facet normal 0.000000 -0.000000 1.000000
 outer loop
  vertex 2.3327 32.3317 2.0000
  vertex 2.3434 32.3672 2.0000
  vertex 2.0000 63.2937 2.0000
 endloop
endfacet
facet normal 0.000000 -0.000000 1.000000
 outer loop
  vertex 2.3290 32.2947 2.0000
  vertex 2.3327 32.3317 2.0000
  vertex 2.0000 63.2937 2.0000
 endloop
endfacet
facet normal 0.000000 -0.000000 1.000000
 outer loop
  vertex 2.3434 32.3672 2.0000
  vertex 2.3579 32.4400 2.0000
  vertex 2.0000 63.2937 2.0000
 endloop
endfacet
facet normal 0.000000 -0.000000 1.000000
 outer loop
  vertex 2.3579 32.4400 2.0000
  vertex 2.4294 32.6506 2.0000
  vertex 2.0000 63.2937 2.0000
 endloop
endfacet
facet normal 0.000000 -0.000000 1.000000
 outer loop
  vertex 2.4294 32.6506 2.0000
  vertex 2.5278 32.8500 2.0000
  vertex 2.0000 63.2937 2.0000
 endloop
endfacet
facet normal 0.000000 -0.000000 1.000000
 outer loop
  vertex 2.5690 32.9117 2.0000
  vertex 2.5865 32.9445 2.0000
  vertex 2.0000 63.2937 2.0000
 endloop
endfacet
facet normal 0.000000 -0.000000 1.000000
 outer loop
  vertex 2.5278 32.8500 2.0000
  vertex 2.5690 32.9117 2.0000
  vertex 2.0000 63.2937 2.0000
 endloop
endfacet
facet normal 0.000000 -0.000000 1.000000
 outer loop
  vertex 2.6101 32.9732 2.0000
  vertex 2.6513 33.0349 2.0000
  vertex 2.0000 63.2937 2.0000
 endloop
endfacet
facet normal 0.000000 -0.000000 1.000000
 outer loop
  vertex 2.5865 32.9445 2.0000
  vertex 2.6101 32.9732 2.0000
  vertex 2.0000 63.2937 2.0000
 endloop
endfacet
facet normal 0.000000 -0.000000 1.000000
 outer loop
  vertex 2.6513 33.0349 2.0000
  vertex 2.7979 33.2021 2.0000
  vertex 2.0000 63.2937 2.0000
 endloop
endfacet
facet normal 0.000000 -0.000000 1.000000
 outer loop
  vertex 2.7979 33.2021 2.0000
  vertex 2.9651 33.3487 2.0000
  vertex 2.0000 63.2937 2.0000
 endloop
endfacet
facet normal 0.000000 -0.000000 1.000000
 outer loop
  vertex 3.0268 33.3899 2.0000
  vertex 3.0555 33.4135 2.0000
  vertex 2.0000 63.2937 2.0000
 endloop
endfacet
facet normal 0.000000 -0.000000 1.000000
 outer loop
  vertex 2.9651 33.3487 2.0000
  vertex 3.0268 33.3899 2.0000
  vertex 2.0000 63.2937 2.0000
 endloop
endfacet
facet normal 0.000000 -0.000000 1.000000
 outer loop
  vertex 3.0883 33.4310 2.0000
  vertex 3.1500 33.4722 2.0000
  vertex 2.0000 63.2937 2.0000
 endloop
endfacet
facet normal 0.000000 -0.000000 1.000000
 outer loop
  vertex 3.0555 33.4135 2.0000
  vertex 3.0883 33.4310 2.0000
  vertex 2.0000 63.2937 2.0000
 endloop
endfacet
facet normal 0.000000 -0.000000 1.000000
 outer loop
  vertex 3.1500 33.4722 2.0000
  vertex 3.3494 33.5706 2.0000
  vertex 2.0000 63.2937 2.0000
 endloop
endfacet
facet normal 0.000000 -0.000000 1.000000
 outer loop
  vertex 3.3494 33.5706 2.0000
  vertex 3.5600 33.6421 2.0000
  vertex 2.0000 63.2937 2.0000
 endloop
endfacet
facet normal 0.000000 -0.000000 1.000000
 outer loop
  vertex 3.5600 33.6421 2.0000
  vertex 3.6328 33.6566 2.0000
  vertex 2.0000 63.2937 2.0000
 endloop
endfacet
facet normal 0.000000 -0.000000 1.000000
 outer loop
  vertex 3.6328 33.6566 2.0000
  vertex 3.6683 33.6673 2.0000
  vertex 2.0000 63.2937 2.0000
 endloop
endfacet
facet normal 0.000000 -0.000000 1.000000
 outer loop
  vertex 3.6683 33.6673 2.0000
  vertex 3.7053 33.6710 2.0000
  vertex 2.0000 63.2937 2.0000
 endloop
endfacet
facet normal 0.000000 -0.000000 1.000000
 outer loop
  vertex 3.7053 33.6710 2.0000
  vertex 3.7781 33.6855 2.0000
  vertex 2.0000 63.2937 2.0000
 endloop
endfacet
facet normal 0.000000 -0.000000 1.000000
 outer loop
  vertex 3.7781 33.6855 2.0000
  vertex 4.0000 33.7000 2.0000
  vertex 2.0000 63.2937 2.0000
 endloop
endfacet
facet normal -0.000000 -0.000000 1.000000
 outer loop
  vertex 4.0000 33.7000 2.0000
  vertex 4.2219 33.6855 2.0000
  vertex 2.0000 63.2937 2.0000
 endloop
endfacet
facet normal 0.000000 0.000000 1.000000
 outer loop
  vertex 5.6855 32.2219 2.0000
  vertex 2.0000 63.2937 2.0000
  vertex 5.6673 32.3317 2.0000
 endloop
endfacet
facet normal 0.000000 0.000000 1.000000
 outer loop
  vertex 5.6673 32.3317 2.0000
  vertex 2.0000 63.2937 2.0000
  vertex 5.6421 32.4400 2.0000
 endloop
endfacet
facet normal 0.000000 0.000000 1.000000
 outer loop
  vertex 5.6421 32.4400 2.0000
  vertex 2.0000 63.2937 2.0000
  vertex 5.5706 32.6506 2.0000
 endloop
endfacet
facet normal 0.000000 0.000000 1.000000
 outer loop
  vertex 5.5706 32.6506 2.0000
  vertex 2.0000 63.2937 2.0000
  vertex 5.4722 32.8500 2.0000
 endloop
endfacet
facet normal 0.000000 0.000000 1.000000
 outer loop
  vertex 4.8500 33.4722 2.0000
  vertex 2.0000 63.2937 2.0000
  vertex 4.6506 33.5706 2.0000
 endloop
endfacet
facet normal -0.000000 -0.000000 1.000000
 outer loop
  vertex 4.9445 33.4135 2.0000
  vertex 4.9732 33.3899 2.0000
  vertex 2.0000 63.2937 2.0000
 endloop
endfacet
facet normal 0.000000 0.000000 1.000000
 outer loop
  vertex 4.9117 33.4310 2.0000
  vertex 2.0000 63.2937 2.0000
  vertex 4.8500 33.4722 2.0000
 endloop
endfacet
facet normal -0.000000 -0.000000 1.000000
 outer loop
  vertex 4.9117 33.4310 2.0000
  vertex 4.9445 33.4135 2.0000
  vertex 2.0000 63.2937 2.0000
 endloop
endfacet
facet normal -0.000000 -0.000000 1.000000
 outer loop
  vertex 4.2219 33.6855 2.0000
  vertex 4.2947 33.6710 2.0000
  vertex 2.0000 63.2937 2.0000
 endloop
endfacet
facet normal -0.000000 -0.000000 1.000000
 outer loop
  vertex 4.2947 33.6710 2.0000
  vertex 4.3317 33.6673 2.0000
  vertex 2.0000 63.2937 2.0000
 endloop
endfacet
facet normal -0.000000 -0.000000 1.000000
 outer loop
  vertex 4.3672 33.6566 2.0000
  vertex 4.4400 33.6421 2.0000
  vertex 2.0000 63.2937 2.0000
 endloop
endfacet
facet normal -0.000000 -0.000000 1.000000
 outer loop
  vertex 4.3317 33.6673 2.0000
  vertex 4.3672 33.6566 2.0000
  vertex 2.0000 63.2937 2.0000
 endloop
endfacet
facet normal -0.000000 -0.000000 1.000000
 outer loop
  vertex 4.4400 33.6421 2.0000
  vertex 4.6506 33.5706 2.0000
  vertex 2.0000 63.2937 2.0000
 endloop
endfacet
facet normal 0.000000 0.000000 1.000000
 outer loop
  vertex 5.3899 32.9732 2.0000
  vertex 2.0000 63.2937 2.0000
  vertex 5.3487 33.0349 2.0000
 endloop
endfacet
facet normal -0.000000 -0.000000 1.000000
 outer loop
  vertex 5.3899 32.9732 2.0000
  vertex 5.4135 32.9445 2.0000
  vertex 2.0000 63.2937 2.0000
 endloop
endfacet
facet normal -0.000000 -0.000000 1.000000
 outer loop
  vertex 5.2021 33.2021 2.0000
  vertex 5.3487 33.0349 2.0000
  vertex 2.0000 63.2937 2.0000
 endloop
endfacet
facet normal -0.000000 -0.000000 1.000000
 outer loop
  vertex 4.9732 33.3899 2.0000
  vertex 5.0349 33.3487 2.0000
  vertex 2.0000 63.2937 2.0000
 endloop
endfacet
facet normal -0.000000 -0.000000 1.000000
 outer loop
  vertex 5.0349 33.3487 2.0000
  vertex 5.2021 33.2021 2.0000
  vertex 2.0000 63.2937 2.0000
 endloop
endfacet
facet normal -0.000000 -0.000000 1.000000
 outer loop
  vertex 5.4135 32.9445 2.0000
  vertex 5.4310 32.9117 2.0000
  vertex 2.0000 63.2937 2.0000
 endloop
endfacet
facet normal 0.000000 0.000000 1.000000
 outer loop
  vertex 5.4722 32.8500 2.0000
  vertex 2.0000 63.2937 2.0000
  vertex 5.4310 32.9117 2.0000
 endloop
endfacet
facet normal 0.000000 0.000000 1.000000
 outer loop
  vertex 9.3263 9.8801 2.0000
  vertex 4.9019 55.0000 2.0000
  vertex 4.7284 55.3520 2.0000
 endloop
endfacet
facet normal 0.000000 0.000000 1.000000
 outer loop
  vertex 9.3263 9.8801 2.0000
  vertex 4.7284 55.3520 2.0000
  vertex 2.0000 63.2937 2.0000
 endloop
endfacet
facet normal 0.000000 0.000000 1.000000
 outer loop
  vertex 12.0000 32.1213 2.0000
  vertex 12.8787 33.0000 2.0000
  vertex 12.0000 39.8787 2.0000
 endloop
endfacet
facet normal 0.000000 0.000000 1.000000
 outer loop
  vertex 9.3263 9.8801 2.0000
  vertex 12.0000 43.1213 2.0000
  vertex 10.4743 56.1084 2.0000
 endloop
endfacet
facet normal 0.000000 -0.000000 1.000000
 outer loop
  vertex 9.3263 9.8801 2.0000
  vertex 9.3263 54.1199 2.0000
  vertex 9.0000 53.9019 2.0000
 endloop
endfacet
facet normal 0.000000 0.000000 1.000000
 outer loop
  vertex 9.3263 9.8801 2.0000
  vertex 9.6213 54.3787 2.0000
  vertex 9.3263 54.1199 2.0000
 endloop
endfacet
facet normal 0.000000 0.000000 1.000000
 outer loop
  vertex 9.3263 9.8801 2.0000
  vertex 9.8801 54.6737 2.0000
  vertex 9.6213 54.3787 2.0000
 endloop
endfacet
facet normal 0.000000 0.000000 1.000000
 outer loop
  vertex 9.3263 9.8801 2.0000
  vertex 10.0981 55.0000 2.0000
  vertex 9.8801 54.6737 2.0000
 endloop
endfacet
facet normal 0.000000 -0.000000 1.000000
 outer loop
  vertex 12.8787 33.0000 2.0000
  vertex 12.8787 39.0000 2.0000
  vertex 12.0000 39.8787 2.0000
 endloop
endfacet
facet normal 0.000000 0.000000 1.000000
 outer loop
  vertex 12.8787 33.0000 2.0000
  vertex 20.1213 33.0000 2.0000
  vertex 12.8787 39.0000 2.0000
 endloop
endfacet
facet normal -0.000000 0.000000 1.000000
 outer loop
  vertex 12.8787 39.0000 2.0000
  vertex 20.1213 33.0000 2.0000
  vertex 20.1213 39.0000 2.0000
 endloop
endfacet
facet normal 0.000000 0.000000 1.000000
 outer loop
  vertex 9.3263 9.8801 2.0000
  vertex 10.2716 55.3520 2.0000
  vertex 10.0981 55.0000 2.0000
 endloop
endfacet
facet normal 0.000000 0.000000 1.000000
 outer loop
  vertex 9.3263 9.8801 2.0000
  vertex 10.3978 55.7235 2.0000
  vertex 10.2716 55.3520 2.0000
 endloop
endfacet
facet normal 0.000000 0.000000 1.000000
 outer loop
  vertex 9.3263 9.8801 2.0000
  vertex 10.4743 56.1084 2.0000
  vertex 10.3978 55.7235 2.0000
 endloop
endfacet
facet normal 0.000000 -0.000000 1.000000
 outer loop
  vertex 12.0000 43.1213 2.0000
  vertex 12.8787 44.0000 2.0000
  vertex 10.4743 56.1084 2.0000
 endloop
endfacet
facet normal 0.000000 0.000000 1.000000
 outer loop
  vertex 10.4743 56.1084 2.0000
  vertex 20.1213 44.0000 2.0000
  vertex 21.0000 43.1213 2.0000
 endloop
endfacet
facet normal 0.000000 0.000000 -1.000000
 outer loop
  vertex 2.0000 61.0456 0.0000
  vertex 2.0000 63.7222 0.0000
  vertex 7.2153 57.5625 0.0000
 endloop
endfacet
facet normal 0.000000 0.000000 -1.000000
 outer loop
  vertex 2.0000 61.0456 0.0000
  vertex 6.4094 56.6436 0.0000
  vertex 6.4000 56.5000 0.0000
 endloop
endfacet
facet normal 0.000000 0.000000 -1.000000
 outer loop
  vertex 2.0000 61.0456 0.0000
  vertex 6.4375 56.7847 0.0000
  vertex 6.4094 56.6436 0.0000
 endloop
endfacet
facet normal 0.000000 0.000000 -1.000000
 outer loop
  vertex 2.0000 61.0456 0.0000
  vertex 6.4837 56.9210 0.0000
  vertex 6.4375 56.7847 0.0000
 endloop
endfacet
facet normal 0.000000 0.000000 -1.000000
 outer loop
  vertex 2.0000 61.0456 0.0000
  vertex 6.5474 57.0500 0.0000
  vertex 6.4837 56.9210 0.0000
 endloop
endfacet
facet normal 0.000000 0.000000 -1.000000
 outer loop
  vertex 2.0000 61.0456 0.0000
  vertex 6.6273 57.1696 0.0000
  vertex 6.5474 57.0500 0.0000
 endloop
endfacet
facet normal 0.000000 0.000000 -1.000000
 outer loop
  vertex 2.0000 61.0456 0.0000
  vertex 6.7222 57.2778 0.0000
  vertex 6.6273 57.1696 0.0000
 endloop
endfacet
facet normal 0.000000 0.000000 -1.000000
 outer loop
  vertex 2.0000 61.0456 0.0000
  vertex 6.8304 57.3727 0.0000
  vertex 6.7222 57.2778 0.0000
 endloop
endfacet
facet normal 0.000000 0.000000 -1.000000
 outer loop
  vertex 2.0000 61.0456 0.0000
  vertex 6.9500 57.4526 0.0000
  vertex 6.8304 57.3727 0.0000
 endloop
endfacet
facet normal 0.000000 0.000000 -1.000000
 outer loop
  vertex 2.0000 61.0456 0.0000
  vertex 7.0790 57.5163 0.0000
  vertex 6.9500 57.4526 0.0000
 endloop
endfacet
facet normal 0.000000 0.000000 -1.000000
 outer loop
  vertex 2.0000 61.0456 0.0000
  vertex 7.2153 57.5625 0.0000
  vertex 7.0790 57.5163 0.0000
 endloop
endfacet
facet normal 0.000000 0.000000 -1.000000
 outer loop
  vertex 2.0000 63.7222 0.0000
  vertex 7.3564 57.5906 0.0000
  vertex 7.2153 57.5625 0.0000
 endloop
endfacet
facet normal 0.000000 1.000000 0.000000
 outer loop
  vertex 1.7574 64.0000 0.0000
  vertex 1.7574 64.0000 2.0000
  vertex 2.0000 64.0000 2.0000
 endloop
endfacet
facet normal 0.000000 0.000000 -1.000000
 outer loop
  vertex 7.6436 55.4094 0.0000
  vertex 7.7847 55.4375 0.0000
  vertex 25.5000 51.1716 0.0000
 endloop
endfacet
facet normal 0.000000 0.000000 -1.000000
 outer loop
  vertex 7.6436 55.4094 0.0000
  vertex 25.5000 51.1716 0.0000
  vertex 20.1213 44.0000 0.0000
 endloop
endfacet
facet normal 0.000000 0.000000 -1.000000
 outer loop
  vertex 7.7847 55.4375 0.0000
  vertex 7.9210 55.4837 0.0000
  vertex 25.5000 51.1716 0.0000
 endloop
endfacet
facet normal 0.000000 0.000000 -1.000000
 outer loop
  vertex 7.9210 55.4837 0.0000
  vertex 8.0500 55.5474 0.0000
  vertex 25.5000 51.1716 0.0000
 endloop
endfacet
facet normal 0.000000 0.000000 -1.000000
 outer loop
  vertex 8.0500 55.5474 0.0000
  vertex 8.1696 55.6273 0.0000
  vertex 25.5000 51.1716 0.0000
 endloop
endfacet
facet normal 0.000000 0.000000 -1.000000
 outer loop
  vertex 8.1696 55.6273 0.0000
  vertex 8.2778 55.7222 0.0000
  vertex 25.5000 51.1716 0.0000
 endloop
endfacet
facet normal 0.000000 0.000000 -1.000000
 outer loop
  vertex 8.2778 55.7222 0.0000
  vertex 8.3727 55.8304 0.0000
  vertex 25.5000 51.1716 0.0000
 endloop
endfacet
facet normal 0.000000 0.000000 -1.000000
 outer loop
  vertex 8.3727 55.8304 0.0000
  vertex 8.4526 55.9500 0.0000
  vertex 25.5000 51.1716 0.0000
 endloop
endfacet
facet normal 0.000000 0.000000 -1.000000
 outer loop
  vertex 8.4526 55.9500 0.0000
  vertex 8.5163 56.0790 0.0000
  vertex 25.5000 51.1716 0.0000
 endloop
endfacet
facet normal 0.000000 0.000000 -1.000000
 outer loop
  vertex 8.5163 56.0790 0.0000
  vertex 8.5625 56.2153 0.0000
  vertex 25.5000 51.1716 0.0000
 endloop
endfacet
facet normal 0.000000 0.000000 -1.000000
 outer loop
  vertex 8.5625 56.2153 0.0000
  vertex 8.5906 56.3564 0.0000
  vertex 25.5000 51.1716 0.0000
 endloop
endfacet
facet normal 0.000000 0.000000 -1.000000
 outer loop
  vertex 8.5906 56.3564 0.0000
  vertex 8.6000 56.5000 0.0000
  vertex 25.5000 51.1716 0.0000
 endloop
endfacet
facet normal 0.000000 0.000000 -1.000000
 outer loop
  vertex 8.6000 56.5000 0.0000
  vertex 8.5906 56.6436 0.0000
  vertex 25.5000 51.1716 0.0000
 endloop
endfacet
facet normal 0.000000 0.000000 -1.000000
 outer loop
  vertex 8.5906 56.6436 0.0000
  vertex 8.5625 56.7847 0.0000
  vertex 25.5000 51.1716 0.0000
 endloop
endfacet
facet normal 0.000000 0.000000 -1.000000
 outer loop
  vertex 8.5163 56.9210 0.0000
  vertex 25.5000 51.1716 0.0000
  vertex 8.5625 56.7847 0.0000
 endloop
endfacet
facet normal 0.000000 0.000000 -1.000000
 outer loop
  vertex 8.3727 57.1696 0.0000
  vertex 25.5000 51.1716 0.0000
  vertex 8.4526 57.0500 0.0000
 endloop
endfacet
facet normal 0.000000 0.000000 -1.000000
 outer loop
  vertex 8.3727 57.1696 0.0000
  vertex 8.2778 57.2778 0.0000
  vertex 25.5000 51.1716 0.0000
 endloop
endfacet
facet normal 0.000000 0.000000 -1.000000
 outer loop
  vertex 8.5163 56.9210 0.0000
  vertex 8.4526 57.0500 0.0000
  vertex 25.5000 51.1716 0.0000
 endloop
endfacet
facet normal 0.000000 0.000000 -1.000000
 outer loop
  vertex 7.3564 57.5906 0.0000
  vertex 25.5000 64.0000 0.0000
  vertex 7.5000 57.6000 0.0000
 endloop
endfacet
facet normal 0.000000 0.000000 -1.000000
 outer loop
  vertex 7.5000 57.6000 0.0000
  vertex 25.5000 64.0000 0.0000
  vertex 7.6436 57.5906 0.0000
 endloop
endfacet
facet normal 0.000000 0.000000 -1.000000
 outer loop
  vertex 7.6436 57.5906 0.0000
  vertex 25.5000 64.0000 0.0000
  vertex 7.7847 57.5625 0.0000
 endloop
endfacet
facet normal 0.000000 0.000000 -1.000000
 outer loop
  vertex 1.7574 64.0000 0.0000
  vertex 25.5000 64.0000 0.0000
  vertex 2.0000 63.7222 0.0000
 endloop
endfacet
facet normal 0.000000 0.000000 -1.000000
 outer loop
  vertex 2.0000 63.7222 0.0000
  vertex 25.5000 64.0000 0.0000
  vertex 7.3564 57.5906 0.0000
 endloop
endfacet
facet normal 0.000000 1.000000 0.000000
 outer loop
  vertex 1.7574 64.0000 0.0000
  vertex 2.0000 64.0000 2.0000
  vertex 25.5000 64.0000 0.0000
 endloop
endfacet
facet normal 0.000000 0.000000 -1.000000
 outer loop
  vertex 7.7847 57.5625 0.0000
  vertex 25.5000 64.0000 0.0000
  vertex 7.9210 57.5163 0.0000
 endloop
endfacet
facet normal 0.000000 0.000000 -1.000000
 outer loop
  vertex 7.9210 57.5163 0.0000
  vertex 25.5000 64.0000 0.0000
  vertex 8.0500 57.4526 0.0000
 endloop
endfacet
facet normal 0.000000 0.000000 -1.000000
 outer loop
  vertex 8.0500 57.4526 0.0000
  vertex 25.5000 64.0000 0.0000
  vertex 8.1696 57.3727 0.0000
 endloop
endfacet
facet normal 0.000000 0.000000 -1.000000
 outer loop
  vertex 8.1696 57.3727 0.0000
  vertex 25.5000 64.0000 0.0000
  vertex 8.2778 57.2778 0.0000
 endloop
endfacet
facet normal -0.000000 1.000000 0.000000
 outer loop
  vertex 2.0000 64.0000 2.0000
  vertex 25.5000 64.0000 2.0000
  vertex 25.5000 64.0000 0.0000
 endloop
endfacet
facet normal 0.000000 0.000000 1.000000
 outer loop
  vertex 4.7284 55.3520 2.0000
  vertex 4.6022 55.7235 2.0000
  vertex 2.0000 63.2937 2.0000
 endloop
endfacet
facet normal 0.000000 0.000000 1.000000
 outer loop
  vertex 4.5257 56.1084 2.0000
  vertex 4.5000 56.5000 2.0000
  vertex 2.0000 64.0000 2.0000
 endloop
endfacet
facet normal 0.000000 0.000000 1.000000
 outer loop
  vertex 4.6022 55.7235 2.0000
  vertex 4.5257 56.1084 2.0000
  vertex 2.0000 64.0000 2.0000
 endloop
endfacet
facet normal 0.000000 -0.000000 1.000000
 outer loop
  vertex 4.5000 56.5000 2.0000
  vertex 4.5257 56.8916 2.0000
  vertex 2.0000 64.0000 2.0000
 endloop
endfacet
facet normal 0.000000 -0.000000 1.000000
 outer loop
  vertex 4.5257 56.8916 2.0000
  vertex 4.6022 57.2765 2.0000
  vertex 2.0000 64.0000 2.0000
 endloop
endfacet
facet normal 0.000000 0.000000 1.000000
 outer loop
  vertex 2.0000 64.0000 2.0000
  vertex 4.6022 57.2765 2.0000
  vertex 4.7284 57.6480 2.0000
 endloop
endfacet
facet normal 0.000000 0.000000 1.000000
 outer loop
  vertex 2.0000 64.0000 2.0000
  vertex 4.7284 57.6480 2.0000
  vertex 4.9019 58.0000 2.0000
 endloop
endfacet
facet normal 0.000000 0.000000 1.000000
 outer loop
  vertex 4.6022 55.7235 2.0000
  vertex 2.0000 64.0000 2.0000
  vertex 2.0000 63.2937 2.0000
 endloop
endfacet
facet normal 0.000000 0.000000 1.000000
 outer loop
  vertex 2.0000 64.0000 2.0000
  vertex 4.9019 58.0000 2.0000
  vertex 5.1199 58.3263 2.0000
 endloop
endfacet
facet normal 0.000000 0.000000 1.000000
 outer loop
  vertex 2.0000 64.0000 2.0000
  vertex 5.1199 58.3263 2.0000
  vertex 5.3787 58.6213 2.0000
 endloop
endfacet
facet normal 0.000000 0.000000 1.000000
 outer loop
  vertex 2.0000 64.0000 2.0000
  vertex 5.3787 58.6213 2.0000
  vertex 5.6737 58.8801 2.0000
 endloop
endfacet
facet normal 0.000000 0.000000 1.000000
 outer loop
  vertex 2.0000 64.0000 2.0000
  vertex 5.6737 58.8801 2.0000
  vertex 6.0000 59.0981 2.0000
 endloop
endfacet
facet normal 0.000000 0.000000 1.000000
 outer loop
  vertex 2.0000 64.0000 2.0000
  vertex 6.0000 59.0981 2.0000
  vertex 6.3519 59.2716 2.0000
 endloop
endfacet
facet normal 0.000000 0.000000 1.000000
 outer loop
  vertex 2.0000 64.0000 2.0000
  vertex 6.3519 59.2716 2.0000
  vertex 6.7235 59.3978 2.0000
 endloop
endfacet
facet normal 0.000000 0.000000 1.000000
 outer loop
  vertex 2.0000 64.0000 2.0000
  vertex 6.7235 59.3978 2.0000
  vertex 7.1084 59.4743 2.0000
 endloop
endfacet
facet normal 0.000000 0.000000 1.000000
 outer loop
  vertex 2.0000 64.0000 2.0000
  vertex 7.1084 59.4743 2.0000
  vertex 7.5000 59.5000 2.0000
 endloop
endfacet
facet normal 0.000000 0.000000 1.000000
 outer loop
  vertex 2.0000 64.0000 2.0000
  vertex 7.5000 59.5000 2.0000
  vertex 7.8916 59.4743 2.0000
 endloop
endfacet
facet normal 0.000000 0.000000 1.000000
 outer loop
  vertex 2.0000 64.0000 2.0000
  vertex 7.8916 59.4743 2.0000
  vertex 8.2765 59.3978 2.0000
 endloop
endfacet
facet normal 0.000000 0.000000 1.000000
 outer loop
  vertex 2.0000 64.0000 2.0000
  vertex 8.2765 59.3978 2.0000
  vertex 8.6481 59.2716 2.0000
 endloop
endfacet
facet normal 0.000000 0.000000 1.000000
 outer loop
  vertex 2.0000 64.0000 2.0000
  vertex 8.6481 59.2716 2.0000
  vertex 9.0000 59.0981 2.0000
 endloop
endfacet
facet normal 0.000000 0.000000 1.000000
 outer loop
  vertex 2.0000 64.0000 2.0000
  vertex 9.0000 59.0981 2.0000
  vertex 9.3263 58.8801 2.0000
 endloop
endfacet
facet normal 0.000000 -0.000000 1.000000
 outer loop
  vertex 12.8787 44.0000 2.0000
  vertex 20.1213 44.0000 2.0000
  vertex 10.4743 56.1084 2.0000
 endloop
endfacet
facet normal -0.000000 0.000000 1.000000
 outer loop
  vertex 2.0000 64.0000 2.0000
  vertex 9.3263 58.8801 2.0000
  vertex 25.5000 64.0000 2.0000
 endloop
endfacet
facet normal 0.000000 0.000000 1.000000
 outer loop
  vertex 10.4743 56.1084 2.0000
  vertex 25.5000 64.0000 2.0000
  vertex 10.5000 56.5000 2.0000
 endloop
endfacet
facet normal 0.000000 -0.000000 1.000000
 outer loop
  vertex 10.3978 57.2765 2.0000
  vertex 25.5000 64.0000 2.0000
  vertex 10.2716 57.6480 2.0000
 endloop
endfacet
facet normal 0.000000 -0.000000 1.000000
 outer loop
  vertex 10.2716 57.6480 2.0000
  vertex 25.5000 64.0000 2.0000
  vertex 10.0981 58.0000 2.0000
 endloop
endfacet
facet normal 0.000000 -0.000000 1.000000
 outer loop
  vertex 10.5000 56.5000 2.0000
  vertex 25.5000 64.0000 2.0000
  vertex 10.4743 56.8916 2.0000
 endloop
endfacet
facet normal 0.000000 -0.000000 1.000000
 outer loop
  vertex 10.4743 56.8916 2.0000
  vertex 25.5000 64.0000 2.0000
  vertex 10.3978 57.2765 2.0000
 endloop
endfacet
facet normal -0.000000 0.000000 1.000000
 outer loop
  vertex 9.3263 58.8801 2.0000
  vertex 9.6213 58.6213 2.0000
  vertex 25.5000 64.0000 2.0000
 endloop
endfacet
facet normal -0.000000 0.000000 1.000000
 outer loop
  vertex 9.6213 58.6213 2.0000
  vertex 9.8801 58.3263 2.0000
  vertex 25.5000 64.0000 2.0000
 endloop
endfacet
facet normal -0.000000 0.000000 1.000000
 outer loop
  vertex 9.8801 58.3263 2.0000
  vertex 10.0981 58.0000 2.0000
  vertex 25.5000 64.0000 2.0000
 endloop
endfacet
facet normal 0.000000 0.000000 -1.000000
 outer loop
  vertex 12.8787 39.0000 0.0000
  vertex 25.0000 32.1213 0.0000
  vertex 20.1213 33.0000 0.0000
 endloop
endfacet
facet normal 0.000000 0.000000 -1.000000
 outer loop
  vertex 20.1213 33.0000 0.0000
  vertex 25.0000 32.1213 0.0000
  vertex 21.0000 32.1213 0.0000
 endloop
endfacet
facet normal 0.000000 0.000000 -1.000000
 outer loop
  vertex 12.8787 39.0000 0.0000
  vertex 20.1213 39.0000 0.0000
  vertex 25.0000 32.1213 0.0000
 endloop
endfacet
facet normal 0.000000 0.000000 -1.000000
 outer loop
  vertex 20.1213 39.0000 0.0000
  vertex 21.0000 39.8787 0.0000
  vertex 25.0000 32.1213 0.0000
 endloop
endfacet
facet normal 0.000000 0.000000 -1.000000
 outer loop
  vertex 25.0000 32.1213 0.0000
  vertex 25.8787 39.0000 0.0000
  vertex 25.8787 33.0000 0.0000
 endloop
endfacet
facet normal 0.000000 0.000000 -1.000000
 outer loop
  vertex 21.0000 39.8787 0.0000
  vertex 25.0000 39.8787 0.0000
  vertex 25.0000 32.1213 0.0000
 endloop
endfacet
facet normal 0.000000 0.000000 -1.000000
 outer loop
  vertex 25.0000 32.1213 0.0000
  vertex 25.0000 39.8787 0.0000
  vertex 25.8787 39.0000 0.0000
 endloop
endfacet
facet normal 0.000000 0.000000 -1.000000
 outer loop
  vertex 21.0000 39.8787 0.0000
  vertex 21.0000 43.1213 0.0000
  vertex 25.0000 39.8787 0.0000
 endloop
endfacet
facet normal 0.000000 0.000000 -1.000000
 outer loop
  vertex 21.0000 43.1213 0.0000
  vertex 20.1213 44.0000 0.0000
  vertex 25.5000 51.1716 0.0000
 endloop
endfacet
facet normal 0.000000 0.000000 -1.000000
 outer loop
  vertex 25.0000 39.8787 0.0000
  vertex 21.0000 43.1213 0.0000
  vertex 25.0000 43.1213 0.0000
 endloop
endfacet
facet normal 0.000000 0.000000 -1.000000
 outer loop
  vertex 21.0000 43.1213 0.0000
  vertex 25.5000 51.1716 0.0000
  vertex 25.0000 43.1213 0.0000
 endloop
endfacet
facet normal 0.000000 0.000000 -1.000000
 outer loop
  vertex 25.0000 43.1213 0.0000
  vertex 26.6716 50.0000 0.0000
  vertex 25.8787 44.0000 0.0000
 endloop
endfacet
facet normal 0.000000 0.000000 -1.000000
 outer loop
  vertex 25.8787 33.0000 0.0000
  vertex 33.1213 39.0000 0.0000
  vertex 33.1213 33.0000 0.0000
 endloop
endfacet
facet normal 0.000000 0.000000 -1.000000
 outer loop
  vertex 25.8787 33.0000 0.0000
  vertex 25.8787 39.0000 0.0000
  vertex 33.1213 39.0000 0.0000
 endloop
endfacet
facet normal 0.000000 0.000000 -1.000000
 outer loop
  vertex 34.0000 32.1213 0.0000
  vertex 33.1213 33.0000 0.0000
  vertex 38.8787 39.0000 0.0000
 endloop
endfacet
facet normal 0.000000 0.000000 -1.000000
 outer loop
  vertex 33.1213 33.0000 0.0000
  vertex 33.1213 39.0000 0.0000
  vertex 34.0000 39.8787 0.0000
 endloop
endfacet
facet normal 0.000000 0.000000 -1.000000
 outer loop
  vertex 33.1213 33.0000 0.0000
  vertex 34.0000 39.8787 0.0000
  vertex 38.0000 39.8787 0.0000
 endloop
endfacet
facet normal 0.000000 0.000000 -1.000000
 outer loop
  vertex 25.8787 44.0000 0.0000
  vertex 26.6716 50.0000 0.0000
  vertex 33.1213 44.0000 0.0000
 endloop
endfacet
facet normal 0.000000 0.000000 -1.000000
 outer loop
  vertex 34.0000 39.8787 0.0000
  vertex 34.0000 43.1213 0.0000
  vertex 38.0000 39.8787 0.0000
 endloop
endfacet
facet normal 0.000000 0.000000 -1.000000
 outer loop
  vertex 34.0000 43.1213 0.0000
  vertex 33.1213 44.0000 0.0000
  vertex 38.0000 43.1213 0.0000
 endloop
endfacet
facet normal -0.000000 0.000000 1.000000
 outer loop
  vertex 20.1213 33.0000 2.0000
  vertex 21.0000 32.1213 2.0000
  vertex 25.0000 39.8787 2.0000
 endloop
endfacet
facet normal 0.000000 0.000000 1.000000
 outer loop
  vertex 20.1213 33.0000 2.0000
  vertex 21.0000 39.8787 2.0000
  vertex 20.1213 39.0000 2.0000
 endloop
endfacet
facet normal 0.000000 0.000000 1.000000
 outer loop
  vertex 20.1213 33.0000 2.0000
  vertex 25.0000 39.8787 2.0000
  vertex 21.0000 39.8787 2.0000
 endloop
endfacet
facet normal 0.000000 0.000000 1.000000
 outer loop
  vertex 21.0000 32.1213 2.0000
  vertex 25.0000 32.1213 2.0000
  vertex 25.0000 39.8787 2.0000
 endloop
endfacet
facet normal 0.000000 0.000000 1.000000
 outer loop
  vertex 25.0000 32.1213 2.0000
  vertex 25.8787 33.0000 2.0000
  vertex 25.0000 39.8787 2.0000
 endloop
endfacet
facet normal 0.000000 -0.000000 1.000000
 outer loop
  vertex 25.8787 33.0000 2.0000
  vertex 25.8787 39.0000 2.0000
  vertex 25.0000 39.8787 2.0000
 endloop
endfacet
facet normal 0.000000 0.000000 1.000000
 outer loop
  vertex 21.0000 39.8787 2.0000
  vertex 25.0000 43.1213 2.0000
  vertex 21.0000 43.1213 2.0000
 endloop
endfacet
facet normal 0.000000 0.000000 1.000000
 outer loop
  vertex 10.4743 56.1084 2.0000
  vertex 21.0000 43.1213 2.0000
  vertex 25.0000 43.1213 2.0000
 endloop
endfacet
facet normal 0.000000 0.000000 1.000000
 outer loop
  vertex 10.4743 56.1084 2.0000
  vertex 25.0000 43.1213 2.0000
  vertex 25.8787 44.0000 2.0000
 endloop
endfacet
facet normal 0.000000 0.000000 1.000000
 outer loop
  vertex 21.0000 39.8787 2.0000
  vertex 25.0000 39.8787 2.0000
  vertex 25.0000 43.1213 2.0000
 endloop
endfacet
facet normal 0.000000 0.000000 1.000000
 outer loop
  vertex 25.8787 33.0000 2.0000
  vertex 33.1213 33.0000 2.0000
  vertex 25.8787 39.0000 2.0000
 endloop
endfacet
facet normal -0.000000 0.000000 1.000000
 outer loop
  vertex 25.8787 39.0000 2.0000
  vertex 33.1213 33.0000 2.0000
  vertex 33.1213 39.0000 2.0000
 endloop
endfacet
facet normal 0.000000 0.000000 1.000000
 outer loop
  vertex 34.0000 28.8787 2.0000
  vertex 38.8787 39.0000 2.0000
  vertex 34.0000 32.1213 2.0000
 endloop
endfacet
facet normal 0.000000 -0.000000 1.000000
 outer loop
  vertex 34.0000 32.1213 2.0000
  vertex 38.8787 39.0000 2.0000
  vertex 33.1213 33.0000 2.0000
 endloop
endfacet
facet normal 0.000000 0.000000 1.000000
 outer loop
  vertex 33.1213 33.0000 2.0000
  vertex 34.0000 39.8787 2.0000
  vertex 33.1213 39.0000 2.0000
 endloop
endfacet
facet normal 0.000000 0.000000 1.000000
 outer loop
  vertex 33.1213 33.0000 2.0000
  vertex 38.0000 39.8787 2.0000
  vertex 34.0000 39.8787 2.0000
 endloop
endfacet
facet normal 0.000000 0.000000 1.000000
 outer loop
  vertex 25.8787 44.0000 2.0000
  vertex 33.1213 44.0000 2.0000
  vertex 26.6716 50.0000 2.0000
 endloop
endfacet
facet normal 0.000000 0.000000 1.000000
 outer loop
  vertex 34.0000 39.8787 2.0000
  vertex 38.0000 43.1213 2.0000
  vertex 34.0000 43.1213 2.0000
 endloop
endfacet
facet normal 0.000000 0.000000 1.000000
 outer loop
  vertex 34.0000 43.1213 2.0000
  vertex 31.5858 50.0000 2.0000
  vertex 33.1213 44.0000 2.0000
 endloop
endfacet
facet normal 0.000000 -0.000000 1.000000
 outer loop
  vertex 34.0000 43.1213 2.0000
  vertex 38.0000 43.1213 2.0000
  vertex 31.5858 50.0000 2.0000
 endloop
endfacet
facet normal 0.000000 0.000000 1.000000
 outer loop
  vertex 31.5858 50.0000 2.0000
  vertex 38.0000 43.1213 2.0000
  vertex 38.8787 44.0000 2.0000
 endloop
endfacet
facet normal 0.000000 0.000000 -1.000000
 outer loop
  vertex 25.0000 43.1213 0.0000
  vertex 25.5000 51.1716 0.0000
  vertex 26.6716 50.0000 0.0000
 endloop
endfacet
facet normal 0.000000 0.000000 -1.000000
 outer loop
  vertex 8.2778 57.2778 0.0000
  vertex 25.5000 64.0000 0.0000
  vertex 25.5000 51.1716 0.0000
 endloop
endfacet
facet normal 0.000000 0.000000 -1.000000
 outer loop
  vertex 33.1213 44.0000 0.0000
  vertex 26.6716 50.0000 0.0000
  vertex 46.3284 50.0000 0.0000
 endloop
endfacet
facet normal 0.000000 0.000000 1.000000
 outer loop
  vertex 10.4743 56.1084 2.0000
  vertex 25.8787 44.0000 2.0000
  vertex 25.5000 51.1716 2.0000
 endloop
endfacet
facet normal 0.000000 -0.000000 1.000000
 outer loop
  vertex 25.8787 44.0000 2.0000
  vertex 26.6716 50.0000 2.0000
  vertex 25.5000 51.1716 2.0000
 endloop
endfacet
facet normal -0.000000 0.000000 1.000000
 outer loop
  vertex 10.4743 56.1084 2.0000
  vertex 25.5000 51.1716 2.0000
  vertex 25.5000 64.0000 2.0000
 endloop
endfacet
facet normal 0.000000 0.000000 1.000000
 outer loop
  vertex 33.1213 44.0000 2.0000
  vertex 31.5858 50.0000 2.0000
  vertex 26.6716 50.0000 2.0000
 endloop
endfacet
facet normal 0.000000 0.000000 -1.000000
 outer loop
  vertex 23.1506 0.6294 0.0000
  vertex 49.8494 0.6294 0.0000
  vertex 50.0600 0.5579 0.0000
 endloop
endfacet
facet normal 0.000000 0.000000 -1.000000
 outer loop
  vertex 23.3500 0.7278 0.0000
  vertex 49.6500 0.7278 0.0000
  vertex 49.8494 0.6294 0.0000
 endloop
endfacet
facet normal 0.000000 0.000000 -1.000000
 outer loop
  vertex 23.5349 0.8513 0.0000
  vertex 49.4651 0.8513 0.0000
  vertex 49.6500 0.7278 0.0000
 endloop
endfacet
facet normal 0.000000 0.000000 -1.000000
 outer loop
  vertex 23.7021 0.9979 0.0000
  vertex 49.2979 0.9979 0.0000
  vertex 49.4651 0.8513 0.0000
 endloop
endfacet
facet normal 0.000000 0.000000 -1.000000
 outer loop
  vertex 23.8487 1.1651 0.0000
  vertex 49.1513 1.1651 0.0000
  vertex 49.2979 0.9979 0.0000
 endloop
endfacet
facet normal 0.000000 0.000000 -1.000000
 outer loop
  vertex 23.9722 1.3500 0.0000
  vertex 49.0278 1.3500 0.0000
  vertex 49.1513 1.1651 0.0000
 endloop
endfacet
facet normal 0.000000 0.000000 -1.000000
 outer loop
  vertex 24.0706 1.5494 0.0000
  vertex 48.9294 1.5494 0.0000
  vertex 49.0278 1.3500 0.0000
 endloop
endfacet
facet normal 0.000000 0.000000 -1.000000
 outer loop
  vertex 23.7021 3.4021 0.0000
  vertex 48.8145 1.9781 0.0000
  vertex 48.8579 1.7600 0.0000
 endloop
endfacet
facet normal 0.000000 0.000000 -1.000000
 outer loop
  vertex 23.7021 3.4021 0.0000
  vertex 48.8000 2.2000 0.0000
  vertex 48.8145 1.9781 0.0000
 endloop
endfacet
facet normal 0.000000 0.000000 -1.000000
 outer loop
  vertex 23.7021 3.4021 0.0000
  vertex 48.8145 2.4219 0.0000
  vertex 48.8000 2.2000 0.0000
 endloop
endfacet
facet normal 0.000000 0.000000 -1.000000
 outer loop
  vertex 23.7021 3.4021 0.0000
  vertex 48.8579 2.6400 0.0000
  vertex 48.8145 2.4219 0.0000
 endloop
endfacet
facet normal 0.000000 0.000000 -1.000000
 outer loop
  vertex 23.7021 3.4021 0.0000
  vertex 48.8579 1.7600 0.0000
  vertex 48.9294 1.5494 0.0000
 endloop
endfacet
facet normal 0.000000 -1.000000 0.000000
 outer loop
  vertex 25.0717 0.0000 0.4000
  vertex 47.9283 0.0000 0.4000
  vertex 48.3000 0.0000 0.6717
 endloop
endfacet
facet normal 0.000000 0.000000 -1.000000
 outer loop
  vertex 10.4513 8.0076 0.0000
  vertex 49.6500 3.6722 0.0000
  vertex 49.4651 3.5487 0.0000
 endloop
endfacet
facet normal 0.000000 0.000000 -1.000000
 outer loop
  vertex 10.4513 8.0076 0.0000
  vertex 49.8494 3.7706 0.0000
  vertex 49.6500 3.6722 0.0000
 endloop
endfacet
facet normal 0.000000 0.000000 -1.000000
 outer loop
  vertex 10.4513 8.0076 0.0000
  vertex 50.0600 3.8421 0.0000
  vertex 49.8494 3.7706 0.0000
 endloop
endfacet
facet normal 0.000000 0.000000 -1.000000
 outer loop
  vertex 10.4513 8.0076 0.0000
  vertex 50.2781 3.8855 0.0000
  vertex 50.0600 3.8421 0.0000
 endloop
endfacet
facet normal 0.000000 0.000000 -1.000000
 outer loop
  vertex 10.4513 8.0076 0.0000
  vertex 50.5000 3.9000 0.0000
  vertex 50.2781 3.8855 0.0000
 endloop
endfacet
facet normal 0.000000 0.000000 -1.000000
 outer loop
  vertex 10.4513 8.0076 0.0000
  vertex 50.7219 3.8855 0.0000
  vertex 50.5000 3.9000 0.0000
 endloop
endfacet
facet normal 0.000000 0.000000 -1.000000
 outer loop
  vertex 1.9936 0.2064 0.0000
  vertex 50.5000 0.5000 0.0000
  vertex 71.0000 0.0172 0.0000
 endloop
endfacet
facet normal 0.000000 0.000000 -1.000000
 outer loop
  vertex 22.9400 0.5579 0.0000
  vertex 50.0600 0.5579 0.0000
  vertex 50.2781 0.5145 0.0000
 endloop
endfacet
facet normal 0.000000 -1.000000 0.000000
 outer loop
  vertex 1.7574 0.0000 0.0000
  vertex 71.2426 0.0000 0.0000
  vertex 53.0717 0.0000 0.4000
 endloop
endfacet
facet normal 0.000000 0.000000 -1.000000
 outer loop
  vertex 10.4513 8.0076 0.0000
  vertex 64.7222 6.7222 0.0000
  vertex 50.7219 3.8855 0.0000
 endloop
endfacet
facet normal 0.000000 -1.000000 0.000000
 outer loop
  vertex 23.4113 0.0000 1.3588
  vertex 48.3000 0.0000 0.6717
  vertex 49.0300 0.0000 1.1097
 endloop
endfacet
facet normal 0.000000 -1.000000 0.000000
 outer loop
  vertex 23.4113 0.0000 1.3588
  vertex 49.0300 0.0000 1.1097
  vertex 49.5887 0.0000 1.3588
 endloop
endfacet
facet normal 0.000000 -1.000000 0.000000
 outer loop
  vertex 23.4113 0.0000 1.3588
  vertex 49.5887 0.0000 1.3588
  vertex 50.0624 0.0000 1.4888
 endloop
endfacet
facet normal 0.000000 0.000000 -1.000000
 outer loop
  vertex 33.1213 17.0000 0.0000
  vertex 38.8787 17.0000 0.0000
  vertex 64.4094 7.6436 0.0000
 endloop
endfacet
facet normal 0.000000 0.000000 -1.000000
 outer loop
  vertex 1.9936 0.2064 0.0000
  vertex 71.0000 0.0172 0.0000
  vertex 71.2426 0.0000 0.0000
 endloop
endfacet
facet normal 0.000000 0.000000 -1.000000
 outer loop
  vertex 10.4513 8.0076 0.0000
  vertex 64.4375 7.2153 0.0000
  vertex 64.4837 7.0790 0.0000
 endloop
endfacet
facet normal 0.000000 0.000000 -1.000000
 outer loop
  vertex 10.4513 8.0076 0.0000
  vertex 64.6273 6.8304 0.0000
  vertex 64.7222 6.7222 0.0000
 endloop
endfacet
facet normal 0.000000 0.000000 -1.000000
 outer loop
  vertex 10.4513 8.0076 0.0000
  vertex 64.5474 6.9500 0.0000
  vertex 64.6273 6.8304 0.0000
 endloop
endfacet
facet normal 0.000000 0.000000 -1.000000
 outer loop
  vertex 10.4513 8.0076 0.0000
  vertex 64.4837 7.0790 0.0000
  vertex 64.5474 6.9500 0.0000
 endloop
endfacet
facet normal 0.000000 0.000000 -1.000000
 outer loop
  vertex 10.4513 8.0076 0.0000
  vertex 64.4094 7.3564 0.0000
  vertex 64.4375 7.2153 0.0000
 endloop
endfacet
facet normal 0.000000 0.000000 -1.000000
 outer loop
  vertex 10.4513 8.0076 0.0000
  vertex 64.4000 7.5000 0.0000
  vertex 64.4094 7.3564 0.0000
 endloop
endfacet
facet normal 0.000000 0.000000 -1.000000
 outer loop
  vertex 10.4513 8.0076 0.0000
  vertex 64.4094 7.6436 0.0000
  vertex 64.4000 7.5000 0.0000
 endloop
endfacet
facet normal 0.000000 0.000000 -1.000000
 outer loop
  vertex 38.8787 17.0000 0.0000
  vertex 46.1213 17.0000 0.0000
  vertex 64.4094 7.6436 0.0000
 endloop
endfacet
facet normal 0.000000 0.000000 -1.000000
 outer loop
  vertex 46.1213 17.0000 0.0000
  vertex 51.8787 17.0000 0.0000
  vertex 64.4094 7.6436 0.0000
 endloop
endfacet
facet normal -0.000000 0.000000 1.000000
 outer loop
  vertex 22.5000 0.5000 2.0000
  vertex 71.0000 0.0000 2.0000
  vertex 22.7219 0.5145 2.0000
 endloop
endfacet
facet normal 0.000000 0.000000 1.000000
 outer loop
  vertex 22.9400 0.5579 2.0000
  vertex 50.0600 0.5579 2.0000
  vertex 49.8494 0.6294 2.0000
 endloop
endfacet
facet normal -0.000000 0.000000 1.000000
 outer loop
  vertex 22.9400 0.5579 2.0000
  vertex 50.1328 0.5434 2.0000
  vertex 50.0600 0.5579 2.0000
 endloop
endfacet
facet normal 0.000000 0.000000 1.000000
 outer loop
  vertex 22.7219 0.5145 2.0000
  vertex 50.2053 0.5290 2.0000
  vertex 50.1683 0.5327 2.0000
 endloop
endfacet
facet normal -0.000000 0.000000 1.000000
 outer loop
  vertex 23.3500 0.7278 2.0000
  vertex 49.8494 0.6294 2.0000
  vertex 49.6500 0.7278 2.0000
 endloop
endfacet
facet normal 0.000000 0.000000 1.000000
 outer loop
  vertex 23.4445 0.7865 2.0000
  vertex 49.5555 0.7865 2.0000
  vertex 49.5268 0.8101 2.0000
 endloop
endfacet
facet normal 0.000000 0.000000 1.000000
 outer loop
  vertex 23.4445 0.7865 2.0000
  vertex 49.5268 0.8101 2.0000
  vertex 49.4651 0.8513 2.0000
 endloop
endfacet
facet normal -0.000000 0.000000 1.000000
 outer loop
  vertex 23.4445 0.7865 2.0000
  vertex 49.5883 0.7690 2.0000
  vertex 49.5555 0.7865 2.0000
 endloop
endfacet
facet normal 0.000000 0.000000 1.000000
 outer loop
  vertex 23.4445 0.7865 2.0000
  vertex 49.6500 0.7278 2.0000
  vertex 49.5883 0.7690 2.0000
 endloop
endfacet
facet normal -0.000000 0.000000 1.000000
 outer loop
  vertex 23.7021 0.9979 2.0000
  vertex 49.4651 0.8513 2.0000
  vertex 49.2979 0.9979 2.0000
 endloop
endfacet
facet normal -0.000000 0.000000 1.000000
 outer loop
  vertex 23.8487 1.1651 2.0000
  vertex 49.2979 0.9979 2.0000
  vertex 49.1513 1.1651 2.0000
 endloop
endfacet
facet normal 0.000000 0.000000 1.000000
 outer loop
  vertex 23.8487 1.1651 2.0000
  vertex 49.1513 1.1651 2.0000
  vertex 49.1101 1.2268 2.0000
 endloop
endfacet
facet normal 0.000000 0.000000 1.000000
 outer loop
  vertex 23.8487 1.1651 2.0000
  vertex 49.1101 1.2268 2.0000
  vertex 49.0865 1.2555 2.0000
 endloop
endfacet
facet normal 0.000000 0.000000 1.000000
 outer loop
  vertex 23.9135 1.2555 2.0000
  vertex 49.0690 1.2883 2.0000
  vertex 49.0278 1.3500 2.0000
 endloop
endfacet
facet normal 0.000000 0.000000 1.000000
 outer loop
  vertex 23.9135 1.2555 2.0000
  vertex 49.0865 1.2555 2.0000
  vertex 49.0690 1.2883 2.0000
 endloop
endfacet
facet normal -0.000000 0.000000 1.000000
 outer loop
  vertex 24.0706 1.5494 2.0000
  vertex 49.0278 1.3500 2.0000
  vertex 48.9294 1.5494 2.0000
 endloop
endfacet
facet normal 0.000000 0.000000 1.000000
 outer loop
  vertex 24.0706 1.5494 2.0000
  vertex 48.9294 1.5494 2.0000
  vertex 48.8579 1.7600 2.0000
 endloop
endfacet
facet normal 0.000000 0.000000 1.000000
 outer loop
  vertex 23.1506 3.7706 2.0000
  vertex 48.8434 1.8328 2.0000
  vertex 48.8327 1.8683 2.0000
 endloop
endfacet
facet normal 0.000000 0.000000 1.000000
 outer loop
  vertex 23.1506 3.7706 2.0000
  vertex 48.8579 1.7600 2.0000
  vertex 48.8434 1.8328 2.0000
 endloop
endfacet
facet normal 0.000000 0.000000 1.000000
 outer loop
  vertex 10.5000 7.5000 2.0000
  vertex 49.5268 3.5899 2.0000
  vertex 49.5555 3.6135 2.0000
 endloop
endfacet
facet normal 0.000000 0.000000 1.000000
 outer loop
  vertex 10.5000 7.5000 2.0000
  vertex 49.5555 3.6135 2.0000
  vertex 49.5883 3.6310 2.0000
 endloop
endfacet
facet normal 0.000000 0.000000 1.000000
 outer loop
  vertex 10.5000 7.5000 2.0000
  vertex 49.5883 3.6310 2.0000
  vertex 49.6500 3.6722 2.0000
 endloop
endfacet
facet normal 0.000000 0.000000 1.000000
 outer loop
  vertex 10.5000 7.5000 2.0000
  vertex 49.6500 3.6722 2.0000
  vertex 49.8494 3.7706 2.0000
 endloop
endfacet
facet normal 0.000000 0.000000 1.000000
 outer loop
  vertex 10.5000 7.5000 2.0000
  vertex 49.8494 3.7706 2.0000
  vertex 50.0600 3.8421 2.0000
 endloop
endfacet
facet normal 0.000000 0.000000 1.000000
 outer loop
  vertex 10.5000 7.5000 2.0000
  vertex 50.0600 3.8421 2.0000
  vertex 50.1328 3.8566 2.0000
 endloop
endfacet
facet normal 0.000000 0.000000 1.000000
 outer loop
  vertex 10.5000 7.5000 2.0000
  vertex 50.1328 3.8566 2.0000
  vertex 50.1683 3.8673 2.0000
 endloop
endfacet
facet normal 0.000000 0.000000 1.000000
 outer loop
  vertex 10.5000 7.5000 2.0000
  vertex 50.1683 3.8673 2.0000
  vertex 50.2053 3.8710 2.0000
 endloop
endfacet
facet normal 0.000000 0.000000 1.000000
 outer loop
  vertex 10.5000 7.5000 2.0000
  vertex 50.2053 3.8710 2.0000
  vertex 50.2781 3.8855 2.0000
 endloop
endfacet
facet normal 0.000000 0.000000 1.000000
 outer loop
  vertex 10.5000 7.5000 2.0000
  vertex 50.2781 3.8855 2.0000
  vertex 50.5000 3.9000 2.0000
 endloop
endfacet
facet normal 0.000000 -1.000000 0.000000
 outer loop
  vertex 2.0000 0.0000 2.0000
  vertex 50.5000 0.0000 1.5294
  vertex 71.0000 0.0000 2.0000
 endloop
endfacet
facet normal 0.000000 0.000000 1.000000
 outer loop
  vertex 22.9400 0.5579 2.0000
  vertex 50.1683 0.5327 2.0000
  vertex 50.1328 0.5434 2.0000
 endloop
endfacet
facet normal 0.000000 0.000000 1.000000
 outer loop
  vertex 22.7219 0.5145 2.0000
  vertex 50.2781 0.5145 2.0000
  vertex 50.2053 0.5290 2.0000
 endloop
endfacet
facet normal -0.000000 0.000000 1.000000
 outer loop
  vertex 22.7219 0.5145 2.0000
  vertex 50.5000 0.5000 2.0000
  vertex 50.2781 0.5145 2.0000
 endloop
endfacet
facet normal 0.000000 0.000000 1.000000
 outer loop
  vertex 10.5000 7.5000 2.0000
  vertex 50.5000 3.9000 2.0000
  vertex 65.2322 4.3678 2.0000
 endloop
endfacet
facet normal 0.000000 0.000000 1.000000
 outer loop
  vertex 10.5000 7.5000 2.0000
  vertex 63.1199 5.6737 2.0000
  vertex 62.9019 6.0000 2.0000
 endloop
endfacet
facet normal 0.000000 0.000000 1.000000
 outer loop
  vertex 10.5000 7.5000 2.0000
  vertex 62.7284 6.3519 2.0000
  vertex 62.6022 6.7235 2.0000
 endloop
endfacet
facet normal 0.000000 0.000000 1.000000
 outer loop
  vertex 10.5000 7.5000 2.0000
  vertex 62.9019 6.0000 2.0000
  vertex 62.7284 6.3519 2.0000
 endloop
endfacet
facet normal 0.000000 0.000000 1.000000
 outer loop
  vertex 10.5000 7.5000 2.0000
  vertex 62.6022 6.7235 2.0000
  vertex 62.5257 7.1084 2.0000
 endloop
endfacet
facet normal -0.000000 0.000000 1.000000
 outer loop
  vertex 10.5000 7.5000 2.0000
  vertex 62.5257 7.1084 2.0000
  vertex 62.5000 7.5000 2.0000
 endloop
endfacet
facet normal 0.000000 0.000000 1.000000
 outer loop
  vertex 10.5000 7.5000 2.0000
  vertex 62.5000 7.5000 2.0000
  vertex 62.5257 7.8916 2.0000
 endloop
endfacet
facet normal 0.000000 0.000000 1.000000
 outer loop
  vertex 10.5000 7.5000 2.0000
  vertex 62.5257 7.8916 2.0000
  vertex 62.6022 8.2765 2.0000
 endloop
endfacet
facet normal 0.000000 0.000000 1.000000
 outer loop
  vertex 10.5000 7.5000 2.0000
  vertex 65.5000 10.5000 2.0000
  vertex 46.1213 17.0000 2.0000
 endloop
endfacet
facet normal 0.000000 0.000000 1.000000
 outer loop
  vertex 10.5000 7.5000 2.0000
  vertex 62.6022 8.2765 2.0000
  vertex 62.7284 8.6481 2.0000
 endloop
endfacet
facet normal 0.000000 0.000000 1.000000
 outer loop
  vertex 10.5000 7.5000 2.0000
  vertex 62.7284 8.6481 2.0000
  vertex 62.9019 9.0000 2.0000
 endloop
endfacet
facet normal 0.000000 0.000000 1.000000
 outer loop
  vertex 10.5000 7.5000 2.0000
  vertex 62.9019 9.0000 2.0000
  vertex 63.1199 9.3263 2.0000
 endloop
endfacet
facet normal 0.000000 0.000000 1.000000
 outer loop
  vertex 22.7219 0.5145 2.0000
  vertex 71.0000 0.0000 2.0000
  vertex 50.5000 0.5000 2.0000
 endloop
endfacet
facet normal 0.000000 0.000000 1.000000
 outer loop
  vertex 10.5000 7.5000 2.0000
  vertex 63.6737 5.1199 2.0000
  vertex 63.3787 5.3787 2.0000
 endloop
endfacet
facet normal 0.000000 0.000000 1.000000
 outer loop
  vertex 10.5000 7.5000 2.0000
  vertex 64.0000 4.9019 2.0000
  vertex 63.6737 5.1199 2.0000
 endloop
endfacet
facet normal 0.000000 0.000000 1.000000
 outer loop
  vertex 10.5000 7.5000 2.0000
  vertex 64.3520 4.7284 2.0000
  vertex 64.0000 4.9019 2.0000
 endloop
endfacet
facet normal 0.000000 0.000000 1.000000
 outer loop
  vertex 10.5000 7.5000 2.0000
  vertex 64.7235 4.6022 2.0000
  vertex 64.3520 4.7284 2.0000
 endloop
endfacet
facet normal 0.000000 0.000000 1.000000
 outer loop
  vertex 10.5000 7.5000 2.0000
  vertex 65.2322 4.3678 2.0000
  vertex 65.1084 4.5257 2.0000
 endloop
endfacet
facet normal 0.000000 0.000000 1.000000
 outer loop
  vertex 10.5000 7.5000 2.0000
  vertex 65.1084 4.5257 2.0000
  vertex 64.7235 4.6022 2.0000
 endloop
endfacet
facet normal 0.000000 0.000000 1.000000
 outer loop
  vertex 10.5000 7.5000 2.0000
  vertex 63.3787 5.3787 2.0000
  vertex 63.1199 5.6737 2.0000
 endloop
endfacet
facet normal 0.000000 0.000000 1.000000
 outer loop
  vertex 10.5000 7.5000 2.0000
  vertex 63.1199 9.3263 2.0000
  vertex 63.3787 9.6213 2.0000
 endloop
endfacet
facet normal 0.000000 0.000000 1.000000
 outer loop
  vertex 10.5000 7.5000 2.0000
  vertex 63.3787 9.6213 2.0000
  vertex 63.6737 9.8801 2.0000
 endloop
endfacet
facet normal 0.000000 0.000000 1.000000
 outer loop
  vertex 10.5000 7.5000 2.0000
  vertex 63.6737 9.8801 2.0000
  vertex 64.0000 10.0981 2.0000
 endloop
endfacet
facet normal 0.000000 0.000000 1.000000
 outer loop
  vertex 10.5000 7.5000 2.0000
  vertex 64.0000 10.0981 2.0000
  vertex 64.3520 10.2716 2.0000
 endloop
endfacet
facet normal 0.000000 0.000000 1.000000
 outer loop
  vertex 10.5000 7.5000 2.0000
  vertex 64.3520 10.2716 2.0000
  vertex 64.7235 10.3978 2.0000
 endloop
endfacet
facet normal 0.000000 0.000000 1.000000
 outer loop
  vertex 10.5000 7.5000 2.0000
  vertex 64.7235 10.3978 2.0000
  vertex 65.1084 10.4743 2.0000
 endloop
endfacet
facet normal 0.000000 0.000000 1.000000
 outer loop
  vertex 10.5000 7.5000 2.0000
  vertex 65.1084 10.4743 2.0000
  vertex 65.5000 10.5000 2.0000
 endloop
endfacet
facet normal -0.000000 0.000000 1.000000
 outer loop
  vertex 46.1213 17.0000 2.0000
  vertex 65.5000 10.5000 2.0000
  vertex 51.8787 17.0000 2.0000
 endloop
endfacet
facet normal 0.000000 0.000000 -1.000000
 outer loop
  vertex 34.0000 17.8787 0.0000
  vertex 38.0000 17.8787 0.0000
  vertex 38.8787 17.0000 0.0000
 endloop
endfacet
facet normal 0.000000 0.000000 -1.000000
 outer loop
  vertex 34.0000 21.1213 0.0000
  vertex 38.0000 21.1213 0.0000
  vertex 38.0000 17.8787 0.0000
 endloop
endfacet
facet normal 0.000000 0.000000 -1.000000
 outer loop
  vertex 34.0000 21.1213 0.0000
  vertex 38.8787 28.0000 0.0000
  vertex 38.0000 21.1213 0.0000
 endloop
endfacet
facet normal 0.000000 0.000000 -1.000000
 outer loop
  vertex 38.0000 21.1213 0.0000
  vertex 38.8787 28.0000 0.0000
  vertex 38.8787 22.0000 0.0000
 endloop
endfacet
facet normal 0.000000 0.000000 -1.000000
 outer loop
  vertex 33.1213 22.0000 0.0000
  vertex 38.0000 28.8787 0.0000
  vertex 38.8787 28.0000 0.0000
 endloop
endfacet
facet normal 0.000000 0.000000 -1.000000
 outer loop
  vertex 26.3026 22.0000 0.0000
  vertex 45.7023 39.0000 0.0000
  vertex 38.8787 33.0000 0.0000
 endloop
endfacet
facet normal 0.000000 0.000000 -1.000000
 outer loop
  vertex 33.1213 28.0000 0.0000
  vertex 34.0000 28.8787 0.0000
  vertex 45.7023 39.0000 0.0000
 endloop
endfacet
facet normal 0.000000 0.000000 -1.000000
 outer loop
  vertex 38.8787 22.0000 0.0000
  vertex 38.8787 28.0000 0.0000
  vertex 46.1213 28.0000 0.0000
 endloop
endfacet
facet normal 0.000000 0.000000 -1.000000
 outer loop
  vertex 38.8787 22.0000 0.0000
  vertex 46.1213 28.0000 0.0000
  vertex 46.1213 22.0000 0.0000
 endloop
endfacet
facet normal 0.000000 0.000000 -1.000000
 outer loop
  vertex 46.1213 17.0000 0.0000
  vertex 47.0000 17.8787 0.0000
  vertex 51.8787 17.0000 0.0000
 endloop
endfacet
facet normal 0.000000 0.000000 -1.000000
 outer loop
  vertex 47.0000 17.8787 0.0000
  vertex 51.0000 17.8787 0.0000
  vertex 51.8787 17.0000 0.0000
 endloop
endfacet
facet normal 0.000000 0.000000 -1.000000
 outer loop
  vertex 47.0000 17.8787 0.0000
  vertex 47.0000 21.1213 0.0000
  vertex 51.0000 17.8787 0.0000
 endloop
endfacet
facet normal 0.000000 0.000000 -1.000000
 outer loop
  vertex 47.0000 21.1213 0.0000
  vertex 46.1213 22.0000 0.0000
  vertex 51.0000 21.1213 0.0000
 endloop
endfacet
facet normal 0.000000 0.000000 -1.000000
 outer loop
  vertex 47.0000 21.1213 0.0000
  vertex 51.0000 21.1213 0.0000
  vertex 51.0000 17.8787 0.0000
 endloop
endfacet
facet normal 0.000000 0.000000 -1.000000
 outer loop
  vertex 46.1213 22.0000 0.0000
  vertex 51.8787 22.0000 0.0000
  vertex 51.0000 21.1213 0.0000
 endloop
endfacet
facet normal 0.000000 0.000000 -1.000000
 outer loop
  vertex 46.1213 22.0000 0.0000
  vertex 46.1213 28.0000 0.0000
  vertex 51.8787 22.0000 0.0000
 endloop
endfacet
facet normal 0.000000 0.000000 -1.000000
 outer loop
  vertex 51.8787 22.0000 0.0000
  vertex 46.1213 28.0000 0.0000
  vertex 47.0000 28.8787 0.0000
 endloop
endfacet
facet normal 0.000000 0.000000 -1.000000
 outer loop
  vertex 51.8787 22.0000 0.0000
  vertex 47.0000 28.8787 0.0000
  vertex 51.0000 28.8787 0.0000
 endloop
endfacet
facet normal 0.000000 0.000000 -1.000000
 outer loop
  vertex 47.0000 28.8787 0.0000
  vertex 47.0000 32.1213 0.0000
  vertex 51.0000 28.8787 0.0000
 endloop
endfacet
facet normal 0.000000 0.000000 -1.000000
 outer loop
  vertex 51.0000 28.8787 0.0000
  vertex 47.0000 32.1213 0.0000
  vertex 51.0000 32.1213 0.0000
 endloop
endfacet
facet normal 0.000000 0.000000 -1.000000
 outer loop
  vertex 51.8787 22.0000 0.0000
  vertex 51.0000 28.8787 0.0000
  vertex 51.8787 28.0000 0.0000
 endloop
endfacet
facet normal 0.000000 0.000000 -1.000000
 outer loop
  vertex 51.8787 22.0000 0.0000
  vertex 51.8787 28.0000 0.0000
  vertex 59.1213 28.0000 0.0000
 endloop
endfacet
facet normal 0.000000 0.000000 1.000000
 outer loop
  vertex 33.1213 17.0000 2.0000
  vertex 38.8787 17.0000 2.0000
  vertex 38.0000 17.8787 2.0000
 endloop
endfacet
facet normal 0.000000 0.000000 1.000000
 outer loop
  vertex 34.0000 17.8787 2.0000
  vertex 38.0000 17.8787 2.0000
  vertex 38.0000 21.1213 2.0000
 endloop
endfacet
facet normal 0.000000 0.000000 1.000000
 outer loop
  vertex 34.0000 21.1213 2.0000
  vertex 38.0000 21.1213 2.0000
  vertex 38.8787 22.0000 2.0000
 endloop
endfacet
facet normal 0.000000 0.000000 1.000000
 outer loop
  vertex 34.0000 21.1213 2.0000
  vertex 38.8787 22.0000 2.0000
  vertex 46.1213 28.0000 2.0000
 endloop
endfacet
facet normal 0.000000 0.000000 1.000000
 outer loop
  vertex 33.1213 22.0000 2.0000
  vertex 38.8787 28.0000 2.0000
  vertex 38.0000 28.8787 2.0000
 endloop
endfacet
facet normal 0.000000 0.000000 1.000000
 outer loop
  vertex 34.0000 21.1213 2.0000
  vertex 46.1213 28.0000 2.0000
  vertex 38.8787 28.0000 2.0000
 endloop
endfacet
facet normal 0.000000 0.000000 1.000000
 outer loop
  vertex 33.1213 28.0000 2.0000
  vertex 38.0000 32.1213 2.0000
  vertex 38.8787 33.0000 2.0000
 endloop
endfacet
facet normal 0.000000 0.000000 1.000000
 outer loop
  vertex 33.1213 28.0000 2.0000
  vertex 44.7248 39.0000 2.0000
  vertex 34.0000 28.8787 2.0000
 endloop
endfacet
facet normal 0.000000 0.000000 1.000000
 outer loop
  vertex 38.8787 22.0000 2.0000
  vertex 46.1213 22.0000 2.0000
  vertex 46.1213 28.0000 2.0000
 endloop
endfacet
facet normal 0.000000 0.000000 1.000000
 outer loop
  vertex 46.1213 17.0000 2.0000
  vertex 51.0000 17.8787 2.0000
  vertex 47.0000 17.8787 2.0000
 endloop
endfacet
facet normal 0.000000 0.000000 1.000000
 outer loop
  vertex 46.1213 17.0000 2.0000
  vertex 51.8787 17.0000 2.0000
  vertex 51.0000 17.8787 2.0000
 endloop
endfacet
facet normal 0.000000 0.000000 1.000000
 outer loop
  vertex 47.0000 17.8787 2.0000
  vertex 51.0000 17.8787 2.0000
  vertex 51.0000 21.1213 2.0000
 endloop
endfacet
facet normal 0.000000 0.000000 1.000000
 outer loop
  vertex 47.0000 17.8787 2.0000
  vertex 51.0000 21.1213 2.0000
  vertex 47.0000 21.1213 2.0000
 endloop
endfacet
facet normal 0.000000 -0.000000 1.000000
 outer loop
  vertex 47.0000 21.1213 2.0000
  vertex 51.8787 22.0000 2.0000
  vertex 46.1213 22.0000 2.0000
 endloop
endfacet
facet normal 0.000000 0.000000 1.000000
 outer loop
  vertex 47.0000 21.1213 2.0000
  vertex 51.0000 21.1213 2.0000
  vertex 51.8787 22.0000 2.0000
 endloop
endfacet
facet normal 0.000000 0.000000 1.000000
 outer loop
  vertex 46.1213 22.0000 2.0000
  vertex 51.8787 22.0000 2.0000
  vertex 46.1213 28.0000 2.0000
 endloop
endfacet
facet normal 0.000000 0.000000 1.000000
 outer loop
  vertex 51.8787 22.0000 2.0000
  vertex 47.0000 28.8787 2.0000
  vertex 46.1213 28.0000 2.0000
 endloop
endfacet
facet normal 0.000000 0.000000 1.000000
 outer loop
  vertex 51.8787 22.0000 2.0000
  vertex 47.0000 32.1213 2.0000
  vertex 47.0000 28.8787 2.0000
 endloop
endfacet
facet normal 0.000000 0.000000 1.000000
 outer loop
  vertex 51.0000 28.8787 2.0000
  vertex 47.0000 32.1213 2.0000
  vertex 51.8787 28.0000 2.0000
 endloop
endfacet
facet normal 0.000000 -0.000000 1.000000
 outer loop
  vertex 51.0000 28.8787 2.0000
  vertex 51.0000 32.1213 2.0000
  vertex 47.0000 32.1213 2.0000
 endloop
endfacet
facet normal 0.000000 -0.000000 1.000000
 outer loop
  vertex 51.8787 22.0000 2.0000
  vertex 51.8787 28.0000 2.0000
  vertex 47.0000 32.1213 2.0000
 endloop
endfacet
facet normal 0.000000 0.000000 1.000000
 outer loop
  vertex 51.8787 22.0000 2.0000
  vertex 59.1213 22.0000 2.0000
  vertex 51.8787 28.0000 2.0000
 endloop
endfacet
facet normal 0.000000 0.000000 -1.000000
 outer loop
  vertex 50.5000 0.5000 0.0000
  vertex 50.7219 0.5145 0.0000
  vertex 71.0000 0.0172 0.0000
 endloop
endfacet
facet normal 0.000000 0.000000 -1.000000
 outer loop
  vertex 50.7219 0.5145 0.0000
  vertex 50.9400 0.5579 0.0000
  vertex 71.0000 0.0172 0.0000
 endloop
endfacet
facet normal 0.000000 0.000000 -1.000000
 outer loop
  vertex 50.9400 0.5579 0.0000
  vertex 51.1506 0.6294 0.0000
  vertex 71.0000 0.0172 0.0000
 endloop
endfacet
facet normal 0.000000 0.000000 -1.000000
 outer loop
  vertex 51.1506 0.6294 0.0000
  vertex 51.3500 0.7278 0.0000
  vertex 71.0000 0.0172 0.0000
 endloop
endfacet
facet normal 0.000000 0.000000 -1.000000
 outer loop
  vertex 51.3500 0.7278 0.0000
  vertex 51.5349 0.8513 0.0000
  vertex 71.0000 0.0172 0.0000
 endloop
endfacet
facet normal 0.000000 0.000000 -1.000000
 outer loop
  vertex 51.5349 0.8513 0.0000
  vertex 51.7021 0.9979 0.0000
  vertex 71.0000 0.0172 0.0000
 endloop
endfacet
facet normal 0.000000 0.000000 -1.000000
 outer loop
  vertex 51.7021 0.9979 0.0000
  vertex 51.8487 1.1651 0.0000
  vertex 71.0000 0.0172 0.0000
 endloop
endfacet
facet normal 0.000000 0.000000 -1.000000
 outer loop
  vertex 51.8487 1.1651 0.0000
  vertex 51.9722 1.3500 0.0000
  vertex 71.0000 0.0172 0.0000
 endloop
endfacet
facet normal 0.000000 0.000000 -1.000000
 outer loop
  vertex 51.9722 1.3500 0.0000
  vertex 52.0706 1.5494 0.0000
  vertex 71.0000 0.0172 0.0000
 endloop
endfacet
facet normal 0.000000 0.000000 -1.000000
 outer loop
  vertex 52.0706 1.5494 0.0000
  vertex 52.1421 1.7600 0.0000
  vertex 71.0000 0.0172 0.0000
 endloop
endfacet
facet normal 0.000000 0.000000 -1.000000
 outer loop
  vertex 52.1421 1.7600 0.0000
  vertex 52.1855 1.9781 0.0000
  vertex 71.0000 0.0172 0.0000
 endloop
endfacet
facet normal 0.000000 0.000000 -1.000000
 outer loop
  vertex 52.1855 1.9781 0.0000
  vertex 52.2000 2.2000 0.0000
  vertex 71.0000 0.0172 0.0000
 endloop
endfacet
facet normal 0.000000 0.000000 -1.000000
 outer loop
  vertex 52.1855 2.4219 0.0000
  vertex 52.1421 2.6400 0.0000
  vertex 71.0000 0.3837 0.0000
 endloop
endfacet
facet normal 0.000000 0.000000 -1.000000
 outer loop
  vertex 52.1421 2.6400 0.0000
  vertex 52.0706 2.8506 0.0000
  vertex 71.0000 0.3837 0.0000
 endloop
endfacet
facet normal 0.000000 0.000000 -1.000000
 outer loop
  vertex 52.2000 2.2000 0.0000
  vertex 52.1855 2.4219 0.0000
  vertex 71.0000 0.0172 0.0000
 endloop
endfacet
facet normal 0.000000 0.000000 -1.000000
 outer loop
  vertex 50.7219 3.8855 0.0000
  vertex 64.7222 6.7222 0.0000
  vertex 50.9400 3.8421 0.0000
 endloop
endfacet
facet normal 0.000000 0.000000 -1.000000
 outer loop
  vertex 50.9400 3.8421 0.0000
  vertex 64.7222 6.7222 0.0000
  vertex 51.1506 3.7706 0.0000
 endloop
endfacet
facet normal 0.000000 0.000000 -1.000000
 outer loop
  vertex 51.1506 3.7706 0.0000
  vertex 64.7222 6.7222 0.0000
  vertex 51.3500 3.6722 0.0000
 endloop
endfacet
facet normal 0.000000 0.000000 -1.000000
 outer loop
  vertex 51.3500 3.6722 0.0000
  vertex 64.7222 6.7222 0.0000
  vertex 51.5349 3.5487 0.0000
 endloop
endfacet
facet normal 0.000000 0.000000 -1.000000
 outer loop
  vertex 51.8487 3.2349 0.0000
  vertex 51.7021 3.4021 0.0000
  vertex 64.7222 6.7222 0.0000
 endloop
endfacet
facet normal 0.000000 0.000000 -1.000000
 outer loop
  vertex 52.0706 2.8506 0.0000
  vertex 51.9722 3.0500 0.0000
  vertex 64.7222 6.7222 0.0000
 endloop
endfacet
facet normal 0.000000 0.000000 -1.000000
 outer loop
  vertex 51.8487 3.2349 0.0000
  vertex 64.7222 6.7222 0.0000
  vertex 51.9722 3.0500 0.0000
 endloop
endfacet
facet normal 0.000000 0.000000 -1.000000
 outer loop
  vertex 51.7021 3.4021 0.0000
  vertex 51.5349 3.5487 0.0000
  vertex 64.7222 6.7222 0.0000
 endloop
endfacet
facet normal 0.000000 0.000000 -1.000000
 outer loop
  vertex 52.0706 2.8506 0.0000
  vertex 66.1273 1.9304 0.0000
  vertex 66.2222 1.8222 0.0000
 endloop
endfacet
facet normal 0.000000 0.000000 -1.000000
 outer loop
  vertex 52.0706 2.8506 0.0000
  vertex 66.2222 1.8222 0.0000
  vertex 66.3304 1.7273 0.0000
 endloop
endfacet
facet normal 0.000000 0.000000 -1.000000
 outer loop
  vertex 52.0706 2.8506 0.0000
  vertex 65.9837 2.1790 0.0000
  vertex 66.0474 2.0500 0.0000
 endloop
endfacet
facet normal 0.000000 0.000000 -1.000000
 outer loop
  vertex 52.0706 2.8506 0.0000
  vertex 66.0474 2.0500 0.0000
  vertex 66.1273 1.9304 0.0000
 endloop
endfacet
facet normal 0.000000 0.000000 -1.000000
 outer loop
  vertex 52.0706 2.8506 0.0000
  vertex 65.9375 2.3153 0.0000
  vertex 65.9837 2.1790 0.0000
 endloop
endfacet
facet normal 0.000000 0.000000 -1.000000
 outer loop
  vertex 52.0706 2.8506 0.0000
  vertex 65.9094 2.4564 0.0000
  vertex 65.9375 2.3153 0.0000
 endloop
endfacet
facet normal 0.000000 0.000000 -1.000000
 outer loop
  vertex 52.0706 2.8506 0.0000
  vertex 65.9000 2.6000 0.0000
  vertex 65.9094 2.4564 0.0000
 endloop
endfacet
facet normal 0.000000 0.000000 -1.000000
 outer loop
  vertex 52.0706 2.8506 0.0000
  vertex 65.9094 2.7436 0.0000
  vertex 65.9000 2.6000 0.0000
 endloop
endfacet
facet normal 0.000000 0.000000 -1.000000
 outer loop
  vertex 52.0706 2.8506 0.0000
  vertex 65.9375 2.8847 0.0000
  vertex 65.9094 2.7436 0.0000
 endloop
endfacet
facet normal 0.000000 0.000000 -1.000000
 outer loop
  vertex 52.0706 2.8506 0.0000
  vertex 66.5790 1.5837 0.0000
  vertex 66.7153 1.5375 0.0000
 endloop
endfacet
facet normal 0.000000 0.000000 -1.000000
 outer loop
  vertex 52.0706 2.8506 0.0000
  vertex 66.7153 1.5375 0.0000
  vertex 71.0000 0.3837 0.0000
 endloop
endfacet
facet normal 0.000000 0.000000 -1.000000
 outer loop
  vertex 52.0706 2.8506 0.0000
  vertex 66.3304 1.7273 0.0000
  vertex 66.4500 1.6474 0.0000
 endloop
endfacet
facet normal 0.000000 0.000000 -1.000000
 outer loop
  vertex 52.0706 2.8506 0.0000
  vertex 66.4500 1.6474 0.0000
  vertex 66.5790 1.5837 0.0000
 endloop
endfacet
facet normal 0.000000 0.000000 -1.000000
 outer loop
  vertex 52.0706 2.8506 0.0000
  vertex 64.7222 6.7222 0.0000
  vertex 65.9375 2.8847 0.0000
 endloop
endfacet
facet normal 0.000000 -1.000000 0.000000
 outer loop
  vertex 53.0717 0.0000 0.4000
  vertex 71.0000 0.0000 2.0000
  vertex 52.7000 0.0000 0.6717
 endloop
endfacet
facet normal 0.000000 -1.000000 0.000000
 outer loop
  vertex 52.7000 0.0000 0.6717
  vertex 71.0000 0.0000 2.0000
  vertex 51.9700 0.0000 1.1097
 endloop
endfacet
facet normal 0.000000 -1.000000 0.000000
 outer loop
  vertex 51.9700 0.0000 1.1097
  vertex 71.0000 0.0000 2.0000
  vertex 51.4113 0.0000 1.3588
 endloop
endfacet
facet normal 0.000000 -1.000000 0.000000
 outer loop
  vertex 50.9376 0.0000 1.4888
  vertex 51.4113 0.0000 1.3588
  vertex 71.0000 0.0000 2.0000
 endloop
endfacet
facet normal 0.000000 -1.000000 0.000000
 outer loop
  vertex 50.5000 0.0000 1.5294
  vertex 50.9376 0.0000 1.4888
  vertex 71.0000 0.0000 2.0000
 endloop
endfacet
facet normal 0.000000 0.000000 -1.000000
 outer loop
  vertex 51.8787 17.0000 0.0000
  vertex 59.1213 17.0000 0.0000
  vertex 64.4094 7.6436 0.0000
 endloop
endfacet
facet normal 0.000000 0.000000 -1.000000
 outer loop
  vertex 64.4094 7.6436 0.0000
  vertex 59.1213 17.0000 0.0000
  vertex 60.0000 17.8787 0.0000
 endloop
endfacet
facet normal 0.000000 0.000000 -1.000000
 outer loop
  vertex 64.4094 7.6436 0.0000
  vertex 60.0000 17.8787 0.0000
  vertex 60.0000 21.1213 0.0000
 endloop
endfacet
facet normal 0.000000 0.000000 -1.000000
 outer loop
  vertex 52.1855 2.4219 0.0000
  vertex 71.0000 0.3837 0.0000
  vertex 71.0000 0.0172 0.0000
 endloop
endfacet
facet normal 0.000000 0.000000 -1.000000
 outer loop
  vertex 71.0000 0.3837 0.0000
  vertex 66.7153 1.5375 0.0000
  vertex 66.8564 1.5094 0.0000
 endloop
endfacet
facet normal 0.000000 0.000000 -1.000000
 outer loop
  vertex 71.0000 0.3837 0.0000
  vertex 66.8564 1.5094 0.0000
  vertex 67.0000 1.5000 0.0000
 endloop
endfacet
facet normal 0.000000 0.000000 -1.000000
 outer loop
  vertex 71.0000 0.3837 0.0000
  vertex 67.0000 1.5000 0.0000
  vertex 67.1436 1.5094 0.0000
 endloop
endfacet
facet normal 0.000000 0.000000 -1.000000
 outer loop
  vertex 64.7222 6.7222 0.0000
  vertex 71.0000 0.3837 0.0000
  vertex 67.7778 3.3778 0.0000
 endloop
endfacet
facet normal 0.000000 -1.000000 0.000000
 outer loop
  vertex 53.0717 0.0000 0.4000
  vertex 71.2426 0.0000 0.0000
  vertex 71.0000 0.0000 2.0000
 endloop
endfacet
facet normal 0.000000 0.000000 -1.000000
 outer loop
  vertex 64.7222 6.7222 0.0000
  vertex 65.9837 3.0210 0.0000
  vertex 65.9375 2.8847 0.0000
 endloop
endfacet
facet normal 0.000000 0.000000 -1.000000
 outer loop
  vertex 64.7222 6.7222 0.0000
  vertex 66.0474 3.1500 0.0000
  vertex 65.9837 3.0210 0.0000
 endloop
endfacet
facet normal 0.000000 0.000000 -1.000000
 outer loop
  vertex 64.7222 6.7222 0.0000
  vertex 66.1273 3.2696 0.0000
  vertex 66.0474 3.1500 0.0000
 endloop
endfacet
facet normal 0.000000 0.000000 -1.000000
 outer loop
  vertex 64.7222 6.7222 0.0000
  vertex 66.2222 3.3778 0.0000
  vertex 66.1273 3.2696 0.0000
 endloop
endfacet
facet normal 0.000000 0.000000 -1.000000
 outer loop
  vertex 64.7222 6.7222 0.0000
  vertex 66.3304 3.4727 0.0000
  vertex 66.2222 3.3778 0.0000
 endloop
endfacet
facet normal 0.000000 0.000000 -1.000000
 outer loop
  vertex 64.7222 6.7222 0.0000
  vertex 66.4500 3.5526 0.0000
  vertex 66.3304 3.4727 0.0000
 endloop
endfacet
facet normal 0.000000 0.000000 -1.000000
 outer loop
  vertex 64.7222 6.7222 0.0000
  vertex 66.5790 3.6163 0.0000
  vertex 66.4500 3.5526 0.0000
 endloop
endfacet
facet normal 0.000000 0.000000 -1.000000
 outer loop
  vertex 64.7222 6.7222 0.0000
  vertex 66.7153 3.6625 0.0000
  vertex 66.5790 3.6163 0.0000
 endloop
endfacet
facet normal 0.000000 0.000000 -1.000000
 outer loop
  vertex 64.7222 6.7222 0.0000
  vertex 66.8564 3.6906 0.0000
  vertex 66.7153 3.6625 0.0000
 endloop
endfacet
facet normal 0.000000 0.000000 -1.000000
 outer loop
  vertex 64.7222 6.7222 0.0000
  vertex 67.0000 3.7000 0.0000
  vertex 66.8564 3.6906 0.0000
 endloop
endfacet
facet normal 0.000000 0.000000 -1.000000
 outer loop
  vertex 64.7222 6.7222 0.0000
  vertex 67.1436 3.6906 0.0000
  vertex 67.0000 3.7000 0.0000
 endloop
endfacet
facet normal 0.000000 0.000000 -1.000000
 outer loop
  vertex 64.7222 6.7222 0.0000
  vertex 67.2847 3.6625 0.0000
  vertex 67.1436 3.6906 0.0000
 endloop
endfacet
facet normal 0.000000 0.000000 -1.000000
 outer loop
  vertex 64.7222 6.7222 0.0000
  vertex 67.4210 3.6163 0.0000
  vertex 67.2847 3.6625 0.0000
 endloop
endfacet
facet normal 0.000000 0.000000 -1.000000
 outer loop
  vertex 64.7222 6.7222 0.0000
  vertex 67.5500 3.5526 0.0000
  vertex 67.4210 3.6163 0.0000
 endloop
endfacet
facet normal 0.000000 0.000000 -1.000000
 outer loop
  vertex 64.7222 6.7222 0.0000
  vertex 67.6696 3.4727 0.0000
  vertex 67.5500 3.5526 0.0000
 endloop
endfacet
facet normal 0.000000 0.000000 -1.000000
 outer loop
  vertex 64.7222 6.7222 0.0000
  vertex 67.7778 3.3778 0.0000
  vertex 67.6696 3.4727 0.0000
 endloop
endfacet
facet normal 0.000000 0.000000 -1.000000
 outer loop
  vertex 64.9500 6.5474 0.0000
  vertex 65.0790 6.4837 0.0000
  vertex 71.0000 0.3837 0.0000
 endloop
endfacet
facet normal 0.000000 0.000000 -1.000000
 outer loop
  vertex 65.0790 6.4837 0.0000
  vertex 65.2153 6.4375 0.0000
  vertex 71.0000 0.3837 0.0000
 endloop
endfacet
facet normal 0.000000 0.000000 -1.000000
 outer loop
  vertex 65.2153 6.4375 0.0000
  vertex 65.3564 6.4094 0.0000
  vertex 71.0000 0.3837 0.0000
 endloop
endfacet
facet normal 0.000000 0.000000 -1.000000
 outer loop
  vertex 65.3564 6.4094 0.0000
  vertex 65.5000 6.4000 0.0000
  vertex 71.0000 0.3837 0.0000
 endloop
endfacet
facet normal 0.000000 0.000000 -1.000000
 outer loop
  vertex 64.7222 6.7222 0.0000
  vertex 64.8304 6.6273 0.0000
  vertex 71.0000 0.3837 0.0000
 endloop
endfacet
facet normal 0.000000 0.000000 -1.000000
 outer loop
  vertex 64.8304 6.6273 0.0000
  vertex 64.9500 6.5474 0.0000
  vertex 71.0000 0.3837 0.0000
 endloop
endfacet
facet normal 0.000000 0.000000 -1.000000
 outer loop
  vertex 65.5000 6.4000 0.0000
  vertex 65.6436 6.4094 0.0000
  vertex 71.0000 0.3837 0.0000
 endloop
endfacet
facet normal 0.000000 0.000000 -1.000000
 outer loop
  vertex 65.6436 6.4094 0.0000
  vertex 65.7847 6.4375 0.0000
  vertex 71.0000 0.3837 0.0000
 endloop
endfacet
facet normal 0.000000 0.000000 -1.000000
 outer loop
  vertex 65.7847 6.4375 0.0000
  vertex 65.9210 6.4837 0.0000
  vertex 71.0000 0.3837 0.0000
 endloop
endfacet
facet normal 0.000000 0.000000 -1.000000
 outer loop
  vertex 65.9210 6.4837 0.0000
  vertex 66.0500 6.5474 0.0000
  vertex 71.0000 0.3837 0.0000
 endloop
endfacet
facet normal 0.000000 0.000000 -1.000000
 outer loop
  vertex 66.0500 6.5474 0.0000
  vertex 66.1696 6.6273 0.0000
  vertex 71.0000 0.3837 0.0000
 endloop
endfacet
facet normal 0.000000 0.000000 -1.000000
 outer loop
  vertex 66.1696 6.6273 0.0000
  vertex 66.2778 6.7222 0.0000
  vertex 71.0000 0.3837 0.0000
 endloop
endfacet
facet normal 0.000000 0.000000 -1.000000
 outer loop
  vertex 66.2778 6.7222 0.0000
  vertex 66.3727 6.8304 0.0000
  vertex 71.0000 0.3837 0.0000
 endloop
endfacet
facet normal 0.000000 0.000000 -1.000000
 outer loop
  vertex 66.3727 6.8304 0.0000
  vertex 66.4526 6.9500 0.0000
  vertex 71.0000 0.3837 0.0000
 endloop
endfacet
facet normal 0.000000 0.000000 -1.000000
 outer loop
  vertex 66.4526 6.9500 0.0000
  vertex 66.5163 7.0790 0.0000
  vertex 71.0000 0.3837 0.0000
 endloop
endfacet
facet normal 0.000000 0.000000 -1.000000
 outer loop
  vertex 66.5163 7.0790 0.0000
  vertex 66.5625 7.2153 0.0000
  vertex 71.0000 0.3837 0.0000
 endloop
endfacet
facet normal 0.000000 0.000000 -1.000000
 outer loop
  vertex 66.5625 7.2153 0.0000
  vertex 66.5906 7.3564 0.0000
  vertex 71.0000 0.3837 0.0000
 endloop
endfacet
facet normal 0.000000 0.000000 -1.000000
 outer loop
  vertex 71.0000 0.3837 0.0000
  vertex 67.1436 1.5094 0.0000
  vertex 67.2847 1.5375 0.0000
 endloop
endfacet
facet normal 0.000000 0.000000 -1.000000
 outer loop
  vertex 71.0000 0.3837 0.0000
  vertex 67.2847 1.5375 0.0000
  vertex 67.4210 1.5837 0.0000
 endloop
endfacet
facet normal 0.000000 0.000000 -1.000000
 outer loop
  vertex 71.0000 0.3837 0.0000
  vertex 67.4210 1.5837 0.0000
  vertex 67.5500 1.6474 0.0000
 endloop
endfacet
facet normal 0.000000 0.000000 -1.000000
 outer loop
  vertex 71.0000 0.3837 0.0000
  vertex 67.5500 1.6474 0.0000
  vertex 67.6696 1.7273 0.0000
 endloop
endfacet
facet normal 0.000000 0.000000 -1.000000
 outer loop
  vertex 71.0000 0.3837 0.0000
  vertex 67.6696 1.7273 0.0000
  vertex 67.7778 1.8222 0.0000
 endloop
endfacet
facet normal 0.000000 0.000000 -1.000000
 outer loop
  vertex 71.0000 0.3837 0.0000
  vertex 67.7778 1.8222 0.0000
  vertex 67.8727 1.9304 0.0000
 endloop
endfacet
facet normal 0.000000 0.000000 -1.000000
 outer loop
  vertex 71.0000 0.3837 0.0000
  vertex 67.8727 1.9304 0.0000
  vertex 67.9526 2.0500 0.0000
 endloop
endfacet
facet normal 0.000000 0.000000 -1.000000
 outer loop
  vertex 71.0000 0.3837 0.0000
  vertex 67.9526 2.0500 0.0000
  vertex 68.0163 2.1790 0.0000
 endloop
endfacet
facet normal 0.000000 0.000000 -1.000000
 outer loop
  vertex 71.0000 0.3837 0.0000
  vertex 68.0163 2.1790 0.0000
  vertex 68.0625 2.3153 0.0000
 endloop
endfacet
facet normal 0.000000 0.000000 -1.000000
 outer loop
  vertex 71.0000 0.3837 0.0000
  vertex 68.0625 2.3153 0.0000
  vertex 68.0906 2.4564 0.0000
 endloop
endfacet
facet normal 0.000000 0.000000 -1.000000
 outer loop
  vertex 71.0000 0.3837 0.0000
  vertex 68.0906 2.4564 0.0000
  vertex 68.1000 2.6000 0.0000
 endloop
endfacet
facet normal 0.000000 0.000000 -1.000000
 outer loop
  vertex 71.0000 0.3837 0.0000
  vertex 68.1000 2.6000 0.0000
  vertex 68.0906 2.7436 0.0000
 endloop
endfacet
facet normal 0.000000 0.000000 -1.000000
 outer loop
  vertex 71.0000 0.3837 0.0000
  vertex 68.0163 3.0210 0.0000
  vertex 67.9526 3.1500 0.0000
 endloop
endfacet
facet normal 0.000000 0.000000 -1.000000
 outer loop
  vertex 71.0000 0.3837 0.0000
  vertex 67.8727 3.2696 0.0000
  vertex 67.7778 3.3778 0.0000
 endloop
endfacet
facet normal 0.000000 0.000000 -1.000000
 outer loop
  vertex 71.0000 0.3837 0.0000
  vertex 67.9526 3.1500 0.0000
  vertex 67.8727 3.2696 0.0000
 endloop
endfacet
facet normal 0.000000 0.000000 -1.000000
 outer loop
  vertex 71.0000 0.3837 0.0000
  vertex 68.0906 2.7436 0.0000
  vertex 68.0625 2.8847 0.0000
 endloop
endfacet
facet normal 0.000000 0.000000 -1.000000
 outer loop
  vertex 71.0000 0.3837 0.0000
  vertex 68.0625 2.8847 0.0000
  vertex 68.0163 3.0210 0.0000
 endloop
endfacet
facet normal 0.000000 -1.000000 0.000000
 outer loop
  vertex 71.2426 0.0000 0.0000
  vertex 71.2426 0.0000 2.0000
  vertex 71.0000 0.0000 2.0000
 endloop
endfacet
facet normal 0.000000 0.000000 -1.000000
 outer loop
  vertex 64.4094 7.6436 0.0000
  vertex 68.1500 30.5278 0.0000
  vertex 64.4375 7.7847 0.0000
 endloop
endfacet
facet normal 0.000000 0.000000 -1.000000
 outer loop
  vertex 64.4375 7.7847 0.0000
  vertex 68.1500 30.5278 0.0000
  vertex 64.4837 7.9210 0.0000
 endloop
endfacet
facet normal 0.000000 0.000000 -1.000000
 outer loop
  vertex 64.4837 7.9210 0.0000
  vertex 68.1500 30.5278 0.0000
  vertex 64.5474 8.0500 0.0000
 endloop
endfacet
facet normal 0.000000 0.000000 -1.000000
 outer loop
  vertex 64.5474 8.0500 0.0000
  vertex 68.1500 30.5278 0.0000
  vertex 64.6273 8.1696 0.0000
 endloop
endfacet
facet normal 0.000000 0.000000 -1.000000
 outer loop
  vertex 64.6273 8.1696 0.0000
  vertex 68.1500 30.5278 0.0000
  vertex 64.7222 8.2778 0.0000
 endloop
endfacet
facet normal 0.000000 0.000000 -1.000000
 outer loop
  vertex 64.7222 8.2778 0.0000
  vertex 68.1500 30.5278 0.0000
  vertex 64.8304 8.3727 0.0000
 endloop
endfacet
facet normal 0.000000 0.000000 -1.000000
 outer loop
  vertex 64.8304 8.3727 0.0000
  vertex 68.3494 30.4294 0.0000
  vertex 64.9500 8.4526 0.0000
 endloop
endfacet
facet normal 0.000000 0.000000 -1.000000
 outer loop
  vertex 64.9500 8.4526 0.0000
  vertex 68.3494 30.4294 0.0000
  vertex 65.0790 8.5163 0.0000
 endloop
endfacet
facet normal 0.000000 0.000000 -1.000000
 outer loop
  vertex 65.0790 8.5163 0.0000
  vertex 68.3494 30.4294 0.0000
  vertex 65.2153 8.5625 0.0000
 endloop
endfacet
facet normal 0.000000 0.000000 -1.000000
 outer loop
  vertex 65.2153 8.5625 0.0000
  vertex 68.5600 30.3579 0.0000
  vertex 65.3564 8.5906 0.0000
 endloop
endfacet
facet normal 0.000000 0.000000 -1.000000
 outer loop
  vertex 65.3564 8.5906 0.0000
  vertex 68.5600 30.3579 0.0000
  vertex 65.5000 8.6000 0.0000
 endloop
endfacet
facet normal 0.000000 0.000000 -1.000000
 outer loop
  vertex 65.5000 8.6000 0.0000
  vertex 68.5600 30.3579 0.0000
  vertex 65.6436 8.5906 0.0000
 endloop
endfacet
facet normal 0.000000 0.000000 -1.000000
 outer loop
  vertex 65.6436 8.5906 0.0000
  vertex 68.7781 30.3145 0.0000
  vertex 65.7847 8.5625 0.0000
 endloop
endfacet
facet normal 0.000000 0.000000 -1.000000
 outer loop
  vertex 65.7847 8.5625 0.0000
  vertex 69.0000 30.3000 0.0000
  vertex 65.9210 8.5163 0.0000
 endloop
endfacet
facet normal 0.000000 0.000000 -1.000000
 outer loop
  vertex 66.0500 8.4526 0.0000
  vertex 65.9210 8.5163 0.0000
  vertex 69.0000 30.3000 0.0000
 endloop
endfacet
facet normal 0.000000 0.000000 -1.000000
 outer loop
  vertex 66.0500 8.4526 0.0000
  vertex 69.0000 30.3000 0.0000
  vertex 66.1696 8.3727 0.0000
 endloop
endfacet
facet normal 0.000000 0.000000 -1.000000
 outer loop
  vertex 66.3727 8.1696 0.0000
  vertex 66.2778 8.2778 0.0000
  vertex 69.2219 30.3145 0.0000
 endloop
endfacet
facet normal 0.000000 0.000000 -1.000000
 outer loop
  vertex 66.1696 8.3727 0.0000
  vertex 69.2219 30.3145 0.0000
  vertex 66.2778 8.2778 0.0000
 endloop
endfacet
facet normal 0.000000 0.000000 -1.000000
 outer loop
  vertex 66.5906 7.3564 0.0000
  vertex 66.6000 7.5000 0.0000
  vertex 69.4400 30.3579 0.0000
 endloop
endfacet
facet normal 0.000000 0.000000 -1.000000
 outer loop
  vertex 66.6000 7.5000 0.0000
  vertex 66.5906 7.6436 0.0000
  vertex 69.4400 30.3579 0.0000
 endloop
endfacet
facet normal 0.000000 0.000000 -1.000000
 outer loop
  vertex 66.5163 7.9210 0.0000
  vertex 66.4526 8.0500 0.0000
  vertex 69.2219 30.3145 0.0000
 endloop
endfacet
facet normal 0.000000 0.000000 -1.000000
 outer loop
  vertex 66.5625 7.7847 0.0000
  vertex 66.5163 7.9210 0.0000
  vertex 69.4400 30.3579 0.0000
 endloop
endfacet
facet normal 0.000000 0.000000 -1.000000
 outer loop
  vertex 66.5906 7.6436 0.0000
  vertex 66.5625 7.7847 0.0000
  vertex 69.4400 30.3579 0.0000
 endloop
endfacet
facet normal 0.000000 0.000000 -1.000000
 outer loop
  vertex 66.3727 8.1696 0.0000
  vertex 69.2219 30.3145 0.0000
  vertex 66.4526 8.0500 0.0000
 endloop
endfacet
facet normal 0.000000 0.000000 -1.000000
 outer loop
  vertex 72.9467 1.7041 0.0000
  vertex 72.0768 29.5434 0.0000
  vertex 73.0000 1.7574 0.0000
 endloop
endfacet
facet normal 0.000000 0.000000 -1.000000
 outer loop
  vertex 66.5906 7.3564 0.0000
  vertex 72.0768 29.5434 0.0000
  vertex 71.0000 0.3837 0.0000
 endloop
endfacet
facet normal -0.000000 0.000000 1.000000
 outer loop
  vertex 50.5000 0.5000 2.0000
  vertex 67.0000 0.1000 2.0000
  vertex 50.7219 0.5145 2.0000
 endloop
endfacet
facet normal -0.000000 0.000000 1.000000
 outer loop
  vertex 50.7219 0.5145 2.0000
  vertex 67.0000 0.1000 2.0000
  vertex 50.7947 0.5290 2.0000
 endloop
endfacet
facet normal -0.000000 0.000000 1.000000
 outer loop
  vertex 50.8317 0.5327 2.0000
  vertex 67.0000 0.1000 2.0000
  vertex 50.8672 0.5434 2.0000
 endloop
endfacet
facet normal -0.000000 0.000000 1.000000
 outer loop
  vertex 50.7947 0.5290 2.0000
  vertex 67.0000 0.1000 2.0000
  vertex 50.8317 0.5327 2.0000
 endloop
endfacet
facet normal -0.000000 0.000000 1.000000
 outer loop
  vertex 50.8672 0.5434 2.0000
  vertex 67.0000 0.1000 2.0000
  vertex 50.9400 0.5579 2.0000
 endloop
endfacet
facet normal -0.000000 0.000000 1.000000
 outer loop
  vertex 50.9400 0.5579 2.0000
  vertex 67.0000 0.1000 2.0000
  vertex 51.1506 0.6294 2.0000
 endloop
endfacet
facet normal -0.000000 0.000000 1.000000
 outer loop
  vertex 51.1506 0.6294 2.0000
  vertex 66.6737 0.1214 2.0000
  vertex 51.3500 0.7278 2.0000
 endloop
endfacet
facet normal -0.000000 0.000000 1.000000
 outer loop
  vertex 51.4732 0.8101 2.0000
  vertex 66.3530 0.1852 2.0000
  vertex 51.5349 0.8513 2.0000
 endloop
endfacet
facet normal -0.000000 0.000000 1.000000
 outer loop
  vertex 51.4445 0.7865 2.0000
  vertex 66.3530 0.1852 2.0000
  vertex 51.4732 0.8101 2.0000
 endloop
endfacet
facet normal -0.000000 0.000000 1.000000
 outer loop
  vertex 51.3500 0.7278 2.0000
  vertex 66.6737 0.1214 2.0000
  vertex 51.4117 0.7690 2.0000
 endloop
endfacet
facet normal 0.000000 0.000000 1.000000
 outer loop
  vertex 51.4445 0.7865 2.0000
  vertex 51.4117 0.7690 2.0000
  vertex 66.6737 0.1214 2.0000
 endloop
endfacet
facet normal -0.000000 0.000000 1.000000
 outer loop
  vertex 51.5349 0.8513 2.0000
  vertex 66.3530 0.1852 2.0000
  vertex 51.7021 0.9979 2.0000
 endloop
endfacet
facet normal -0.000000 0.000000 1.000000
 outer loop
  vertex 51.7021 0.9979 2.0000
  vertex 66.0433 0.2903 2.0000
  vertex 51.8487 1.1651 2.0000
 endloop
endfacet
facet normal -0.000000 0.000000 1.000000
 outer loop
  vertex 51.8487 1.1651 2.0000
  vertex 66.0433 0.2903 2.0000
  vertex 51.8899 1.2268 2.0000
 endloop
endfacet
facet normal -0.000000 0.000000 1.000000
 outer loop
  vertex 51.8899 1.2268 2.0000
  vertex 66.0433 0.2903 2.0000
  vertex 51.9135 1.2555 2.0000
 endloop
endfacet
facet normal -0.000000 0.000000 1.000000
 outer loop
  vertex 51.9135 1.2555 2.0000
  vertex 66.0433 0.2903 2.0000
  vertex 51.9310 1.2883 2.0000
 endloop
endfacet
facet normal -0.000000 0.000000 1.000000
 outer loop
  vertex 51.9310 1.2883 2.0000
  vertex 66.0433 0.2903 2.0000
  vertex 51.9722 1.3500 2.0000
 endloop
endfacet
facet normal -0.000000 0.000000 1.000000
 outer loop
  vertex 51.9722 1.3500 2.0000
  vertex 66.0433 0.2903 2.0000
  vertex 52.0706 1.5494 2.0000
 endloop
endfacet
facet normal -0.000000 0.000000 1.000000
 outer loop
  vertex 52.0706 1.5494 2.0000
  vertex 65.7500 0.4349 2.0000
  vertex 52.1421 1.7600 2.0000
 endloop
endfacet
facet normal -0.000000 0.000000 1.000000
 outer loop
  vertex 52.1421 1.7600 2.0000
  vertex 65.7500 0.4349 2.0000
  vertex 52.1566 1.8328 2.0000
 endloop
endfacet
facet normal 0.000000 0.000000 1.000000
 outer loop
  vertex 52.1673 1.8683 2.0000
  vertex 52.1566 1.8328 2.0000
  vertex 65.7500 0.4349 2.0000
 endloop
endfacet
facet normal -0.000000 0.000000 1.000000
 outer loop
  vertex 52.1673 1.8683 2.0000
  vertex 65.7500 0.4349 2.0000
  vertex 52.1710 1.9053 2.0000
 endloop
endfacet
facet normal -0.000000 0.000000 1.000000
 outer loop
  vertex 52.1710 1.9053 2.0000
  vertex 65.7500 0.4349 2.0000
  vertex 52.1855 1.9781 2.0000
 endloop
endfacet
facet normal -0.000000 0.000000 1.000000
 outer loop
  vertex 52.1855 1.9781 2.0000
  vertex 65.4781 0.6166 2.0000
  vertex 52.2000 2.2000 2.0000
 endloop
endfacet
facet normal -0.000000 0.000000 1.000000
 outer loop
  vertex 50.9400 3.8421 2.0000
  vertex 51.1506 3.7706 2.0000
  vertex 65.2322 4.3678 2.0000
 endloop
endfacet
facet normal 0.000000 -0.000000 1.000000
 outer loop
  vertex 52.2000 2.2000 2.0000
  vertex 65.2322 4.3678 2.0000
  vertex 52.1855 2.4219 2.0000
 endloop
endfacet
facet normal 0.000000 -0.000000 1.000000
 outer loop
  vertex 52.0706 2.8506 2.0000
  vertex 65.2322 4.3678 2.0000
  vertex 51.9722 3.0500 2.0000
 endloop
endfacet
facet normal 0.000000 -0.000000 1.000000
 outer loop
  vertex 51.4445 3.6135 2.0000
  vertex 65.2322 4.3678 2.0000
  vertex 51.4117 3.6310 2.0000
 endloop
endfacet
facet normal -0.000000 0.000000 1.000000
 outer loop
  vertex 51.1506 3.7706 2.0000
  vertex 51.3500 3.6722 2.0000
  vertex 65.2322 4.3678 2.0000
 endloop
endfacet
facet normal -0.000000 0.000000 1.000000
 outer loop
  vertex 51.3500 3.6722 2.0000
  vertex 51.4117 3.6310 2.0000
  vertex 65.2322 4.3678 2.0000
 endloop
endfacet
facet normal 0.000000 -0.000000 1.000000
 outer loop
  vertex 51.5349 3.5487 2.0000
  vertex 65.2322 4.3678 2.0000
  vertex 51.4732 3.5899 2.0000
 endloop
endfacet
facet normal -0.000000 0.000000 1.000000
 outer loop
  vertex 51.4445 3.6135 2.0000
  vertex 51.4732 3.5899 2.0000
  vertex 65.2322 4.3678 2.0000
 endloop
endfacet
facet normal 0.000000 -0.000000 1.000000
 outer loop
  vertex 51.7021 3.4021 2.0000
  vertex 65.2322 4.3678 2.0000
  vertex 51.5349 3.5487 2.0000
 endloop
endfacet
facet normal 0.000000 -0.000000 1.000000
 outer loop
  vertex 51.8487 3.2349 2.0000
  vertex 65.2322 4.3678 2.0000
  vertex 51.7021 3.4021 2.0000
 endloop
endfacet
facet normal 0.000000 -0.000000 1.000000
 outer loop
  vertex 51.9310 3.1117 2.0000
  vertex 65.2322 4.3678 2.0000
  vertex 51.9135 3.1445 2.0000
 endloop
endfacet
facet normal -0.000000 0.000000 1.000000
 outer loop
  vertex 51.8899 3.1732 2.0000
  vertex 51.9135 3.1445 2.0000
  vertex 65.2322 4.3678 2.0000
 endloop
endfacet
facet normal -0.000000 0.000000 1.000000
 outer loop
  vertex 51.9310 3.1117 2.0000
  vertex 51.9722 3.0500 2.0000
  vertex 65.2322 4.3678 2.0000
 endloop
endfacet
facet normal 0.000000 -0.000000 1.000000
 outer loop
  vertex 51.8899 3.1732 2.0000
  vertex 65.2322 4.3678 2.0000
  vertex 51.8487 3.2349 2.0000
 endloop
endfacet
facet normal -0.000000 0.000000 1.000000
 outer loop
  vertex 52.1710 2.4947 2.0000
  vertex 52.1855 2.4219 2.0000
  vertex 65.2322 4.3678 2.0000
 endloop
endfacet
facet normal 0.000000 -0.000000 1.000000
 outer loop
  vertex 52.1710 2.4947 2.0000
  vertex 65.2322 4.3678 2.0000
  vertex 52.1673 2.5317 2.0000
 endloop
endfacet
facet normal 0.000000 -0.000000 1.000000
 outer loop
  vertex 52.1673 2.5317 2.0000
  vertex 65.2322 4.3678 2.0000
  vertex 52.1566 2.5672 2.0000
 endloop
endfacet
facet normal 0.000000 -0.000000 1.000000
 outer loop
  vertex 52.1566 2.5672 2.0000
  vertex 65.2322 4.3678 2.0000
  vertex 52.1421 2.6400 2.0000
 endloop
endfacet
facet normal 0.000000 -0.000000 1.000000
 outer loop
  vertex 52.1421 2.6400 2.0000
  vertex 65.2322 4.3678 2.0000
  vertex 52.0706 2.8506 2.0000
 endloop
endfacet
facet normal -0.000000 0.000000 1.000000
 outer loop
  vertex 50.5000 3.9000 2.0000
  vertex 50.7219 3.8855 2.0000
  vertex 65.2322 4.3678 2.0000
 endloop
endfacet
facet normal -0.000000 0.000000 1.000000
 outer loop
  vertex 50.7219 3.8855 2.0000
  vertex 50.7947 3.8710 2.0000
  vertex 65.2322 4.3678 2.0000
 endloop
endfacet
facet normal -0.000000 0.000000 1.000000
 outer loop
  vertex 50.8317 3.8673 2.0000
  vertex 50.8672 3.8566 2.0000
  vertex 65.2322 4.3678 2.0000
 endloop
endfacet
facet normal -0.000000 0.000000 1.000000
 outer loop
  vertex 50.7947 3.8710 2.0000
  vertex 50.8317 3.8673 2.0000
  vertex 65.2322 4.3678 2.0000
 endloop
endfacet
facet normal -0.000000 0.000000 1.000000
 outer loop
  vertex 50.8672 3.8566 2.0000
  vertex 50.9400 3.8421 2.0000
  vertex 65.2322 4.3678 2.0000
 endloop
endfacet
facet normal 0.000000 0.000000 1.000000
 outer loop
  vertex 51.7021 0.9979 2.0000
  vertex 66.3530 0.1852 2.0000
  vertex 66.0433 0.2903 2.0000
 endloop
endfacet
facet normal 0.000000 0.000000 1.000000
 outer loop
  vertex 51.4445 0.7865 2.0000
  vertex 66.6737 0.1214 2.0000
  vertex 66.3530 0.1852 2.0000
 endloop
endfacet
facet normal 0.000000 0.000000 1.000000
 outer loop
  vertex 52.0706 1.5494 2.0000
  vertex 66.0433 0.2903 2.0000
  vertex 65.7500 0.4349 2.0000
 endloop
endfacet
facet normal 0.000000 0.000000 1.000000
 outer loop
  vertex 52.2000 2.2000 2.0000
  vertex 65.4781 0.6166 2.0000
  vertex 65.2322 0.8322 2.0000
 endloop
endfacet
facet normal 0.000000 0.000000 1.000000
 outer loop
  vertex 52.2000 2.2000 2.0000
  vertex 65.2322 0.8322 2.0000
  vertex 65.0166 1.0781 2.0000
 endloop
endfacet
facet normal 0.000000 0.000000 1.000000
 outer loop
  vertex 52.2000 2.2000 2.0000
  vertex 64.8349 1.3500 2.0000
  vertex 64.6903 1.6433 2.0000
 endloop
endfacet
facet normal 0.000000 0.000000 1.000000
 outer loop
  vertex 52.2000 2.2000 2.0000
  vertex 65.0166 1.0781 2.0000
  vertex 64.8349 1.3500 2.0000
 endloop
endfacet
facet normal 0.000000 0.000000 1.000000
 outer loop
  vertex 52.2000 2.2000 2.0000
  vertex 64.6903 1.6433 2.0000
  vertex 64.5852 1.9530 2.0000
 endloop
endfacet
facet normal 0.000000 0.000000 1.000000
 outer loop
  vertex 52.1855 1.9781 2.0000
  vertex 65.7500 0.4349 2.0000
  vertex 65.4781 0.6166 2.0000
 endloop
endfacet
facet normal -0.000000 0.000000 1.000000
 outer loop
  vertex 52.2000 2.2000 2.0000
  vertex 64.5852 1.9530 2.0000
  vertex 64.5214 2.2737 2.0000
 endloop
endfacet
facet normal 0.000000 0.000000 1.000000
 outer loop
  vertex 52.2000 2.2000 2.0000
  vertex 64.5214 2.2737 2.0000
  vertex 64.5000 2.6000 2.0000
 endloop
endfacet
facet normal 0.000000 0.000000 1.000000
 outer loop
  vertex 52.2000 2.2000 2.0000
  vertex 64.5000 2.6000 2.0000
  vertex 64.5214 2.9263 2.0000
 endloop
endfacet
facet normal 0.000000 0.000000 1.000000
 outer loop
  vertex 52.2000 2.2000 2.0000
  vertex 64.5214 2.9263 2.0000
  vertex 64.5852 3.2470 2.0000
 endloop
endfacet
facet normal 0.000000 0.000000 1.000000
 outer loop
  vertex 52.2000 2.2000 2.0000
  vertex 64.5852 3.2470 2.0000
  vertex 64.6903 3.5567 2.0000
 endloop
endfacet
facet normal 0.000000 0.000000 1.000000
 outer loop
  vertex 52.2000 2.2000 2.0000
  vertex 64.6903 3.5567 2.0000
  vertex 64.8349 3.8500 2.0000
 endloop
endfacet
facet normal 0.000000 0.000000 1.000000
 outer loop
  vertex 52.2000 2.2000 2.0000
  vertex 64.8349 3.8500 2.0000
  vertex 65.0166 4.1219 2.0000
 endloop
endfacet
facet normal 0.000000 0.000000 1.000000
 outer loop
  vertex 52.2000 2.2000 2.0000
  vertex 65.0166 4.1219 2.0000
  vertex 65.2322 4.3678 2.0000
 endloop
endfacet
facet normal 0.000000 0.000000 1.000000
 outer loop
  vertex 51.1506 0.6294 2.0000
  vertex 67.0000 0.1000 2.0000
  vertex 66.6737 0.1214 2.0000
 endloop
endfacet
facet normal 0.000000 0.000000 1.000000
 outer loop
  vertex 50.5000 0.5000 2.0000
  vertex 71.0000 0.0000 2.0000
  vertex 67.0000 0.1000 2.0000
 endloop
endfacet
facet normal -0.000000 0.000000 1.000000
 outer loop
  vertex 51.8787 17.0000 2.0000
  vertex 65.5000 10.5000 2.0000
  vertex 59.1213 17.0000 2.0000
 endloop
endfacet
facet normal 0.000000 0.000000 1.000000
 outer loop
  vertex 65.5000 10.5000 2.0000
  vertex 60.0000 17.8787 2.0000
  vertex 59.1213 17.0000 2.0000
 endloop
endfacet
facet normal 0.000000 -0.000000 1.000000
 outer loop
  vertex 65.2322 4.3678 2.0000
  vertex 65.3912 4.5071 2.0000
  vertex 65.1084 4.5257 2.0000
 endloop
endfacet
facet normal -0.000000 0.000000 1.000000
 outer loop
  vertex 67.2700 5.0823 2.0000
  vertex 67.3263 5.0786 2.0000
  vertex 67.3263 5.1199 2.0000
 endloop
endfacet
facet normal -0.000000 0.000000 1.000000
 outer loop
  vertex 67.3263 5.1199 2.0000
  vertex 67.3263 5.0786 2.0000
  vertex 67.6213 5.3787 2.0000
 endloop
endfacet
facet normal -0.000000 0.000000 1.000000
 outer loop
  vertex 67.3263 5.0786 2.0000
  vertex 67.6470 5.0148 2.0000
  vertex 67.6213 5.3787 2.0000
 endloop
endfacet
facet normal 0.000000 0.000000 1.000000
 outer loop
  vertex 67.9567 4.9097 2.0000
  vertex 67.8801 5.6737 2.0000
  vertex 67.6470 5.0148 2.0000
 endloop
endfacet
facet normal 0.000000 -0.000000 1.000000
 outer loop
  vertex 67.6470 5.0148 2.0000
  vertex 67.8801 5.6737 2.0000
  vertex 67.6213 5.3787 2.0000
 endloop
endfacet
facet normal -0.000000 -0.000000 1.000000
 outer loop
  vertex 67.9567 4.9097 2.0000
  vertex 68.2500 4.7651 2.0000
  vertex 67.8801 5.6737 2.0000
 endloop
endfacet
facet normal 0.000000 0.000000 1.000000
 outer loop
  vertex 68.2500 4.7651 2.0000
  vertex 68.0981 6.0000 2.0000
  vertex 67.8801 5.6737 2.0000
 endloop
endfacet
facet normal -0.000000 -0.000000 1.000000
 outer loop
  vertex 68.2500 4.7651 2.0000
  vertex 68.5219 4.5834 2.0000
  vertex 68.0981 6.0000 2.0000
 endloop
endfacet
facet normal -0.000000 0.000000 1.000000
 outer loop
  vertex 67.0000 0.1000 2.0000
  vertex 71.0000 0.0000 2.0000
  vertex 67.3263 0.1214 2.0000
 endloop
endfacet
facet normal -0.000000 0.000000 1.000000
 outer loop
  vertex 67.3263 0.1214 2.0000
  vertex 71.0000 0.0000 2.0000
  vertex 67.6470 0.1852 2.0000
 endloop
endfacet
facet normal -0.000000 0.000000 1.000000
 outer loop
  vertex 67.6470 0.1852 2.0000
  vertex 71.0000 0.0000 2.0000
  vertex 67.9567 0.2903 2.0000
 endloop
endfacet
facet normal -0.000000 0.000000 1.000000
 outer loop
  vertex 67.9567 0.2903 2.0000
  vertex 71.0000 0.0000 2.0000
  vertex 68.2500 0.4349 2.0000
 endloop
endfacet
facet normal -0.000000 0.000000 1.000000
 outer loop
  vertex 68.2500 0.4349 2.0000
  vertex 71.0000 0.0000 2.0000
  vertex 68.5219 0.6166 2.0000
 endloop
endfacet
facet normal -0.000000 0.000000 1.000000
 outer loop
  vertex 68.5219 0.6166 2.0000
  vertex 71.0000 0.0000 2.0000
  vertex 68.7678 0.8322 2.0000
 endloop
endfacet
facet normal -0.000000 0.000000 1.000000
 outer loop
  vertex 68.7678 0.8322 2.0000
  vertex 71.0000 0.0000 2.0000
  vertex 68.9834 1.0781 2.0000
 endloop
endfacet
facet normal -0.000000 0.000000 1.000000
 outer loop
  vertex 68.9834 1.0781 2.0000
  vertex 71.0000 0.0000 2.0000
  vertex 69.1651 1.3500 2.0000
 endloop
endfacet
facet normal -0.000000 0.000000 1.000000
 outer loop
  vertex 69.1651 1.3500 2.0000
  vertex 71.0000 0.0000 2.0000
  vertex 69.3097 1.6433 2.0000
 endloop
endfacet
facet normal -0.000000 0.000000 1.000000
 outer loop
  vertex 69.3097 1.6433 2.0000
  vertex 71.0000 0.0000 2.0000
  vertex 69.4148 1.9530 2.0000
 endloop
endfacet
facet normal -0.000000 0.000000 1.000000
 outer loop
  vertex 69.4148 1.9530 2.0000
  vertex 71.0000 0.0000 2.0000
  vertex 69.4786 2.2737 2.0000
 endloop
endfacet
facet normal -0.000000 0.000000 1.000000
 outer loop
  vertex 69.4786 2.2737 2.0000
  vertex 71.0000 0.0000 2.0000
  vertex 69.5000 2.6000 2.0000
 endloop
endfacet
facet normal -0.000000 -0.000000 1.000000
 outer loop
  vertex 69.5000 2.6000 2.0000
  vertex 71.0000 0.0000 2.0000
  vertex 69.4786 2.9263 2.0000
 endloop
endfacet
facet normal 0.000000 0.000000 1.000000
 outer loop
  vertex 68.2716 6.3519 2.0000
  vertex 69.3097 3.5567 2.0000
  vertex 71.0000 0.0000 2.0000
 endloop
endfacet
facet normal -0.000000 -0.000000 1.000000
 outer loop
  vertex 69.4786 2.9263 2.0000
  vertex 71.0000 0.0000 2.0000
  vertex 69.4148 3.2470 2.0000
 endloop
endfacet
facet normal -0.000000 -0.000000 1.000000
 outer loop
  vertex 69.4148 3.2470 2.0000
  vertex 71.0000 0.0000 2.0000
  vertex 69.3097 3.5567 2.0000
 endloop
endfacet
facet normal 0.000000 0.000000 1.000000
 outer loop
  vertex 68.0981 6.0000 2.0000
  vertex 68.5219 4.5834 2.0000
  vertex 68.7678 4.3678 2.0000
 endloop
endfacet
facet normal 0.000000 0.000000 1.000000
 outer loop
  vertex 68.0981 6.0000 2.0000
  vertex 68.7678 4.3678 2.0000
  vertex 68.9834 4.1219 2.0000
 endloop
endfacet
facet normal 0.000000 0.000000 1.000000
 outer loop
  vertex 68.2716 6.3519 2.0000
  vertex 69.1651 3.8500 2.0000
  vertex 69.3097 3.5567 2.0000
 endloop
endfacet
facet normal 0.000000 0.000000 1.000000
 outer loop
  vertex 68.2716 6.3519 2.0000
  vertex 68.9834 4.1219 2.0000
  vertex 69.1651 3.8500 2.0000
 endloop
endfacet
facet normal -0.000000 0.000000 1.000000
 outer loop
  vertex 68.2716 6.3519 2.0000
  vertex 71.0000 0.0000 2.0000
  vertex 68.3978 6.7235 2.0000
 endloop
endfacet
facet normal -0.000000 0.000000 1.000000
 outer loop
  vertex 68.3978 6.7235 2.0000
  vertex 71.0000 0.0000 2.0000
  vertex 68.4743 7.1084 2.0000
 endloop
endfacet
facet normal 0.000000 0.000000 1.000000
 outer loop
  vertex 71.0000 0.0000 2.0000
  vertex 68.5000 7.5000 2.0000
  vertex 68.4743 7.1084 2.0000
 endloop
endfacet
facet normal -0.000000 0.000000 1.000000
 outer loop
  vertex 68.0981 6.0000 2.0000
  vertex 68.9834 4.1219 2.0000
  vertex 68.2716 6.3519 2.0000
 endloop
endfacet
facet normal 0.000000 0.000000 1.000000
 outer loop
  vertex 71.0000 0.0000 2.0000
  vertex 68.3978 8.2765 2.0000
  vertex 68.4743 7.8916 2.0000
 endloop
endfacet
facet normal 0.000000 0.000000 1.000000
 outer loop
  vertex 71.0000 0.0000 2.0000
  vertex 68.4743 7.8916 2.0000
  vertex 68.5000 7.5000 2.0000
 endloop
endfacet
facet normal 0.000000 0.000000 1.000000
 outer loop
  vertex 71.0000 0.0000 2.0000
  vertex 70.4722 31.1500 2.0000
  vertex 68.3978 8.2765 2.0000
 endloop
endfacet
facet normal 0.000000 -0.000000 1.000000
 outer loop
  vertex 68.2716 8.6481 2.0000
  vertex 69.3316 30.3327 2.0000
  vertex 68.0981 9.0000 2.0000
 endloop
endfacet
facet normal 0.000000 -0.000000 1.000000
 outer loop
  vertex 68.3978 8.2765 2.0000
  vertex 69.3672 30.3434 2.0000
  vertex 68.2716 8.6481 2.0000
 endloop
endfacet
facet normal 0.000000 0.000000 -1.000000
 outer loop
  vertex 64.4094 7.6436 0.0000
  vertex 60.0000 21.1213 0.0000
  vertex 60.0000 28.8787 0.0000
 endloop
endfacet
facet normal 0.000000 0.000000 -1.000000
 outer loop
  vertex 51.8787 22.0000 0.0000
  vertex 59.1213 28.0000 0.0000
  vertex 59.1213 22.0000 0.0000
 endloop
endfacet
facet normal 0.000000 0.000000 -1.000000
 outer loop
  vertex 59.1213 22.0000 0.0000
  vertex 60.0000 28.8787 0.0000
  vertex 60.0000 21.1213 0.0000
 endloop
endfacet
facet normal 0.000000 0.000000 -1.000000
 outer loop
  vertex 59.1213 22.0000 0.0000
  vertex 59.1213 28.0000 0.0000
  vertex 60.0000 28.8787 0.0000
 endloop
endfacet
facet normal 0.000000 0.000000 -1.000000
 outer loop
  vertex 64.4094 7.6436 0.0000
  vertex 60.0000 28.8787 0.0000
  vertex 65.2153 55.4375 0.0000
 endloop
endfacet
facet normal 0.000000 0.000000 -1.000000
 outer loop
  vertex 64.4094 7.6436 0.0000
  vertex 67.9651 30.6513 0.0000
  vertex 68.1500 30.5278 0.0000
 endloop
endfacet
facet normal 0.000000 0.000000 -1.000000
 outer loop
  vertex 64.4094 7.6436 0.0000
  vertex 67.7979 30.7979 0.0000
  vertex 67.9651 30.6513 0.0000
 endloop
endfacet
facet normal 0.000000 0.000000 -1.000000
 outer loop
  vertex 64.4094 7.6436 0.0000
  vertex 67.6513 30.9651 0.0000
  vertex 67.7979 30.7979 0.0000
 endloop
endfacet
facet normal 0.000000 0.000000 -1.000000
 outer loop
  vertex 64.4094 7.6436 0.0000
  vertex 67.5278 31.1500 0.0000
  vertex 67.6513 30.9651 0.0000
 endloop
endfacet
facet normal 0.000000 0.000000 -1.000000
 outer loop
  vertex 64.4094 7.6436 0.0000
  vertex 67.4294 31.3494 0.0000
  vertex 67.5278 31.1500 0.0000
 endloop
endfacet
facet normal 0.000000 0.000000 -1.000000
 outer loop
  vertex 64.4094 7.6436 0.0000
  vertex 67.3579 31.5600 0.0000
  vertex 67.4294 31.3494 0.0000
 endloop
endfacet
facet normal 0.000000 0.000000 -1.000000
 outer loop
  vertex 64.4094 7.6436 0.0000
  vertex 67.3145 31.7781 0.0000
  vertex 67.3579 31.5600 0.0000
 endloop
endfacet
facet normal 0.000000 0.000000 -1.000000
 outer loop
  vertex 64.4094 7.6436 0.0000
  vertex 67.3000 32.0000 0.0000
  vertex 67.3145 31.7781 0.0000
 endloop
endfacet
facet normal 0.000000 0.000000 -1.000000
 outer loop
  vertex 64.4094 7.6436 0.0000
  vertex 67.3145 32.2219 0.0000
  vertex 67.3000 32.0000 0.0000
 endloop
endfacet
facet normal 0.000000 0.000000 -1.000000
 outer loop
  vertex 64.8304 8.3727 0.0000
  vertex 68.1500 30.5278 0.0000
  vertex 68.3494 30.4294 0.0000
 endloop
endfacet
facet normal 0.000000 0.000000 -1.000000
 outer loop
  vertex 66.1696 8.3727 0.0000
  vertex 69.0000 30.3000 0.0000
  vertex 69.2219 30.3145 0.0000
 endloop
endfacet
facet normal 0.000000 0.000000 -1.000000
 outer loop
  vertex 66.5163 7.9210 0.0000
  vertex 69.2219 30.3145 0.0000
  vertex 69.4400 30.3579 0.0000
 endloop
endfacet
facet normal 0.000000 0.000000 -1.000000
 outer loop
  vertex 65.2153 8.5625 0.0000
  vertex 68.3494 30.4294 0.0000
  vertex 68.5600 30.3579 0.0000
 endloop
endfacet
facet normal 0.000000 0.000000 -1.000000
 outer loop
  vertex 65.6436 8.5906 0.0000
  vertex 68.5600 30.3579 0.0000
  vertex 68.7781 30.3145 0.0000
 endloop
endfacet
facet normal 0.000000 0.000000 -1.000000
 outer loop
  vertex 65.7847 8.5625 0.0000
  vertex 68.7781 30.3145 0.0000
  vertex 69.0000 30.3000 0.0000
 endloop
endfacet
facet normal 0.000000 0.000000 -1.000000
 outer loop
  vertex 66.5906 7.3564 0.0000
  vertex 69.4400 30.3579 0.0000
  vertex 69.6506 30.4294 0.0000
 endloop
endfacet
facet normal 0.000000 0.000000 -1.000000
 outer loop
  vertex 66.5906 7.3564 0.0000
  vertex 69.6506 30.4294 0.0000
  vertex 72.0768 29.5434 0.0000
 endloop
endfacet
facet normal 1.000000 0.000000 0.000000
 outer loop
  vertex 73.0000 1.7574 0.0000
  vertex 73.0000 62.2426 0.0000
  vertex 73.0000 1.7574 2.0000
 endloop
endfacet
facet normal 0.000000 0.000000 -1.000000
 outer loop
  vertex 69.6506 30.4294 0.0000
  vertex 69.8500 30.5278 0.0000
  vertex 72.0768 29.5434 0.0000
 endloop
endfacet
facet normal 0.000000 0.000000 -1.000000
 outer loop
  vertex 69.8500 30.5278 0.0000
  vertex 70.0349 30.6513 0.0000
  vertex 72.0768 29.5434 0.0000
 endloop
endfacet
facet normal 0.000000 0.000000 -1.000000
 outer loop
  vertex 70.0349 30.6513 0.0000
  vertex 70.2021 30.7979 0.0000
  vertex 72.0768 29.5434 0.0000
 endloop
endfacet
facet normal 0.000000 0.000000 -1.000000
 outer loop
  vertex 70.2021 30.7979 0.0000
  vertex 70.3487 30.9651 0.0000
  vertex 72.0768 29.5434 0.0000
 endloop
endfacet
facet normal 0.000000 0.000000 -1.000000
 outer loop
  vertex 70.3487 30.9651 0.0000
  vertex 70.4722 31.1500 0.0000
  vertex 72.0768 29.5434 0.0000
 endloop
endfacet
facet normal 0.000000 0.000000 -1.000000
 outer loop
  vertex 70.4722 31.1500 0.0000
  vertex 70.5706 31.3494 0.0000
  vertex 72.0768 29.5434 0.0000
 endloop
endfacet
facet normal 0.000000 0.000000 -1.000000
 outer loop
  vertex 70.5706 31.3494 0.0000
  vertex 70.6421 31.5600 0.0000
  vertex 72.0768 29.5434 0.0000
 endloop
endfacet
facet normal 0.000000 0.000000 -1.000000
 outer loop
  vertex 70.6421 31.5600 0.0000
  vertex 70.6855 31.7781 0.0000
  vertex 72.0768 29.5434 0.0000
 endloop
endfacet
facet normal 0.000000 0.000000 -1.000000
 outer loop
  vertex 73.0000 1.7574 0.0000
  vertex 72.0768 29.5434 0.0000
  vertex 73.0000 62.2426 0.0000
 endloop
endfacet
facet normal 0.000000 0.000000 1.000000
 outer loop
  vertex 65.5000 10.5000 2.0000
  vertex 60.0000 21.1213 2.0000
  vertex 60.0000 17.8787 2.0000
 endloop
endfacet
facet normal -0.000000 0.000000 1.000000
 outer loop
  vertex 59.1213 22.0000 2.0000
  vertex 60.0000 21.1213 2.0000
  vertex 59.1213 28.0000 2.0000
 endloop
endfacet
facet normal 0.000000 0.000000 1.000000
 outer loop
  vertex 65.5000 10.5000 2.0000
  vertex 60.0000 28.8787 2.0000
  vertex 60.0000 21.1213 2.0000
 endloop
endfacet
facet normal 0.000000 0.000000 1.000000
 outer loop
  vertex 65.5000 10.5000 2.0000
  vertex 60.0000 32.1213 2.0000
  vertex 60.0000 28.8787 2.0000
 endloop
endfacet
facet normal -0.000000 0.000000 1.000000
 outer loop
  vertex 51.8787 28.0000 2.0000
  vertex 59.1213 22.0000 2.0000
  vertex 59.1213 28.0000 2.0000
 endloop
endfacet
facet normal 0.000000 -0.000000 1.000000
 outer loop
  vertex 60.0000 21.1213 2.0000
  vertex 60.0000 28.8787 2.0000
  vertex 59.1213 28.0000 2.0000
 endloop
endfacet
facet normal 0.000000 0.000000 1.000000
 outer loop
  vertex 65.5000 10.5000 2.0000
  vertex 60.0000 39.8787 2.0000
  vertex 60.0000 32.1213 2.0000
 endloop
endfacet
facet normal -0.000000 0.000000 1.000000
 outer loop
  vertex 65.5000 10.5000 2.0000
  vertex 65.8916 10.4743 2.0000
  vertex 67.7979 30.7979 2.0000
 endloop
endfacet
facet normal -0.000000 0.000000 1.000000
 outer loop
  vertex 65.8916 10.4743 2.0000
  vertex 66.2765 10.3978 2.0000
  vertex 68.0555 30.5865 2.0000
 endloop
endfacet
facet normal -0.000000 0.000000 1.000000
 outer loop
  vertex 66.2765 10.3978 2.0000
  vertex 66.6480 10.2716 2.0000
  vertex 68.1500 30.5278 2.0000
 endloop
endfacet
facet normal -0.000000 0.000000 1.000000
 outer loop
  vertex 66.6480 10.2716 2.0000
  vertex 67.0000 10.0981 2.0000
  vertex 68.3494 30.4294 2.0000
 endloop
endfacet
facet normal 0.000000 -0.000000 1.000000
 outer loop
  vertex 67.3263 9.8801 2.0000
  vertex 68.7053 30.3290 2.0000
  vertex 67.0000 10.0981 2.0000
 endloop
endfacet
facet normal 0.000000 -0.000000 1.000000
 outer loop
  vertex 68.0981 9.0000 2.0000
  vertex 69.2219 30.3145 2.0000
  vertex 67.8801 9.3263 2.0000
 endloop
endfacet
facet normal -0.000000 0.000000 1.000000
 outer loop
  vertex 67.6213 9.6213 2.0000
  vertex 67.8801 9.3263 2.0000
  vertex 69.0000 30.3000 2.0000
 endloop
endfacet
facet normal -0.000000 0.000000 1.000000
 outer loop
  vertex 67.3263 9.8801 2.0000
  vertex 67.6213 9.6213 2.0000
  vertex 68.7781 30.3145 2.0000
 endloop
endfacet
facet normal 0.000000 0.000000 1.000000
 outer loop
  vertex 65.8916 10.4743 2.0000
  vertex 67.9651 30.6513 2.0000
  vertex 67.7979 30.7979 2.0000
 endloop
endfacet
facet normal 0.000000 0.000000 1.000000
 outer loop
  vertex 65.8916 10.4743 2.0000
  vertex 68.0268 30.6101 2.0000
  vertex 67.9651 30.6513 2.0000
 endloop
endfacet
facet normal 0.000000 0.000000 1.000000
 outer loop
  vertex 65.8916 10.4743 2.0000
  vertex 68.0555 30.5865 2.0000
  vertex 68.0268 30.6101 2.0000
 endloop
endfacet
facet normal 0.000000 0.000000 1.000000
 outer loop
  vertex 66.2765 10.3978 2.0000
  vertex 68.0883 30.5690 2.0000
  vertex 68.0555 30.5865 2.0000
 endloop
endfacet
facet normal 0.000000 0.000000 1.000000
 outer loop
  vertex 66.2765 10.3978 2.0000
  vertex 68.1500 30.5278 2.0000
  vertex 68.0883 30.5690 2.0000
 endloop
endfacet
facet normal 0.000000 0.000000 1.000000
 outer loop
  vertex 66.6480 10.2716 2.0000
  vertex 68.3494 30.4294 2.0000
  vertex 68.1500 30.5278 2.0000
 endloop
endfacet
facet normal 0.000000 0.000000 1.000000
 outer loop
  vertex 67.0000 10.0981 2.0000
  vertex 68.5600 30.3579 2.0000
  vertex 68.3494 30.4294 2.0000
 endloop
endfacet
facet normal 0.000000 0.000000 1.000000
 outer loop
  vertex 67.0000 10.0981 2.0000
  vertex 68.6328 30.3434 2.0000
  vertex 68.5600 30.3579 2.0000
 endloop
endfacet
facet normal 0.000000 0.000000 1.000000
 outer loop
  vertex 67.0000 10.0981 2.0000
  vertex 68.6684 30.3327 2.0000
  vertex 68.6328 30.3434 2.0000
 endloop
endfacet
facet normal 0.000000 0.000000 1.000000
 outer loop
  vertex 67.0000 10.0981 2.0000
  vertex 68.7053 30.3290 2.0000
  vertex 68.6684 30.3327 2.0000
 endloop
endfacet
facet normal 0.000000 0.000000 1.000000
 outer loop
  vertex 67.3263 9.8801 2.0000
  vertex 68.7781 30.3145 2.0000
  vertex 68.7053 30.3290 2.0000
 endloop
endfacet
facet normal 0.000000 0.000000 1.000000
 outer loop
  vertex 71.0000 0.0000 2.0000
  vertex 70.5706 31.3494 2.0000
  vertex 70.4722 31.1500 2.0000
 endloop
endfacet
facet normal 0.000000 0.000000 1.000000
 outer loop
  vertex 68.3978 8.2765 2.0000
  vertex 69.4400 30.3579 2.0000
  vertex 69.3672 30.3434 2.0000
 endloop
endfacet
facet normal 0.000000 0.000000 1.000000
 outer loop
  vertex 67.6213 9.6213 2.0000
  vertex 69.0000 30.3000 2.0000
  vertex 68.7781 30.3145 2.0000
 endloop
endfacet
facet normal 0.000000 0.000000 1.000000
 outer loop
  vertex 67.8801 9.3263 2.0000
  vertex 69.2219 30.3145 2.0000
  vertex 69.0000 30.3000 2.0000
 endloop
endfacet
facet normal 0.000000 0.000000 1.000000
 outer loop
  vertex 68.2716 8.6481 2.0000
  vertex 69.3672 30.3434 2.0000
  vertex 69.3316 30.3327 2.0000
 endloop
endfacet
facet normal 0.000000 0.000000 1.000000
 outer loop
  vertex 68.0981 9.0000 2.0000
  vertex 69.3316 30.3327 2.0000
  vertex 69.2947 30.3290 2.0000
 endloop
endfacet
facet normal 0.000000 0.000000 1.000000
 outer loop
  vertex 68.0981 9.0000 2.0000
  vertex 69.2947 30.3290 2.0000
  vertex 69.2219 30.3145 2.0000
 endloop
endfacet
facet normal 0.000000 0.000000 1.000000
 outer loop
  vertex 68.3978 8.2765 2.0000
  vertex 69.6506 30.4294 2.0000
  vertex 69.4400 30.3579 2.0000
 endloop
endfacet
facet normal 0.000000 0.000000 1.000000
 outer loop
  vertex 68.3978 8.2765 2.0000
  vertex 69.8500 30.5278 2.0000
  vertex 69.6506 30.4294 2.0000
 endloop
endfacet
facet normal 0.000000 0.000000 1.000000
 outer loop
  vertex 68.3978 8.2765 2.0000
  vertex 69.9117 30.5690 2.0000
  vertex 69.8500 30.5278 2.0000
 endloop
endfacet
facet normal 0.000000 0.000000 1.000000
 outer loop
  vertex 68.3978 8.2765 2.0000
  vertex 69.9445 30.5865 2.0000
  vertex 69.9117 30.5690 2.0000
 endloop
endfacet
facet normal 0.000000 0.000000 1.000000
 outer loop
  vertex 68.3978 8.2765 2.0000
  vertex 69.9732 30.6101 2.0000
  vertex 69.9445 30.5865 2.0000
 endloop
endfacet
facet normal 0.000000 0.000000 1.000000
 outer loop
  vertex 68.3978 8.2765 2.0000
  vertex 70.0349 30.6513 2.0000
  vertex 69.9732 30.6101 2.0000
 endloop
endfacet
facet normal 0.000000 0.000000 1.000000
 outer loop
  vertex 68.3978 8.2765 2.0000
  vertex 70.2021 30.7979 2.0000
  vertex 70.0349 30.6513 2.0000
 endloop
endfacet
facet normal 0.000000 0.000000 1.000000
 outer loop
  vertex 68.3978 8.2765 2.0000
  vertex 70.3487 30.9651 2.0000
  vertex 70.2021 30.7979 2.0000
 endloop
endfacet
facet normal 0.000000 0.000000 1.000000
 outer loop
  vertex 68.3978 8.2765 2.0000
  vertex 70.3899 31.0268 2.0000
  vertex 70.3487 30.9651 2.0000
 endloop
endfacet
facet normal 0.000000 0.000000 1.000000
 outer loop
  vertex 68.3978 8.2765 2.0000
  vertex 70.4135 31.0555 2.0000
  vertex 70.3899 31.0268 2.0000
 endloop
endfacet
facet normal 0.000000 0.000000 1.000000
 outer loop
  vertex 68.3978 8.2765 2.0000
  vertex 70.4310 31.0883 2.0000
  vertex 70.4135 31.0555 2.0000
 endloop
endfacet
facet normal 0.000000 0.000000 1.000000
 outer loop
  vertex 68.3978 8.2765 2.0000
  vertex 70.4722 31.1500 2.0000
  vertex 70.4310 31.0883 2.0000
 endloop
endfacet
facet normal 0.000000 0.000000 1.000000
 outer loop
  vertex 71.0000 0.0000 2.0000
  vertex 70.6421 31.5600 2.0000
  vertex 70.5706 31.3494 2.0000
 endloop
endfacet
facet normal 0.000000 0.000000 1.000000
 outer loop
  vertex 71.0000 0.0000 2.0000
  vertex 70.6566 31.6328 2.0000
  vertex 70.6421 31.5600 2.0000
 endloop
endfacet
facet normal 0.000000 0.000000 1.000000
 outer loop
  vertex 71.0000 0.0000 2.0000
  vertex 70.6673 31.6683 2.0000
  vertex 70.6566 31.6328 2.0000
 endloop
endfacet
facet normal 0.000000 0.000000 1.000000
 outer loop
  vertex 71.0000 0.0000 2.0000
  vertex 70.6710 31.7053 2.0000
  vertex 70.6673 31.6683 2.0000
 endloop
endfacet
facet normal 0.000000 0.000000 1.000000
 outer loop
  vertex 71.0000 0.0000 2.0000
  vertex 70.6855 31.7781 2.0000
  vertex 70.6710 31.7053 2.0000
 endloop
endfacet
facet normal 0.000000 0.000000 1.000000
 outer loop
  vertex 71.0000 0.0000 2.0000
  vertex 70.7000 32.0000 2.0000
  vertex 70.6855 31.7781 2.0000
 endloop
endfacet
facet normal 0.000000 0.000000 1.000000
 outer loop
  vertex 65.5000 10.5000 2.0000
  vertex 67.3434 31.6328 2.0000
  vertex 67.3327 31.6683 2.0000
 endloop
endfacet
facet normal 0.000000 0.000000 1.000000
 outer loop
  vertex 65.5000 10.5000 2.0000
  vertex 67.3327 31.6683 2.0000
  vertex 67.3290 31.7053 2.0000
 endloop
endfacet
facet normal 0.000000 0.000000 1.000000
 outer loop
  vertex 65.5000 10.5000 2.0000
  vertex 67.3290 31.7053 2.0000
  vertex 67.3145 31.7781 2.0000
 endloop
endfacet
facet normal 0.000000 0.000000 1.000000
 outer loop
  vertex 65.5000 10.5000 2.0000
  vertex 67.3145 31.7781 2.0000
  vertex 67.3000 32.0000 2.0000
 endloop
endfacet
facet normal 0.000000 0.000000 1.000000
 outer loop
  vertex 65.5000 10.5000 2.0000
  vertex 67.5690 31.0883 2.0000
  vertex 67.5278 31.1500 2.0000
 endloop
endfacet
facet normal 0.000000 0.000000 1.000000
 outer loop
  vertex 65.5000 10.5000 2.0000
  vertex 67.7979 30.7979 2.0000
  vertex 67.6513 30.9651 2.0000
 endloop
endfacet
facet normal 0.000000 0.000000 1.000000
 outer loop
  vertex 65.5000 10.5000 2.0000
  vertex 67.6513 30.9651 2.0000
  vertex 67.6101 31.0268 2.0000
 endloop
endfacet
facet normal 0.000000 0.000000 1.000000
 outer loop
  vertex 65.5000 10.5000 2.0000
  vertex 67.6101 31.0268 2.0000
  vertex 67.5865 31.0555 2.0000
 endloop
endfacet
facet normal 0.000000 0.000000 1.000000
 outer loop
  vertex 65.5000 10.5000 2.0000
  vertex 67.5865 31.0555 2.0000
  vertex 67.5690 31.0883 2.0000
 endloop
endfacet
facet normal 0.000000 0.000000 1.000000
 outer loop
  vertex 65.5000 10.5000 2.0000
  vertex 67.5278 31.1500 2.0000
  vertex 67.4294 31.3494 2.0000
 endloop
endfacet
facet normal 0.000000 0.000000 1.000000
 outer loop
  vertex 65.5000 10.5000 2.0000
  vertex 67.4294 31.3494 2.0000
  vertex 67.3579 31.5600 2.0000
 endloop
endfacet
facet normal 0.000000 0.000000 1.000000
 outer loop
  vertex 65.5000 10.5000 2.0000
  vertex 67.3579 31.5600 2.0000
  vertex 67.3434 31.6328 2.0000
 endloop
endfacet
facet normal 0.000000 0.000000 -1.000000
 outer loop
  vertex 34.0000 28.8787 0.0000
  vertex 34.0000 32.1213 0.0000
  vertex 45.7023 39.0000 0.0000
 endloop
endfacet
facet normal 0.000000 0.000000 -1.000000
 outer loop
  vertex 33.1213 33.0000 0.0000
  vertex 38.0000 39.8787 0.0000
  vertex 38.8787 39.0000 0.0000
 endloop
endfacet
facet normal 0.000000 0.000000 -1.000000
 outer loop
  vertex 34.0000 32.1213 0.0000
  vertex 38.8787 39.0000 0.0000
  vertex 45.7023 39.0000 0.0000
 endloop
endfacet
facet normal 0.000000 0.000000 -1.000000
 outer loop
  vertex 38.8787 33.0000 0.0000
  vertex 46.1213 39.0000 0.0000
  vertex 46.1213 33.0000 0.0000
 endloop
endfacet
facet normal 0.000000 0.000000 -1.000000
 outer loop
  vertex 38.8787 33.0000 0.0000
  vertex 45.7023 39.0000 0.0000
  vertex 46.1213 39.0000 0.0000
 endloop
endfacet
facet normal 0.000000 0.000000 -1.000000
 outer loop
  vertex 34.0000 43.1213 0.0000
  vertex 38.0000 43.1213 0.0000
  vertex 38.0000 39.8787 0.0000
 endloop
endfacet
facet normal 0.000000 0.000000 -1.000000
 outer loop
  vertex 33.1213 44.0000 0.0000
  vertex 38.8787 44.0000 0.0000
  vertex 38.0000 43.1213 0.0000
 endloop
endfacet
facet normal 0.000000 0.000000 -1.000000
 outer loop
  vertex 33.1213 44.0000 0.0000
  vertex 46.3284 50.0000 0.0000
  vertex 38.8787 44.0000 0.0000
 endloop
endfacet
facet normal 0.000000 0.000000 -1.000000
 outer loop
  vertex 38.8787 44.0000 0.0000
  vertex 46.3284 50.0000 0.0000
  vertex 46.1213 44.0000 0.0000
 endloop
endfacet
facet normal 0.000000 0.000000 -1.000000
 outer loop
  vertex 46.1213 33.0000 0.0000
  vertex 51.8787 39.0000 0.0000
  vertex 47.0000 32.1213 0.0000
 endloop
endfacet
facet normal 0.000000 0.000000 -1.000000
 outer loop
  vertex 47.0000 32.1213 0.0000
  vertex 51.8787 39.0000 0.0000
  vertex 51.0000 32.1213 0.0000
 endloop
endfacet
facet normal 0.000000 0.000000 -1.000000
 outer loop
  vertex 46.1213 33.0000 0.0000
  vertex 46.1213 39.0000 0.0000
  vertex 51.0000 43.1213 0.0000
 endloop
endfacet
facet normal 0.000000 0.000000 -1.000000
 outer loop
  vertex 46.1213 33.0000 0.0000
  vertex 51.0000 39.8787 0.0000
  vertex 51.8787 39.0000 0.0000
 endloop
endfacet
facet normal 0.000000 0.000000 -1.000000
 outer loop
  vertex 46.1213 33.0000 0.0000
  vertex 51.0000 43.1213 0.0000
  vertex 51.0000 39.8787 0.0000
 endloop
endfacet
facet normal 0.000000 0.000000 -1.000000
 outer loop
  vertex 51.0000 32.1213 0.0000
  vertex 51.8787 39.0000 0.0000
  vertex 51.8787 33.0000 0.0000
 endloop
endfacet
facet normal 0.000000 0.000000 -1.000000
 outer loop
  vertex 51.8787 33.0000 0.0000
  vertex 51.8787 39.0000 0.0000
  vertex 59.1213 39.0000 0.0000
 endloop
endfacet
facet normal 0.000000 0.000000 -1.000000
 outer loop
  vertex 46.1213 39.0000 0.0000
  vertex 47.0000 39.8787 0.0000
  vertex 51.0000 43.1213 0.0000
 endloop
endfacet
facet normal 0.000000 0.000000 -1.000000
 outer loop
  vertex 47.0000 39.8787 0.0000
  vertex 51.8787 44.0000 0.0000
  vertex 51.0000 43.1213 0.0000
 endloop
endfacet
facet normal 0.000000 0.000000 -1.000000
 outer loop
  vertex 47.0000 43.1213 0.0000
  vertex 46.1213 44.0000 0.0000
  vertex 46.3284 50.0000 0.0000
 endloop
endfacet
facet normal 0.000000 0.000000 -1.000000
 outer loop
  vertex 47.0000 39.8787 0.0000
  vertex 47.0000 43.1213 0.0000
  vertex 64.9500 55.5474 0.0000
 endloop
endfacet
facet normal 0.000000 0.000000 -1.000000
 outer loop
  vertex 47.0000 39.8787 0.0000
  vertex 65.0790 55.4837 0.0000
  vertex 51.8787 44.0000 0.0000
 endloop
endfacet
facet normal 0.000000 0.000000 1.000000
 outer loop
  vertex 33.1213 28.0000 2.0000
  vertex 38.8787 33.0000 2.0000
  vertex 44.7248 39.0000 2.0000
 endloop
endfacet
facet normal 0.000000 0.000000 1.000000
 outer loop
  vertex 34.0000 28.8787 2.0000
  vertex 44.7248 39.0000 2.0000
  vertex 38.8787 39.0000 2.0000
 endloop
endfacet
facet normal 0.000000 0.000000 1.000000
 outer loop
  vertex 33.1213 33.0000 2.0000
  vertex 38.8787 39.0000 2.0000
  vertex 38.0000 39.8787 2.0000
 endloop
endfacet
facet normal 0.000000 0.000000 1.000000
 outer loop
  vertex 38.8787 33.0000 2.0000
  vertex 46.1213 33.0000 2.0000
  vertex 44.7248 39.0000 2.0000
 endloop
endfacet
facet normal 0.000000 0.000000 1.000000
 outer loop
  vertex 34.0000 39.8787 2.0000
  vertex 38.0000 39.8787 2.0000
  vertex 38.0000 43.1213 2.0000
 endloop
endfacet
facet normal 0.000000 0.000000 1.000000
 outer loop
  vertex 38.8787 44.0000 2.0000
  vertex 46.1213 44.0000 2.0000
  vertex 46.3284 50.0000 2.0000
 endloop
endfacet
facet normal 0.000000 0.000000 1.000000
 outer loop
  vertex 47.0000 32.1213 2.0000
  vertex 51.0000 32.1213 2.0000
  vertex 51.8787 33.0000 2.0000
 endloop
endfacet
facet normal -0.000000 0.000000 1.000000
 outer loop
  vertex 46.1213 33.0000 2.0000
  vertex 47.0000 32.1213 2.0000
  vertex 51.8787 39.0000 2.0000
 endloop
endfacet
facet normal -0.000000 0.000000 1.000000
 outer loop
  vertex 44.7248 39.0000 2.0000
  vertex 46.1213 33.0000 2.0000
  vertex 46.1213 39.0000 2.0000
 endloop
endfacet
facet normal 0.000000 0.000000 1.000000
 outer loop
  vertex 46.1213 33.0000 2.0000
  vertex 51.0000 43.1213 2.0000
  vertex 46.1213 39.0000 2.0000
 endloop
endfacet
facet normal 0.000000 0.000000 1.000000
 outer loop
  vertex 46.1213 33.0000 2.0000
  vertex 51.8787 39.0000 2.0000
  vertex 51.0000 39.8787 2.0000
 endloop
endfacet
facet normal 0.000000 0.000000 1.000000
 outer loop
  vertex 46.1213 33.0000 2.0000
  vertex 51.0000 39.8787 2.0000
  vertex 51.0000 43.1213 2.0000
 endloop
endfacet
facet normal 0.000000 0.000000 1.000000
 outer loop
  vertex 47.0000 32.1213 2.0000
  vertex 51.8787 33.0000 2.0000
  vertex 59.1213 39.0000 2.0000
 endloop
endfacet
facet normal 0.000000 0.000000 1.000000
 outer loop
  vertex 47.0000 32.1213 2.0000
  vertex 59.1213 39.0000 2.0000
  vertex 51.8787 39.0000 2.0000
 endloop
endfacet
facet normal 0.000000 0.000000 1.000000
 outer loop
  vertex 46.1213 39.0000 2.0000
  vertex 51.0000 43.1213 2.0000
  vertex 47.0000 39.8787 2.0000
 endloop
endfacet
facet normal 0.000000 0.000000 1.000000
 outer loop
  vertex 47.0000 39.8787 2.0000
  vertex 51.0000 43.1213 2.0000
  vertex 51.8787 44.0000 2.0000
 endloop
endfacet
facet normal 0.000000 0.000000 1.000000
 outer loop
  vertex 47.0000 43.1213 2.0000
  vertex 46.3284 50.0000 2.0000
  vertex 46.1213 44.0000 2.0000
 endloop
endfacet
facet normal 0.000000 0.000000 1.000000
 outer loop
  vertex 47.0000 39.8787 2.0000
  vertex 62.5257 56.1084 2.0000
  vertex 47.0000 43.1213 2.0000
 endloop
endfacet
facet normal 0.000000 0.000000 1.000000
 outer loop
  vertex 47.0000 39.8787 2.0000
  vertex 51.8787 44.0000 2.0000
  vertex 63.3787 54.3787 2.0000
 endloop
endfacet
facet normal 0.000000 0.000000 -1.000000
 outer loop
  vertex 47.0000 43.1213 0.0000
  vertex 46.3284 50.0000 0.0000
  vertex 47.5000 51.1716 0.0000
 endloop
endfacet
facet normal -0.000000 0.000000 1.000000
 outer loop
  vertex 31.5858 50.0000 2.0000
  vertex 38.8787 44.0000 2.0000
  vertex 46.3284 50.0000 2.0000
 endloop
endfacet
facet normal 0.000000 -0.000000 1.000000
 outer loop
  vertex 47.0000 43.1213 2.0000
  vertex 47.5000 51.1716 2.0000
  vertex 46.3284 50.0000 2.0000
 endloop
endfacet
facet normal 0.000000 0.000000 1.000000
 outer loop
  vertex 47.0000 43.1213 2.0000
  vertex 62.5257 56.1084 2.0000
  vertex 47.5000 51.1716 2.0000
 endloop
endfacet
facet normal 0.000000 0.000000 1.000000
 outer loop
  vertex 47.5000 51.1716 2.0000
  vertex 64.3520 59.2716 2.0000
  vertex 47.5000 64.0000 2.0000
 endloop
endfacet
facet normal 0.000000 0.000000 -1.000000
 outer loop
  vertex 51.8787 33.0000 0.0000
  vertex 59.1213 39.0000 0.0000
  vertex 59.1213 33.0000 0.0000
 endloop
endfacet
facet normal 0.000000 0.000000 -1.000000
 outer loop
  vertex 59.1213 33.0000 0.0000
  vertex 60.0000 39.8787 0.0000
  vertex 60.0000 32.1213 0.0000
 endloop
endfacet
facet normal 0.000000 0.000000 -1.000000
 outer loop
  vertex 59.1213 33.0000 0.0000
  vertex 59.1213 39.0000 0.0000
  vertex 60.0000 39.8787 0.0000
 endloop
endfacet
facet normal 0.000000 0.000000 -1.000000
 outer loop
  vertex 60.0000 28.8787 0.0000
  vertex 60.0000 32.1213 0.0000
  vertex 65.2153 55.4375 0.0000
 endloop
endfacet
facet normal 0.000000 0.000000 -1.000000
 outer loop
  vertex 51.8787 44.0000 0.0000
  vertex 65.2153 55.4375 0.0000
  vertex 59.1213 44.0000 0.0000
 endloop
endfacet
facet normal 0.000000 0.000000 -1.000000
 outer loop
  vertex 60.0000 32.1213 0.0000
  vertex 60.0000 39.8787 0.0000
  vertex 65.2153 55.4375 0.0000
 endloop
endfacet
facet normal 0.000000 0.000000 -1.000000
 outer loop
  vertex 59.1213 44.0000 0.0000
  vertex 65.2153 55.4375 0.0000
  vertex 60.0000 43.1213 0.0000
 endloop
endfacet
facet normal 0.000000 0.000000 -1.000000
 outer loop
  vertex 60.0000 39.8787 0.0000
  vertex 60.0000 43.1213 0.0000
  vertex 65.2153 55.4375 0.0000
 endloop
endfacet
facet normal 0.000000 0.000000 -1.000000
 outer loop
  vertex 64.4094 7.6436 0.0000
  vertex 66.6000 56.5000 0.0000
  vertex 67.3145 32.2219 0.0000
 endloop
endfacet
facet normal 0.000000 0.000000 -1.000000
 outer loop
  vertex 64.4094 7.6436 0.0000
  vertex 65.2153 55.4375 0.0000
  vertex 65.3564 55.4094 0.0000
 endloop
endfacet
facet normal 0.000000 0.000000 -1.000000
 outer loop
  vertex 64.4094 7.6436 0.0000
  vertex 65.3564 55.4094 0.0000
  vertex 65.5000 55.4000 0.0000
 endloop
endfacet
facet normal 0.000000 0.000000 -1.000000
 outer loop
  vertex 64.4094 7.6436 0.0000
  vertex 65.5000 55.4000 0.0000
  vertex 65.6436 55.4094 0.0000
 endloop
endfacet
facet normal 0.000000 0.000000 -1.000000
 outer loop
  vertex 64.4094 7.6436 0.0000
  vertex 65.6436 55.4094 0.0000
  vertex 65.7847 55.4375 0.0000
 endloop
endfacet
facet normal 0.000000 0.000000 -1.000000
 outer loop
  vertex 64.4094 7.6436 0.0000
  vertex 65.7847 55.4375 0.0000
  vertex 65.9210 55.4837 0.0000
 endloop
endfacet
facet normal 0.000000 0.000000 -1.000000
 outer loop
  vertex 64.4094 7.6436 0.0000
  vertex 65.9210 55.4837 0.0000
  vertex 66.0500 55.5474 0.0000
 endloop
endfacet
facet normal 0.000000 0.000000 -1.000000
 outer loop
  vertex 64.4094 7.6436 0.0000
  vertex 66.0500 55.5474 0.0000
  vertex 66.1696 55.6273 0.0000
 endloop
endfacet
facet normal 0.000000 0.000000 -1.000000
 outer loop
  vertex 64.4094 7.6436 0.0000
  vertex 66.1696 55.6273 0.0000
  vertex 66.2778 55.7222 0.0000
 endloop
endfacet
facet normal 0.000000 0.000000 -1.000000
 outer loop
  vertex 64.4094 7.6436 0.0000
  vertex 66.2778 55.7222 0.0000
  vertex 66.3727 55.8304 0.0000
 endloop
endfacet
facet normal 0.000000 0.000000 -1.000000
 outer loop
  vertex 64.4094 7.6436 0.0000
  vertex 66.3727 55.8304 0.0000
  vertex 66.4526 55.9500 0.0000
 endloop
endfacet
facet normal 0.000000 0.000000 -1.000000
 outer loop
  vertex 64.4094 7.6436 0.0000
  vertex 66.4526 55.9500 0.0000
  vertex 66.5163 56.0790 0.0000
 endloop
endfacet
facet normal 0.000000 0.000000 -1.000000
 outer loop
  vertex 64.4094 7.6436 0.0000
  vertex 66.5163 56.0790 0.0000
  vertex 66.5625 56.2153 0.0000
 endloop
endfacet
facet normal 0.000000 0.000000 -1.000000
 outer loop
  vertex 64.4094 7.6436 0.0000
  vertex 66.5625 56.2153 0.0000
  vertex 66.5906 56.3564 0.0000
 endloop
endfacet
facet normal 0.000000 0.000000 -1.000000
 outer loop
  vertex 64.4094 7.6436 0.0000
  vertex 66.5906 56.3564 0.0000
  vertex 66.6000 56.5000 0.0000
 endloop
endfacet
facet normal 0.000000 0.000000 -1.000000
 outer loop
  vertex 67.3145 32.2219 0.0000
  vertex 66.6000 56.5000 0.0000
  vertex 67.3579 32.4400 0.0000
 endloop
endfacet
facet normal 0.000000 0.000000 -1.000000
 outer loop
  vertex 67.3579 32.4400 0.0000
  vertex 66.6000 56.5000 0.0000
  vertex 67.4294 32.6506 0.0000
 endloop
endfacet
facet normal 0.000000 0.000000 -1.000000
 outer loop
  vertex 67.4294 32.6506 0.0000
  vertex 66.6000 56.5000 0.0000
  vertex 67.5278 32.8500 0.0000
 endloop
endfacet
facet normal 0.000000 0.000000 -1.000000
 outer loop
  vertex 67.5278 32.8500 0.0000
  vertex 66.6000 56.5000 0.0000
  vertex 67.6513 33.0349 0.0000
 endloop
endfacet
facet normal 0.000000 0.000000 -1.000000
 outer loop
  vertex 67.6513 33.0349 0.0000
  vertex 66.6000 56.5000 0.0000
  vertex 67.7979 33.2021 0.0000
 endloop
endfacet
facet normal 0.000000 0.000000 -1.000000
 outer loop
  vertex 67.7979 33.2021 0.0000
  vertex 66.6000 56.5000 0.0000
  vertex 67.9651 33.3487 0.0000
 endloop
endfacet
facet normal 0.000000 0.000000 -1.000000
 outer loop
  vertex 67.9651 33.3487 0.0000
  vertex 66.6000 56.5000 0.0000
  vertex 68.1500 33.4722 0.0000
 endloop
endfacet
facet normal 0.000000 0.000000 -1.000000
 outer loop
  vertex 68.1500 33.4722 0.0000
  vertex 66.6000 56.5000 0.0000
  vertex 68.3494 33.5706 0.0000
 endloop
endfacet
facet normal 0.000000 0.000000 -1.000000
 outer loop
  vertex 68.3494 33.5706 0.0000
  vertex 73.0000 62.2426 0.0000
  vertex 68.5600 33.6421 0.0000
 endloop
endfacet
facet normal 0.000000 0.000000 -1.000000
 outer loop
  vertex 68.5600 33.6421 0.0000
  vertex 73.0000 62.2426 0.0000
  vertex 68.7781 33.6855 0.0000
 endloop
endfacet
facet normal 0.000000 0.000000 -1.000000
 outer loop
  vertex 68.7781 33.6855 0.0000
  vertex 73.0000 62.2426 0.0000
  vertex 69.0000 33.7000 0.0000
 endloop
endfacet
facet normal 0.000000 0.000000 -1.000000
 outer loop
  vertex 69.0000 33.7000 0.0000
  vertex 73.0000 62.2426 0.0000
  vertex 69.2219 33.6855 0.0000
 endloop
endfacet
facet normal 0.000000 0.000000 -1.000000
 outer loop
  vertex 69.2219 33.6855 0.0000
  vertex 73.0000 62.2426 0.0000
  vertex 69.4400 33.6421 0.0000
 endloop
endfacet
facet normal 0.000000 0.000000 -1.000000
 outer loop
  vertex 69.4400 33.6421 0.0000
  vertex 73.0000 62.2426 0.0000
  vertex 69.6506 33.5706 0.0000
 endloop
endfacet
facet normal 0.000000 0.000000 -1.000000
 outer loop
  vertex 70.6855 31.7781 0.0000
  vertex 73.0000 62.2426 0.0000
  vertex 72.0768 29.5434 0.0000
 endloop
endfacet
facet normal 0.000000 0.000000 -1.000000
 outer loop
  vertex 70.4722 32.8500 0.0000
  vertex 70.3487 33.0349 0.0000
  vertex 73.0000 62.2426 0.0000
 endloop
endfacet
facet normal 0.000000 0.000000 -1.000000
 outer loop
  vertex 70.0349 33.3487 0.0000
  vertex 73.0000 62.2426 0.0000
  vertex 70.2021 33.2021 0.0000
 endloop
endfacet
facet normal 0.000000 0.000000 -1.000000
 outer loop
  vertex 70.2021 33.2021 0.0000
  vertex 73.0000 62.2426 0.0000
  vertex 70.3487 33.0349 0.0000
 endloop
endfacet
facet normal 0.000000 0.000000 -1.000000
 outer loop
  vertex 70.6855 31.7781 0.0000
  vertex 70.7000 32.0000 0.0000
  vertex 73.0000 62.2426 0.0000
 endloop
endfacet
facet normal 0.000000 0.000000 -1.000000
 outer loop
  vertex 70.7000 32.0000 0.0000
  vertex 70.6855 32.2219 0.0000
  vertex 73.0000 62.2426 0.0000
 endloop
endfacet
facet normal 0.000000 0.000000 -1.000000
 outer loop
  vertex 70.6421 32.4400 0.0000
  vertex 70.5706 32.6506 0.0000
  vertex 73.0000 62.2426 0.0000
 endloop
endfacet
facet normal 0.000000 0.000000 -1.000000
 outer loop
  vertex 70.6855 32.2219 0.0000
  vertex 70.6421 32.4400 0.0000
  vertex 73.0000 62.2426 0.0000
 endloop
endfacet
facet normal 0.000000 0.000000 -1.000000
 outer loop
  vertex 70.5706 32.6506 0.0000
  vertex 70.4722 32.8500 0.0000
  vertex 73.0000 62.2426 0.0000
 endloop
endfacet
facet normal 0.000000 0.000000 -1.000000
 outer loop
  vertex 69.8500 33.4722 0.0000
  vertex 69.6506 33.5706 0.0000
  vertex 73.0000 62.2426 0.0000
 endloop
endfacet
facet normal 0.000000 0.000000 -1.000000
 outer loop
  vertex 69.8500 33.4722 0.0000
  vertex 73.0000 62.2426 0.0000
  vertex 70.0349 33.3487 0.0000
 endloop
endfacet
facet normal 1.000000 -0.000000 0.000000
 outer loop
  vertex 73.0000 1.7574 2.0000
  vertex 73.0000 62.2426 0.0000
  vertex 73.0000 62.2426 2.0000
 endloop
endfacet
facet normal 0.000000 0.000000 1.000000
 outer loop
  vertex 51.8787 33.0000 2.0000
  vertex 59.1213 33.0000 2.0000
  vertex 59.1213 39.0000 2.0000
 endloop
endfacet
facet normal -0.000000 0.000000 1.000000
 outer loop
  vertex 59.1213 33.0000 2.0000
  vertex 60.0000 32.1213 2.0000
  vertex 59.1213 39.0000 2.0000
 endloop
endfacet
facet normal 0.000000 0.000000 1.000000
 outer loop
  vertex 65.5000 10.5000 2.0000
  vertex 64.0000 53.9019 2.0000
  vertex 60.0000 39.8787 2.0000
 endloop
endfacet
facet normal -0.000000 0.000000 1.000000
 outer loop
  vertex 59.1213 39.0000 2.0000
  vertex 60.0000 32.1213 2.0000
  vertex 60.0000 39.8787 2.0000
 endloop
endfacet
facet normal 0.000000 0.000000 1.000000
 outer loop
  vertex 51.8787 44.0000 2.0000
  vertex 59.1213 44.0000 2.0000
  vertex 63.3787 54.3787 2.0000
 endloop
endfacet
facet normal 0.000000 0.000000 1.000000
 outer loop
  vertex 60.0000 39.8787 2.0000
  vertex 64.0000 53.9019 2.0000
  vertex 60.0000 43.1213 2.0000
 endloop
endfacet
facet normal -0.000000 0.000000 1.000000
 outer loop
  vertex 59.1213 44.0000 2.0000
  vertex 60.0000 43.1213 2.0000
  vertex 64.0000 53.9019 2.0000
 endloop
endfacet
facet normal 0.000000 0.000000 1.000000
 outer loop
  vertex 65.5000 10.5000 2.0000
  vertex 67.3000 32.0000 2.0000
  vertex 68.5000 56.5000 2.0000
 endloop
endfacet
facet normal 0.000000 0.000000 1.000000
 outer loop
  vertex 65.5000 10.5000 2.0000
  vertex 64.3520 53.7284 2.0000
  vertex 64.0000 53.9019 2.0000
 endloop
endfacet
facet normal 0.000000 0.000000 1.000000
 outer loop
  vertex 65.5000 10.5000 2.0000
  vertex 64.7235 53.6022 2.0000
  vertex 64.3520 53.7284 2.0000
 endloop
endfacet
facet normal 0.000000 0.000000 1.000000
 outer loop
  vertex 65.5000 10.5000 2.0000
  vertex 65.1084 53.5257 2.0000
  vertex 64.7235 53.6022 2.0000
 endloop
endfacet
facet normal 0.000000 -0.000000 1.000000
 outer loop
  vertex 65.5000 10.5000 2.0000
  vertex 65.5000 53.5000 2.0000
  vertex 65.1084 53.5257 2.0000
 endloop
endfacet
facet normal 0.000000 0.000000 1.000000
 outer loop
  vertex 65.5000 10.5000 2.0000
  vertex 65.8916 53.5257 2.0000
  vertex 65.5000 53.5000 2.0000
 endloop
endfacet
facet normal 0.000000 0.000000 1.000000
 outer loop
  vertex 65.5000 10.5000 2.0000
  vertex 66.2765 53.6022 2.0000
  vertex 65.8916 53.5257 2.0000
 endloop
endfacet
facet normal 0.000000 0.000000 1.000000
 outer loop
  vertex 65.5000 10.5000 2.0000
  vertex 66.6480 53.7284 2.0000
  vertex 66.2765 53.6022 2.0000
 endloop
endfacet
facet normal 0.000000 0.000000 1.000000
 outer loop
  vertex 65.5000 10.5000 2.0000
  vertex 67.0000 53.9019 2.0000
  vertex 66.6480 53.7284 2.0000
 endloop
endfacet
facet normal 0.000000 0.000000 1.000000
 outer loop
  vertex 65.5000 10.5000 2.0000
  vertex 67.3263 54.1199 2.0000
  vertex 67.0000 53.9019 2.0000
 endloop
endfacet
facet normal 0.000000 0.000000 1.000000
 outer loop
  vertex 65.5000 10.5000 2.0000
  vertex 67.6213 54.3787 2.0000
  vertex 67.3263 54.1199 2.0000
 endloop
endfacet
facet normal 0.000000 0.000000 1.000000
 outer loop
  vertex 65.5000 10.5000 2.0000
  vertex 67.8801 54.6737 2.0000
  vertex 67.6213 54.3787 2.0000
 endloop
endfacet
facet normal 0.000000 -0.000000 1.000000
 outer loop
  vertex 71.0000 0.0000 2.0000
  vertex 71.0000 64.0000 2.0000
  vertex 70.7000 32.0000 2.0000
 endloop
endfacet
facet normal 0.000000 0.000000 1.000000
 outer loop
  vertex 65.5000 10.5000 2.0000
  vertex 68.0981 55.0000 2.0000
  vertex 67.8801 54.6737 2.0000
 endloop
endfacet
facet normal 0.000000 0.000000 1.000000
 outer loop
  vertex 65.5000 10.5000 2.0000
  vertex 68.2716 55.3520 2.0000
  vertex 68.0981 55.0000 2.0000
 endloop
endfacet
facet normal 0.000000 0.000000 1.000000
 outer loop
  vertex 67.3000 32.0000 2.0000
  vertex 67.3145 32.2219 2.0000
  vertex 68.5000 56.5000 2.0000
 endloop
endfacet
facet normal 0.000000 0.000000 1.000000
 outer loop
  vertex 67.3145 32.2219 2.0000
  vertex 67.3290 32.2947 2.0000
  vertex 68.5000 56.5000 2.0000
 endloop
endfacet
facet normal 0.000000 0.000000 1.000000
 outer loop
  vertex 67.3290 32.2947 2.0000
  vertex 67.3327 32.3317 2.0000
  vertex 68.5000 56.5000 2.0000
 endloop
endfacet
facet normal 0.000000 0.000000 1.000000
 outer loop
  vertex 67.3327 32.3317 2.0000
  vertex 67.3434 32.3672 2.0000
  vertex 68.5000 56.5000 2.0000
 endloop
endfacet
facet normal 0.000000 0.000000 1.000000
 outer loop
  vertex 67.3434 32.3672 2.0000
  vertex 67.3579 32.4400 2.0000
  vertex 68.5000 56.5000 2.0000
 endloop
endfacet
facet normal 0.000000 0.000000 1.000000
 outer loop
  vertex 65.5000 10.5000 2.0000
  vertex 68.3978 55.7235 2.0000
  vertex 68.2716 55.3520 2.0000
 endloop
endfacet
facet normal 0.000000 0.000000 1.000000
 outer loop
  vertex 65.5000 10.5000 2.0000
  vertex 68.4743 56.1084 2.0000
  vertex 68.3978 55.7235 2.0000
 endloop
endfacet
facet normal 0.000000 0.000000 1.000000
 outer loop
  vertex 67.3579 32.4400 2.0000
  vertex 67.4294 32.6506 2.0000
  vertex 68.5000 56.5000 2.0000
 endloop
endfacet
facet normal 0.000000 0.000000 1.000000
 outer loop
  vertex 67.4294 32.6506 2.0000
  vertex 67.5278 32.8500 2.0000
  vertex 68.5000 56.5000 2.0000
 endloop
endfacet
facet normal 0.000000 0.000000 1.000000
 outer loop
  vertex 67.5278 32.8500 2.0000
  vertex 67.5690 32.9117 2.0000
  vertex 68.5000 56.5000 2.0000
 endloop
endfacet
facet normal 0.000000 0.000000 1.000000
 outer loop
  vertex 67.5865 32.9445 2.0000
  vertex 67.6101 32.9732 2.0000
  vertex 68.5000 56.5000 2.0000
 endloop
endfacet
facet normal 0.000000 0.000000 1.000000
 outer loop
  vertex 67.5690 32.9117 2.0000
  vertex 67.5865 32.9445 2.0000
  vertex 68.5000 56.5000 2.0000
 endloop
endfacet
facet normal 0.000000 0.000000 1.000000
 outer loop
  vertex 67.6101 32.9732 2.0000
  vertex 67.6513 33.0349 2.0000
  vertex 68.5000 56.5000 2.0000
 endloop
endfacet
facet normal 0.000000 0.000000 1.000000
 outer loop
  vertex 67.6513 33.0349 2.0000
  vertex 67.7979 33.2021 2.0000
  vertex 68.5000 56.5000 2.0000
 endloop
endfacet
facet normal 0.000000 0.000000 1.000000
 outer loop
  vertex 65.5000 10.5000 2.0000
  vertex 68.5000 56.5000 2.0000
  vertex 68.4743 56.1084 2.0000
 endloop
endfacet
facet normal 0.000000 0.000000 1.000000
 outer loop
  vertex 67.7979 33.2021 2.0000
  vertex 67.9651 33.3487 2.0000
  vertex 68.5000 56.5000 2.0000
 endloop
endfacet
facet normal 0.000000 0.000000 1.000000
 outer loop
  vertex 67.9651 33.3487 2.0000
  vertex 68.0268 33.3899 2.0000
  vertex 71.0000 64.0000 2.0000
 endloop
endfacet
facet normal 0.000000 0.000000 1.000000
 outer loop
  vertex 68.0268 33.3899 2.0000
  vertex 68.0555 33.4135 2.0000
  vertex 71.0000 64.0000 2.0000
 endloop
endfacet
facet normal 0.000000 0.000000 1.000000
 outer loop
  vertex 68.0555 33.4135 2.0000
  vertex 68.0883 33.4310 2.0000
  vertex 71.0000 64.0000 2.0000
 endloop
endfacet
facet normal 0.000000 0.000000 1.000000
 outer loop
  vertex 68.0883 33.4310 2.0000
  vertex 68.1500 33.4722 2.0000
  vertex 71.0000 64.0000 2.0000
 endloop
endfacet
facet normal 0.000000 0.000000 1.000000
 outer loop
  vertex 68.1500 33.4722 2.0000
  vertex 68.3494 33.5706 2.0000
  vertex 71.0000 64.0000 2.0000
 endloop
endfacet
facet normal 0.000000 0.000000 1.000000
 outer loop
  vertex 68.3494 33.5706 2.0000
  vertex 68.5600 33.6421 2.0000
  vertex 71.0000 64.0000 2.0000
 endloop
endfacet
facet normal 0.000000 0.000000 1.000000
 outer loop
  vertex 68.5600 33.6421 2.0000
  vertex 68.6328 33.6566 2.0000
  vertex 71.0000 64.0000 2.0000
 endloop
endfacet
facet normal 0.000000 0.000000 1.000000
 outer loop
  vertex 68.6328 33.6566 2.0000
  vertex 68.6684 33.6673 2.0000
  vertex 71.0000 64.0000 2.0000
 endloop
endfacet
facet normal 0.000000 0.000000 1.000000
 outer loop
  vertex 68.6684 33.6673 2.0000
  vertex 68.7053 33.6710 2.0000
  vertex 71.0000 64.0000 2.0000
 endloop
endfacet
facet normal 0.000000 0.000000 1.000000
 outer loop
  vertex 68.7053 33.6710 2.0000
  vertex 68.7781 33.6855 2.0000
  vertex 71.0000 64.0000 2.0000
 endloop
endfacet
facet normal 0.000000 0.000000 1.000000
 outer loop
  vertex 68.7781 33.6855 2.0000
  vertex 69.0000 33.7000 2.0000
  vertex 71.0000 64.0000 2.0000
 endloop
endfacet
facet normal -0.000000 0.000000 1.000000
 outer loop
  vertex 69.0000 33.7000 2.0000
  vertex 69.2219 33.6855 2.0000
  vertex 71.0000 64.0000 2.0000
 endloop
endfacet
facet normal -0.000000 0.000000 1.000000
 outer loop
  vertex 69.2219 33.6855 2.0000
  vertex 69.2947 33.6710 2.0000
  vertex 71.0000 64.0000 2.0000
 endloop
endfacet
facet normal -0.000000 0.000000 1.000000
 outer loop
  vertex 69.4400 33.6421 2.0000
  vertex 69.6506 33.5706 2.0000
  vertex 71.0000 64.0000 2.0000
 endloop
endfacet
facet normal -0.000000 0.000000 1.000000
 outer loop
  vertex 69.3316 33.6673 2.0000
  vertex 69.3672 33.6566 2.0000
  vertex 71.0000 64.0000 2.0000
 endloop
endfacet
facet normal -0.000000 0.000000 1.000000
 outer loop
  vertex 69.2947 33.6710 2.0000
  vertex 69.3316 33.6673 2.0000
  vertex 71.0000 64.0000 2.0000
 endloop
endfacet
facet normal -0.000000 0.000000 1.000000
 outer loop
  vertex 69.3672 33.6566 2.0000
  vertex 69.4400 33.6421 2.0000
  vertex 71.0000 64.0000 2.0000
 endloop
endfacet
facet normal 0.000000 -0.000000 1.000000
 outer loop
  vertex 70.5706 32.6506 2.0000
  vertex 71.0000 64.0000 2.0000
  vertex 70.4722 32.8500 2.0000
 endloop
endfacet
facet normal -0.000000 0.000000 1.000000
 outer loop
  vertex 70.2021 33.2021 2.0000
  vertex 70.3487 33.0349 2.0000
  vertex 71.0000 64.0000 2.0000
 endloop
endfacet
facet normal -0.000000 0.000000 1.000000
 outer loop
  vertex 70.3899 32.9732 2.0000
  vertex 70.4135 32.9445 2.0000
  vertex 71.0000 64.0000 2.0000
 endloop
endfacet
facet normal 0.000000 -0.000000 1.000000
 outer loop
  vertex 70.4310 32.9117 2.0000
  vertex 71.0000 64.0000 2.0000
  vertex 70.4135 32.9445 2.0000
 endloop
endfacet
facet normal -0.000000 0.000000 1.000000
 outer loop
  vertex 70.4310 32.9117 2.0000
  vertex 70.4722 32.8500 2.0000
  vertex 71.0000 64.0000 2.0000
 endloop
endfacet
facet normal 0.000000 -0.000000 1.000000
 outer loop
  vertex 70.3899 32.9732 2.0000
  vertex 71.0000 64.0000 2.0000
  vertex 70.3487 33.0349 2.0000
 endloop
endfacet
facet normal -0.000000 0.000000 1.000000
 outer loop
  vertex 69.9117 33.4310 2.0000
  vertex 69.9445 33.4135 2.0000
  vertex 71.0000 64.0000 2.0000
 endloop
endfacet
facet normal 0.000000 -0.000000 1.000000
 outer loop
  vertex 69.8500 33.4722 2.0000
  vertex 71.0000 64.0000 2.0000
  vertex 69.6506 33.5706 2.0000
 endloop
endfacet
facet normal -0.000000 0.000000 1.000000
 outer loop
  vertex 69.8500 33.4722 2.0000
  vertex 69.9117 33.4310 2.0000
  vertex 71.0000 64.0000 2.0000
 endloop
endfacet
facet normal -0.000000 0.000000 1.000000
 outer loop
  vertex 69.9445 33.4135 2.0000
  vertex 69.9732 33.3899 2.0000
  vertex 71.0000 64.0000 2.0000
 endloop
endfacet
facet normal -0.000000 0.000000 1.000000
 outer loop
  vertex 69.9732 33.3899 2.0000
  vertex 70.0349 33.3487 2.0000
  vertex 71.0000 64.0000 2.0000
 endloop
endfacet
facet normal -0.000000 0.000000 1.000000
 outer loop
  vertex 70.0349 33.3487 2.0000
  vertex 70.2021 33.2021 2.0000
  vertex 71.0000 64.0000 2.0000
 endloop
endfacet
facet normal 0.000000 -0.000000 1.000000
 outer loop
  vertex 70.7000 32.0000 2.0000
  vertex 71.0000 64.0000 2.0000
  vertex 70.6855 32.2219 2.0000
 endloop
endfacet
facet normal 0.000000 -0.000000 1.000000
 outer loop
  vertex 70.6855 32.2219 2.0000
  vertex 71.0000 64.0000 2.0000
  vertex 70.6710 32.2947 2.0000
 endloop
endfacet
facet normal 0.000000 -0.000000 1.000000
 outer loop
  vertex 70.6566 32.3672 2.0000
  vertex 71.0000 64.0000 2.0000
  vertex 70.6421 32.4400 2.0000
 endloop
endfacet
facet normal 0.000000 -0.000000 1.000000
 outer loop
  vertex 70.6673 32.3317 2.0000
  vertex 71.0000 64.0000 2.0000
  vertex 70.6566 32.3672 2.0000
 endloop
endfacet
facet normal 0.000000 -0.000000 1.000000
 outer loop
  vertex 70.6710 32.2947 2.0000
  vertex 71.0000 64.0000 2.0000
  vertex 70.6673 32.3317 2.0000
 endloop
endfacet
facet normal 0.000000 -0.000000 1.000000
 outer loop
  vertex 70.6421 32.4400 2.0000
  vertex 71.0000 64.0000 2.0000
  vertex 70.5706 32.6506 2.0000
 endloop
endfacet
facet normal 0.000000 0.000000 -1.000000
 outer loop
  vertex 47.0000 39.8787 0.0000
  vertex 64.9500 55.5474 0.0000
  vertex 65.0790 55.4837 0.0000
 endloop
endfacet
facet normal 0.000000 0.000000 -1.000000
 outer loop
  vertex 47.0000 43.1213 0.0000
  vertex 64.5474 55.9500 0.0000
  vertex 64.6273 55.8304 0.0000
 endloop
endfacet
facet normal 0.000000 0.000000 -1.000000
 outer loop
  vertex 47.0000 43.1213 0.0000
  vertex 64.4837 56.0790 0.0000
  vertex 64.5474 55.9500 0.0000
 endloop
endfacet
facet normal 0.000000 0.000000 -1.000000
 outer loop
  vertex 47.0000 43.1213 0.0000
  vertex 64.4375 56.2153 0.0000
  vertex 64.4837 56.0790 0.0000
 endloop
endfacet
facet normal 0.000000 0.000000 -1.000000
 outer loop
  vertex 47.0000 43.1213 0.0000
  vertex 64.4094 56.3564 0.0000
  vertex 64.4375 56.2153 0.0000
 endloop
endfacet
facet normal 0.000000 0.000000 -1.000000
 outer loop
  vertex 47.0000 43.1213 0.0000
  vertex 64.4000 56.5000 0.0000
  vertex 64.4094 56.3564 0.0000
 endloop
endfacet
facet normal 0.000000 0.000000 -1.000000
 outer loop
  vertex 47.0000 43.1213 0.0000
  vertex 64.7222 55.7222 0.0000
  vertex 64.8304 55.6273 0.0000
 endloop
endfacet
facet normal 0.000000 0.000000 -1.000000
 outer loop
  vertex 47.0000 43.1213 0.0000
  vertex 64.8304 55.6273 0.0000
  vertex 64.9500 55.5474 0.0000
 endloop
endfacet
facet normal 0.000000 0.000000 -1.000000
 outer loop
  vertex 47.0000 43.1213 0.0000
  vertex 64.6273 55.8304 0.0000
  vertex 64.7222 55.7222 0.0000
 endloop
endfacet
facet normal 0.000000 0.000000 -1.000000
 outer loop
  vertex 47.0000 43.1213 0.0000
  vertex 47.5000 51.1716 0.0000
  vertex 71.0008 63.9757 0.0000
 endloop
endfacet
facet normal 0.000000 0.000000 -1.000000
 outer loop
  vertex 47.0000 43.1213 0.0000
  vertex 64.4094 56.6436 0.0000
  vertex 64.4000 56.5000 0.0000
 endloop
endfacet
facet normal 0.000000 0.000000 -1.000000
 outer loop
  vertex 47.0000 43.1213 0.0000
  vertex 64.4375 56.7847 0.0000
  vertex 64.4094 56.6436 0.0000
 endloop
endfacet
facet normal 0.000000 0.000000 -1.000000
 outer loop
  vertex 47.0000 43.1213 0.0000
  vertex 64.4837 56.9210 0.0000
  vertex 64.4375 56.7847 0.0000
 endloop
endfacet
facet normal 0.000000 0.000000 -1.000000
 outer loop
  vertex 47.0000 43.1213 0.0000
  vertex 64.5474 57.0500 0.0000
  vertex 64.4837 56.9210 0.0000
 endloop
endfacet
facet normal 0.000000 0.000000 -1.000000
 outer loop
  vertex 47.0000 43.1213 0.0000
  vertex 64.6273 57.1696 0.0000
  vertex 64.5474 57.0500 0.0000
 endloop
endfacet
facet normal 0.000000 0.000000 -1.000000
 outer loop
  vertex 47.0000 43.1213 0.0000
  vertex 64.7222 57.2778 0.0000
  vertex 64.6273 57.1696 0.0000
 endloop
endfacet
facet normal 0.000000 0.000000 -1.000000
 outer loop
  vertex 51.8787 44.0000 0.0000
  vertex 65.0790 55.4837 0.0000
  vertex 65.2153 55.4375 0.0000
 endloop
endfacet
facet normal 0.000000 0.000000 -1.000000
 outer loop
  vertex 47.0000 43.1213 0.0000
  vertex 71.0008 63.9757 0.0000
  vertex 64.7222 57.2778 0.0000
 endloop
endfacet
facet normal 0.000000 0.000000 -1.000000
 outer loop
  vertex 47.5000 51.1716 0.0000
  vertex 47.5000 64.0000 0.0000
  vertex 71.0008 63.9757 0.0000
 endloop
endfacet
facet normal 0.000000 1.000000 0.000000
 outer loop
  vertex 47.5000 64.0000 0.0000
  vertex 47.5000 64.0000 2.0000
  vertex 71.2426 64.0000 0.0000
 endloop
endfacet
facet normal 0.000000 0.000000 -1.000000
 outer loop
  vertex 47.5000 64.0000 0.0000
  vertex 71.2426 64.0000 0.0000
  vertex 71.0008 63.9757 0.0000
 endloop
endfacet
facet normal -0.000000 1.000000 0.000000
 outer loop
  vertex 47.5000 64.0000 2.0000
  vertex 71.0000 64.0000 2.0000
  vertex 71.2426 64.0000 0.0000
 endloop
endfacet
facet normal 0.000000 0.000000 -1.000000
 outer loop
  vertex 68.3494 33.5706 0.0000
  vertex 66.6000 56.5000 0.0000
  vertex 73.0000 62.2426 0.0000
 endloop
endfacet
facet normal 0.000000 0.000000 -1.000000
 outer loop
  vertex 64.7222 57.2778 0.0000
  vertex 71.0008 63.9757 0.0000
  vertex 64.8304 57.3727 0.0000
 endloop
endfacet
facet normal 0.000000 0.000000 -1.000000
 outer loop
  vertex 64.8304 57.3727 0.0000
  vertex 71.0008 63.9757 0.0000
  vertex 64.9500 57.4526 0.0000
 endloop
endfacet
facet normal 0.000000 0.000000 -1.000000
 outer loop
  vertex 64.9500 57.4526 0.0000
  vertex 71.0008 63.9757 0.0000
  vertex 65.0790 57.5163 0.0000
 endloop
endfacet
facet normal 0.000000 0.000000 -1.000000
 outer loop
  vertex 65.0790 57.5163 0.0000
  vertex 71.0008 63.9757 0.0000
  vertex 65.2153 57.5625 0.0000
 endloop
endfacet
facet normal 0.000000 0.000000 -1.000000
 outer loop
  vertex 65.2153 57.5625 0.0000
  vertex 71.0008 63.9757 0.0000
  vertex 65.3564 57.5906 0.0000
 endloop
endfacet
facet normal 0.000000 0.000000 -1.000000
 outer loop
  vertex 65.3564 57.5906 0.0000
  vertex 71.0008 63.9757 0.0000
  vertex 65.5000 57.6000 0.0000
 endloop
endfacet
facet normal 0.000000 0.000000 -1.000000
 outer loop
  vertex 65.5000 57.6000 0.0000
  vertex 71.0008 63.9757 0.0000
  vertex 65.6436 57.5906 0.0000
 endloop
endfacet
facet normal 0.000000 0.000000 -1.000000
 outer loop
  vertex 65.6436 57.5906 0.0000
  vertex 71.0008 63.9757 0.0000
  vertex 65.7847 57.5625 0.0000
 endloop
endfacet
facet normal 0.000000 0.000000 -1.000000
 outer loop
  vertex 65.7847 57.5625 0.0000
  vertex 71.0008 63.9757 0.0000
  vertex 65.9210 57.5163 0.0000
 endloop
endfacet
facet normal 0.000000 0.000000 -1.000000
 outer loop
  vertex 66.0500 57.4526 0.0000
  vertex 65.9210 57.5163 0.0000
  vertex 71.0008 63.9757 0.0000
 endloop
endfacet
facet normal 0.000000 0.000000 -1.000000
 outer loop
  vertex 66.0500 57.4526 0.0000
  vertex 71.0008 63.9757 0.0000
  vertex 66.1696 57.3727 0.0000
 endloop
endfacet
facet normal 0.000000 0.000000 -1.000000
 outer loop
  vertex 66.1696 57.3727 0.0000
  vertex 71.0008 63.9757 0.0000
  vertex 66.2778 57.2778 0.0000
 endloop
endfacet
facet normal 0.000000 0.000000 -1.000000
 outer loop
  vertex 66.3727 57.1696 0.0000
  vertex 66.2778 57.2778 0.0000
  vertex 71.0102 63.6740 0.0000
 endloop
endfacet
facet normal 0.000000 0.000000 -1.000000
 outer loop
  vertex 66.6000 56.5000 0.0000
  vertex 66.5906 56.6436 0.0000
  vertex 73.0000 62.2426 0.0000
 endloop
endfacet
facet normal 0.000000 0.000000 -1.000000
 outer loop
  vertex 66.5906 56.6436 0.0000
  vertex 66.5625 56.7847 0.0000
  vertex 73.0000 62.2426 0.0000
 endloop
endfacet
facet normal 0.000000 0.000000 -1.000000
 outer loop
  vertex 66.5625 56.7847 0.0000
  vertex 66.5163 56.9210 0.0000
  vertex 73.0000 62.2426 0.0000
 endloop
endfacet
facet normal 0.000000 0.000000 -1.000000
 outer loop
  vertex 66.5163 56.9210 0.0000
  vertex 66.4526 57.0500 0.0000
  vertex 73.0000 62.2426 0.0000
 endloop
endfacet
facet normal 0.000000 0.000000 -1.000000
 outer loop
  vertex 66.3727 57.1696 0.0000
  vertex 73.0000 62.2426 0.0000
  vertex 66.4526 57.0500 0.0000
 endloop
endfacet
facet normal 0.000000 0.000000 -1.000000
 outer loop
  vertex 66.2778 57.2778 0.0000
  vertex 71.0008 63.9757 0.0000
  vertex 71.0102 63.6740 0.0000
 endloop
endfacet
facet normal 0.000000 0.000000 -1.000000
 outer loop
  vertex 66.3727 57.1696 0.0000
  vertex 71.0102 63.6740 0.0000
  vertex 73.0000 62.2426 0.0000
 endloop
endfacet
facet normal 0.000000 1.000000 -0.000000
 outer loop
  vertex 71.2426 64.0000 0.0000
  vertex 71.0000 64.0000 2.0000
  vertex 71.2426 64.0000 2.0000
 endloop
endfacet
facet normal 0.000000 0.000000 1.000000
 outer loop
  vertex 47.0000 39.8787 2.0000
  vertex 63.3787 54.3787 2.0000
  vertex 63.1199 54.6737 2.0000
 endloop
endfacet
facet normal 0.000000 0.000000 1.000000
 outer loop
  vertex 47.0000 39.8787 2.0000
  vertex 63.1199 54.6737 2.0000
  vertex 62.9019 55.0000 2.0000
 endloop
endfacet
facet normal 0.000000 0.000000 1.000000
 outer loop
  vertex 47.0000 39.8787 2.0000
  vertex 62.9019 55.0000 2.0000
  vertex 62.7284 55.3520 2.0000
 endloop
endfacet
facet normal 0.000000 0.000000 1.000000
 outer loop
  vertex 47.0000 39.8787 2.0000
  vertex 62.7284 55.3520 2.0000
  vertex 62.6022 55.7235 2.0000
 endloop
endfacet
facet normal 0.000000 0.000000 1.000000
 outer loop
  vertex 47.0000 39.8787 2.0000
  vertex 62.6022 55.7235 2.0000
  vertex 62.5257 56.1084 2.0000
 endloop
endfacet
facet normal 0.000000 0.000000 1.000000
 outer loop
  vertex 47.5000 51.1716 2.0000
  vertex 62.5257 56.1084 2.0000
  vertex 62.5000 56.5000 2.0000
 endloop
endfacet
facet normal 0.000000 0.000000 1.000000
 outer loop
  vertex 47.5000 51.1716 2.0000
  vertex 62.5000 56.5000 2.0000
  vertex 62.5257 56.8916 2.0000
 endloop
endfacet
facet normal 0.000000 0.000000 1.000000
 outer loop
  vertex 47.5000 51.1716 2.0000
  vertex 62.5257 56.8916 2.0000
  vertex 62.6022 57.2765 2.0000
 endloop
endfacet
facet normal 0.000000 0.000000 1.000000
 outer loop
  vertex 47.5000 51.1716 2.0000
  vertex 62.6022 57.2765 2.0000
  vertex 62.7284 57.6480 2.0000
 endloop
endfacet
facet normal 0.000000 0.000000 1.000000
 outer loop
  vertex 47.5000 51.1716 2.0000
  vertex 62.7284 57.6480 2.0000
  vertex 62.9019 58.0000 2.0000
 endloop
endfacet
facet normal 0.000000 0.000000 1.000000
 outer loop
  vertex 47.5000 51.1716 2.0000
  vertex 62.9019 58.0000 2.0000
  vertex 63.1199 58.3263 2.0000
 endloop
endfacet
facet normal 0.000000 0.000000 1.000000
 outer loop
  vertex 59.1213 44.0000 2.0000
  vertex 63.6737 54.1199 2.0000
  vertex 63.3787 54.3787 2.0000
 endloop
endfacet
facet normal 0.000000 0.000000 1.000000
 outer loop
  vertex 59.1213 44.0000 2.0000
  vertex 64.0000 53.9019 2.0000
  vertex 63.6737 54.1199 2.0000
 endloop
endfacet
facet normal 0.000000 0.000000 1.000000
 outer loop
  vertex 47.5000 51.1716 2.0000
  vertex 63.1199 58.3263 2.0000
  vertex 63.3787 58.6213 2.0000
 endloop
endfacet
facet normal 0.000000 0.000000 1.000000
 outer loop
  vertex 47.5000 51.1716 2.0000
  vertex 63.3787 58.6213 2.0000
  vertex 63.6737 58.8801 2.0000
 endloop
endfacet
facet normal 0.000000 0.000000 1.000000
 outer loop
  vertex 47.5000 51.1716 2.0000
  vertex 63.6737 58.8801 2.0000
  vertex 64.0000 59.0981 2.0000
 endloop
endfacet
facet normal 0.000000 0.000000 1.000000
 outer loop
  vertex 47.5000 51.1716 2.0000
  vertex 64.0000 59.0981 2.0000
  vertex 64.3520 59.2716 2.0000
 endloop
endfacet
facet normal 0.000000 0.000000 1.000000
 outer loop
  vertex 47.5000 64.0000 2.0000
  vertex 64.3520 59.2716 2.0000
  vertex 64.7235 59.3978 2.0000
 endloop
endfacet
facet normal 0.000000 0.000000 1.000000
 outer loop
  vertex 47.5000 64.0000 2.0000
  vertex 64.7235 59.3978 2.0000
  vertex 65.1084 59.4743 2.0000
 endloop
endfacet
facet normal 0.000000 0.000000 1.000000
 outer loop
  vertex 47.5000 64.0000 2.0000
  vertex 65.1084 59.4743 2.0000
  vertex 65.5000 59.5000 2.0000
 endloop
endfacet
facet normal -0.000000 0.000000 1.000000
 outer loop
  vertex 47.5000 64.0000 2.0000
  vertex 65.5000 59.5000 2.0000
  vertex 71.0000 64.0000 2.0000
 endloop
endfacet
facet normal 0.000000 0.000000 1.000000
 outer loop
  vertex 67.9651 33.3487 2.0000
  vertex 71.0000 64.0000 2.0000
  vertex 68.5000 56.5000 2.0000
 endloop
endfacet
facet normal -0.000000 0.000000 1.000000
 outer loop
  vertex 65.5000 59.5000 2.0000
  vertex 65.8916 59.4743 2.0000
  vertex 71.0000 64.0000 2.0000
 endloop
endfacet
facet normal -0.000000 0.000000 1.000000
 outer loop
  vertex 65.8916 59.4743 2.0000
  vertex 66.2765 59.3978 2.0000
  vertex 71.0000 64.0000 2.0000
 endloop
endfacet
facet normal -0.000000 0.000000 1.000000
 outer loop
  vertex 66.2765 59.3978 2.0000
  vertex 66.6480 59.2716 2.0000
  vertex 71.0000 64.0000 2.0000
 endloop
endfacet
facet normal -0.000000 0.000000 1.000000
 outer loop
  vertex 66.6480 59.2716 2.0000
  vertex 67.0000 59.0981 2.0000
  vertex 71.0000 64.0000 2.0000
 endloop
endfacet
facet normal -0.000000 0.000000 1.000000
 outer loop
  vertex 68.3978 57.2765 2.0000
  vertex 68.4743 56.8916 2.0000
  vertex 71.0000 64.0000 2.0000
 endloop
endfacet
facet normal 0.000000 -0.000000 1.000000
 outer loop
  vertex 68.5000 56.5000 2.0000
  vertex 71.0000 64.0000 2.0000
  vertex 68.4743 56.8916 2.0000
 endloop
endfacet
facet normal 0.000000 -0.000000 1.000000
 outer loop
  vertex 68.3978 57.2765 2.0000
  vertex 71.0000 64.0000 2.0000
  vertex 68.2716 57.6480 2.0000
 endloop
endfacet
facet normal 0.000000 -0.000000 1.000000
 outer loop
  vertex 68.2716 57.6480 2.0000
  vertex 71.0000 64.0000 2.0000
  vertex 68.0981 58.0000 2.0000
 endloop
endfacet
facet normal 0.000000 -0.000000 1.000000
 outer loop
  vertex 68.0981 58.0000 2.0000
  vertex 71.0000 64.0000 2.0000
  vertex 67.8801 58.3263 2.0000
 endloop
endfacet
facet normal -0.000000 0.000000 1.000000
 outer loop
  vertex 67.6213 58.6213 2.0000
  vertex 67.8801 58.3263 2.0000
  vertex 71.0000 64.0000 2.0000
 endloop
endfacet
facet normal -0.000000 0.000000 1.000000
 outer loop
  vertex 67.0000 59.0981 2.0000
  vertex 67.3263 58.8801 2.0000
  vertex 71.0000 64.0000 2.0000
 endloop
endfacet
facet normal -0.000000 0.000000 1.000000
 outer loop
  vertex 67.3263 58.8801 2.0000
  vertex 67.6213 58.6213 2.0000
  vertex 71.0000 64.0000 2.0000
 endloop
endfacet
facet normal 0.000000 0.000000 -1.000000
 outer loop
  vertex 6.7703 4.9730 0.0000
  vertex 6.9500 6.5474 0.0000
  vertex 6.7868 4.9674 0.0000
 endloop
endfacet
facet normal 0.000000 0.000000 -1.000000
 outer loop
  vertex 6.9338 4.5604 0.0000
  vertex 6.9658 4.9052 0.0000
  vertex 6.9567 4.5558 0.0000
 endloop
endfacet
facet normal 0.000000 0.000000 -1.000000
 outer loop
  vertex 6.7868 4.9674 0.0000
  vertex 6.9658 4.9052 0.0000
  vertex 6.9338 4.5604 0.0000
 endloop
endfacet
facet normal 0.000000 0.000000 -1.000000
 outer loop
  vertex 6.7868 4.9674 0.0000
  vertex 6.9500 6.5474 0.0000
  vertex 6.9658 4.9052 0.0000
 endloop
endfacet
facet normal 0.000000 0.000000 -1.000000
 outer loop
  vertex 6.9658 4.9052 0.0000
  vertex 7.0790 6.4837 0.0000
  vertex 7.2253 4.7772 0.0000
 endloop
endfacet
facet normal 0.000000 0.000000 -1.000000
 outer loop
  vertex 6.9658 4.9052 0.0000
  vertex 6.9500 6.5474 0.0000
  vertex 7.0790 6.4837 0.0000
 endloop
endfacet
facet normal 0.000000 0.000000 -1.000000
 outer loop
  vertex 7.2253 4.7772 0.0000
  vertex 7.2153 6.4375 0.0000
  vertex 7.3564 6.4094 0.0000
 endloop
endfacet
facet normal 0.000000 0.000000 -1.000000
 outer loop
  vertex 7.2253 4.7772 0.0000
  vertex 7.0790 6.4837 0.0000
  vertex 7.2153 6.4375 0.0000
 endloop
endfacet
facet normal 0.000000 0.000000 -1.000000
 outer loop
  vertex 7.2253 4.7772 0.0000
  vertex 7.3564 6.4094 0.0000
  vertex 7.5000 6.4000 0.0000
 endloop
endfacet
facet normal 0.000000 0.000000 -1.000000
 outer loop
  vertex 7.2253 4.7772 0.0000
  vertex 7.5000 6.4000 0.0000
  vertex 7.6436 6.4094 0.0000
 endloop
endfacet
facet normal 0.000000 0.000000 -1.000000
 outer loop
  vertex 7.2253 4.7772 0.0000
  vertex 7.6436 6.4094 0.0000
  vertex 7.7847 6.4375 0.0000
 endloop
endfacet
facet normal 0.000000 0.000000 -1.000000
 outer loop
  vertex 7.2253 4.7772 0.0000
  vertex 7.7847 6.4375 0.0000
  vertex 7.9210 6.4837 0.0000
 endloop
endfacet
facet normal 0.000000 0.000000 -1.000000
 outer loop
  vertex 7.2253 4.7772 0.0000
  vertex 7.9210 6.4837 0.0000
  vertex 8.0500 6.5474 0.0000
 endloop
endfacet
facet normal 0.000000 0.000000 -1.000000
 outer loop
  vertex 7.2253 4.7772 0.0000
  vertex 8.0500 6.5474 0.0000
  vertex 8.1696 6.6273 0.0000
 endloop
endfacet
facet normal 0.000000 0.000000 -1.000000
 outer loop
  vertex 6.7703 4.9730 0.0000
  vertex 6.8643 6.6046 0.0000
  vertex 6.9500 6.5474 0.0000
 endloop
endfacet
facet normal 0.000000 0.000000 -1.000000
 outer loop
  vertex 7.2253 4.7772 0.0000
  vertex 8.1696 6.6273 0.0000
  vertex 8.2778 6.7222 0.0000
 endloop
endfacet
facet normal 0.000000 0.000000 -1.000000
 outer loop
  vertex 7.2253 4.7772 0.0000
  vertex 8.2778 6.7222 0.0000
  vertex 9.1234 6.7845 0.0000
 endloop
endfacet
facet normal 0.000000 0.000000 -1.000000
 outer loop
  vertex 7.2253 4.7772 0.0000
  vertex 9.1234 6.7845 0.0000
  vertex 10.4552 7.5990 0.0000
 endloop
endfacet
facet normal 0.000000 0.000000 -1.000000
 outer loop
  vertex 8.2778 6.7222 0.0000
  vertex 8.3727 6.8304 0.0000
  vertex 9.1234 6.7845 0.0000
 endloop
endfacet
facet normal 0.000000 0.000000 -1.000000
 outer loop
  vertex 8.3727 6.8304 0.0000
  vertex 8.4526 6.9500 0.0000
  vertex 9.1234 6.7845 0.0000
 endloop
endfacet
facet normal 0.000000 0.000000 -1.000000
 outer loop
  vertex 8.4526 6.9500 0.0000
  vertex 8.5163 7.0790 0.0000
  vertex 9.1234 6.7845 0.0000
 endloop
endfacet
facet normal 0.000000 0.000000 -1.000000
 outer loop
  vertex 9.1234 6.7845 0.0000
  vertex 8.5163 7.0790 0.0000
  vertex 8.5625 7.2153 0.0000
 endloop
endfacet
facet normal 0.000000 0.000000 -1.000000
 outer loop
  vertex 9.1234 6.7845 0.0000
  vertex 8.5625 7.2153 0.0000
  vertex 8.5906 7.3564 0.0000
 endloop
endfacet
facet normal 0.000000 0.000000 -1.000000
 outer loop
  vertex 7.7879 8.5614 0.0000
  vertex 9.3098 9.8911 0.0000
  vertex 7.9210 8.5163 0.0000
 endloop
endfacet
facet normal 0.000000 0.000000 -1.000000
 outer loop
  vertex 7.9210 8.5163 0.0000
  vertex 9.3098 9.8911 0.0000
  vertex 8.0500 8.4526 0.0000
 endloop
endfacet
facet normal 0.000000 0.000000 -1.000000
 outer loop
  vertex 8.0500 8.4526 0.0000
  vertex 9.3098 9.8911 0.0000
  vertex 8.1696 8.3727 0.0000
 endloop
endfacet
facet normal 0.000000 0.000000 -1.000000
 outer loop
  vertex 8.5906 7.3564 0.0000
  vertex 8.6000 7.5000 0.0000
  vertex 9.3098 9.8911 0.0000
 endloop
endfacet
facet normal 0.000000 0.000000 -1.000000
 outer loop
  vertex 8.6000 7.5000 0.0000
  vertex 8.5906 7.6436 0.0000
  vertex 9.3098 9.8911 0.0000
 endloop
endfacet
facet normal 0.000000 0.000000 -1.000000
 outer loop
  vertex 8.5906 7.6436 0.0000
  vertex 8.5625 7.7847 0.0000
  vertex 9.3098 9.8911 0.0000
 endloop
endfacet
facet normal 0.000000 0.000000 -1.000000
 outer loop
  vertex 9.1234 6.7845 0.0000
  vertex 8.5906 7.3564 0.0000
  vertex 9.3098 9.8911 0.0000
 endloop
endfacet
facet normal 0.000000 0.000000 -1.000000
 outer loop
  vertex 8.5163 7.9210 0.0000
  vertex 8.4526 8.0500 0.0000
  vertex 9.3098 9.8911 0.0000
 endloop
endfacet
facet normal 0.000000 0.000000 -1.000000
 outer loop
  vertex 8.5163 7.9210 0.0000
  vertex 9.3098 9.8911 0.0000
  vertex 8.5625 7.7847 0.0000
 endloop
endfacet
facet normal 0.000000 0.000000 -1.000000
 outer loop
  vertex 8.3727 8.1696 0.0000
  vertex 9.3098 9.8911 0.0000
  vertex 8.4526 8.0500 0.0000
 endloop
endfacet
facet normal 0.000000 0.000000 -1.000000
 outer loop
  vertex 8.1696 8.3727 0.0000
  vertex 9.3098 9.8911 0.0000
  vertex 8.2778 8.2778 0.0000
 endloop
endfacet
facet normal 0.000000 0.000000 -1.000000
 outer loop
  vertex 8.3727 8.1696 0.0000
  vertex 8.2778 8.2778 0.0000
  vertex 9.3098 9.8911 0.0000
 endloop
endfacet
facet normal 0.000000 0.000000 -1.000000
 outer loop
  vertex 9.1234 6.7845 0.0000
  vertex 10.4513 8.0076 0.0000
  vertex 10.4552 7.5990 0.0000
 endloop
endfacet
facet normal -0.997859 -0.065403 0.000000
 outer loop
  vertex 4.5257 7.1084 2.0000
  vertex 4.5257 7.1084 5.0000
  vertex 4.5000 7.5000 2.0000
 endloop
endfacet
facet normal -0.997859 0.065403 0.000000
 outer loop
  vertex 4.5000 7.5000 2.0000
  vertex 4.5000 7.5000 5.0000
  vertex 4.5257 7.8916 2.0000
 endloop
endfacet
facet normal -0.831470 -0.555570 0.000000
 outer loop
  vertex 5.1199 5.6737 2.0000
  vertex 5.1199 5.6737 5.0000
  vertex 4.9019 6.0000 2.0000
 endloop
endfacet
facet normal -0.751839 -0.659347 0.000000
 outer loop
  vertex 5.1199 5.6737 2.0000
  vertex 5.3787 5.3787 2.0000
  vertex 5.3787 5.3787 5.0000
 endloop
endfacet
facet normal -0.555567 -0.831472 0.000000
 outer loop
  vertex 5.6737 5.1199 2.0000
  vertex 5.7300 5.0823 2.0000
  vertex 5.6737 5.1199 5.0000
 endloop
endfacet
facet normal -0.659347 -0.751839 0.000000
 outer loop
  vertex 5.3787 5.3787 2.0000
  vertex 5.6737 5.1199 2.0000
  vertex 5.6737 5.1199 5.0000
 endloop
endfacet
facet normal -0.896873 -0.442288 0.000000
 outer loop
  vertex 4.7284 6.3519 2.0000
  vertex 4.9019 6.0000 2.0000
  vertex 4.9019 6.0000 5.0000
 endloop
endfacet
facet normal -0.946930 -0.321440 0.000000
 outer loop
  vertex 4.7284 6.3519 2.0000
  vertex 4.7284 6.3519 5.0000
  vertex 4.6022 6.7235 2.0000
 endloop
endfacet
facet normal -0.980785 -0.195090 0.000000
 outer loop
  vertex 4.5257 7.1084 2.0000
  vertex 4.6022 6.7235 2.0000
  vertex 4.6022 6.7235 5.0000
 endloop
endfacet
facet normal 0.065402 -0.997859 0.000000
 outer loop
  vertex 7.6088 4.5071 2.0000
  vertex 7.8916 4.5257 2.0000
  vertex 7.6088 4.5071 5.0000
 endloop
endfacet
facet normal 0.195091 -0.980785 0.000000
 outer loop
  vertex 7.8916 4.5257 2.0000
  vertex 8.2765 4.6022 2.0000
  vertex 8.2765 4.6022 5.0000
 endloop
endfacet
facet normal 0.321440 -0.946930 0.000000
 outer loop
  vertex 8.2765 4.6022 2.0000
  vertex 8.6481 4.7284 2.0000
  vertex 8.6481 4.7284 5.0000
 endloop
endfacet
facet normal 0.442288 -0.896873 0.000000
 outer loop
  vertex 8.6481 4.7284 2.0000
  vertex 9.0000 4.9019 2.0000
  vertex 9.0000 4.9019 5.0000
 endloop
endfacet
facet normal -0.980785 0.195091 0.000000
 outer loop
  vertex 4.5257 7.8916 2.0000
  vertex 4.5257 7.8916 5.0000
  vertex 4.6022 8.2765 2.0000
 endloop
endfacet
facet normal -0.946930 0.321440 0.000000
 outer loop
  vertex 4.6022 8.2765 2.0000
  vertex 4.6022 8.2765 5.0000
  vertex 4.7284 8.6481 2.0000
 endloop
endfacet
facet normal -0.896873 0.442288 0.000000
 outer loop
  vertex 4.7284 8.6481 2.0000
  vertex 4.7284 8.6481 5.0000
  vertex 4.9019 9.0000 2.0000
 endloop
endfacet
facet normal -0.831470 0.555570 0.000000
 outer loop
  vertex 4.9019 9.0000 2.0000
  vertex 4.9019 9.0000 5.0000
  vertex 5.1199 9.3263 2.0000
 endloop
endfacet
facet normal -0.751840 0.659346 0.000000
 outer loop
  vertex 5.1199 9.3263 2.0000
  vertex 5.1199 9.3263 5.0000
  vertex 5.3787 9.6213 2.0000
 endloop
endfacet
facet normal -0.659346 0.751840 0.000000
 outer loop
  vertex 5.3787 9.6213 2.0000
  vertex 5.3787 9.6213 5.0000
  vertex 5.6737 9.8801 2.0000
 endloop
endfacet
facet normal -0.555569 0.831470 0.000000
 outer loop
  vertex 5.6737 9.8801 2.0000
  vertex 5.6737 9.8801 5.0000
  vertex 6.0000 10.0981 2.0000
 endloop
endfacet
facet normal -0.442290 0.896872 0.000000
 outer loop
  vertex 6.0000 10.0981 2.0000
  vertex 6.0000 10.0981 5.0000
  vertex 6.3519 10.2716 2.0000
 endloop
endfacet
facet normal -0.321439 0.946930 0.000000
 outer loop
  vertex 6.3519 10.2716 2.0000
  vertex 6.3519 10.2716 5.0000
  vertex 6.7235 10.3978 2.0000
 endloop
endfacet
facet normal -0.195090 0.980785 0.000000
 outer loop
  vertex 6.7235 10.3978 2.0000
  vertex 6.7235 10.3978 5.0000
  vertex 7.1084 10.4743 2.0000
 endloop
endfacet
facet normal -0.065403 0.997859 0.000000
 outer loop
  vertex 7.1084 10.4743 2.0000
  vertex 7.1084 10.4743 5.0000
  vertex 7.5000 10.5000 2.0000
 endloop
endfacet
facet normal 0.065403 0.997859 0.000000
 outer loop
  vertex 7.8916 10.4743 2.0000
  vertex 7.5000 10.5000 2.0000
  vertex 7.5000 10.5000 5.0000
 endloop
endfacet
facet normal 0.195091 0.980785 -0.000000
 outer loop
  vertex 7.8916 10.4743 2.0000
  vertex 7.8916 10.4743 5.0000
  vertex 8.2765 10.3978 2.0000
 endloop
endfacet
facet normal 0.321439 0.946930 -0.000000
 outer loop
  vertex 8.2765 10.3978 2.0000
  vertex 8.2765 10.3978 5.0000
  vertex 8.6481 10.2716 2.0000
 endloop
endfacet
facet normal 0.442290 0.896872 -0.000000
 outer loop
  vertex 8.6481 10.2716 2.0000
  vertex 8.6481 10.2716 5.0000
  vertex 9.0000 10.0981 2.0000
 endloop
endfacet
facet normal 0.555569 0.831470 -0.000000
 outer loop
  vertex 9.0000 10.0981 2.0000
  vertex 9.0000 10.0981 5.0000
  vertex 9.3263 9.8801 2.0000
 endloop
endfacet
facet normal 0.555570 -0.831470 0.000000
 outer loop
  vertex 9.0000 4.9019 2.0000
  vertex 9.3263 5.1199 2.0000
  vertex 9.3263 5.1199 5.0000
 endloop
endfacet
facet normal 0.659346 -0.751840 0.000000
 outer loop
  vertex 9.3263 5.1199 2.0000
  vertex 9.6213 5.3787 2.0000
  vertex 9.6213 5.3787 5.0000
 endloop
endfacet
facet normal 0.751840 -0.659346 0.000000
 outer loop
  vertex 9.6213 5.3787 2.0000
  vertex 9.8801 5.6737 2.0000
  vertex 9.8801 5.6737 5.0000
 endloop
endfacet
facet normal 0.831470 -0.555569 0.000000
 outer loop
  vertex 9.8801 5.6737 2.0000
  vertex 10.0981 6.0000 2.0000
  vertex 10.0981 6.0000 5.0000
 endloop
endfacet
facet normal 0.896872 -0.442290 0.000000
 outer loop
  vertex 10.0981 6.0000 2.0000
  vertex 10.2716 6.3519 2.0000
  vertex 10.2716 6.3519 5.0000
 endloop
endfacet
facet normal 0.946930 -0.321439 0.000000
 outer loop
  vertex 10.2716 6.3519 2.0000
  vertex 10.3978 6.7235 2.0000
  vertex 10.3978 6.7235 5.0000
 endloop
endfacet
facet normal 0.980785 -0.195090 0.000000
 outer loop
  vertex 10.3978 6.7235 2.0000
  vertex 10.4743 7.1084 2.0000
  vertex 10.4743 7.1084 5.0000
 endloop
endfacet
facet normal 0.997859 -0.065403 0.000000
 outer loop
  vertex 10.4743 7.1084 2.0000
  vertex 10.5000 7.5000 2.0000
  vertex 10.5000 7.5000 5.0000
 endloop
endfacet
facet normal 0.997859 0.065403 0.000000
 outer loop
  vertex 10.5000 7.5000 2.0000
  vertex 10.4743 7.8916 2.0000
  vertex 10.4743 7.8916 5.0000
 endloop
endfacet
facet normal 0.896872 0.442290 -0.000000
 outer loop
  vertex 10.0981 9.0000 2.0000
  vertex 10.0981 9.0000 5.0000
  vertex 10.2716 8.6481 2.0000
 endloop
endfacet
facet normal 0.659345 0.751840 -0.000000
 outer loop
  vertex 9.3263 9.8801 2.0000
  vertex 9.3263 9.8801 5.0000
  vertex 9.6213 9.6213 2.0000
 endloop
endfacet
facet normal 0.831470 0.555569 -0.000000
 outer loop
  vertex 9.8801 9.3263 2.0000
  vertex 9.8801 9.3263 5.0000
  vertex 10.0981 9.0000 2.0000
 endloop
endfacet
facet normal 0.751840 0.659345 -0.000000
 outer loop
  vertex 9.6213 9.6213 2.0000
  vertex 9.6213 9.6213 5.0000
  vertex 9.8801 9.3263 2.0000
 endloop
endfacet
facet normal 0.980785 0.195091 0.000000
 outer loop
  vertex 10.4743 7.8916 2.0000
  vertex 10.3978 8.2765 2.0000
  vertex 10.3978 8.2765 5.0000
 endloop
endfacet
facet normal 0.946930 0.321439 0.000000
 outer loop
  vertex 10.3978 8.2765 2.0000
  vertex 10.2716 8.6481 2.0000
  vertex 10.2716 8.6481 5.0000
 endloop
endfacet
facet normal -0.980785 -0.195090 0.000000
 outer loop
  vertex 4.5257 7.1084 2.0000
  vertex 4.6022 6.7235 5.0000
  vertex 4.5257 7.1084 5.0000
 endloop
endfacet
facet normal -0.997859 -0.065403 0.000000
 outer loop
  vertex 4.5000 7.5000 2.0000
  vertex 4.5257 7.1084 5.0000
  vertex 4.5000 7.5000 5.0000
 endloop
endfacet
facet normal -0.997859 0.065403 0.000000
 outer loop
  vertex 4.5257 7.8916 2.0000
  vertex 4.5000 7.5000 5.0000
  vertex 4.5257 7.8916 5.0000
 endloop
endfacet
facet normal -0.831470 -0.555570 0.000000
 outer loop
  vertex 4.9019 6.0000 2.0000
  vertex 5.1199 5.6737 5.0000
  vertex 4.9019 6.0000 5.0000
 endloop
endfacet
facet normal -0.659347 -0.751839 0.000000
 outer loop
  vertex 5.3787 5.3787 2.0000
  vertex 5.6737 5.1199 5.0000
  vertex 5.3787 5.3787 5.0000
 endloop
endfacet
facet normal -0.751839 -0.659347 0.000000
 outer loop
  vertex 5.1199 5.6737 2.0000
  vertex 5.3787 5.3787 5.0000
  vertex 5.1199 5.6737 5.0000
 endloop
endfacet
facet normal -0.555567 -0.831472 0.000000
 outer loop
  vertex 5.7300 5.0823 2.0000
  vertex 5.7300 5.0823 5.0000
  vertex 5.6737 5.1199 5.0000
 endloop
endfacet
facet normal -0.896873 -0.442288 0.000000
 outer loop
  vertex 4.7284 6.3519 2.0000
  vertex 4.9019 6.0000 5.0000
  vertex 4.7284 6.3519 5.0000
 endloop
endfacet
facet normal -0.946930 -0.321440 0.000000
 outer loop
  vertex 4.6022 6.7235 2.0000
  vertex 4.7284 6.3519 5.0000
  vertex 4.6022 6.7235 5.0000
 endloop
endfacet
facet normal 0.065402 -0.997859 0.000000
 outer loop
  vertex 7.8916 4.5257 2.0000
  vertex 7.8916 4.5257 5.0000
  vertex 7.6088 4.5071 5.0000
 endloop
endfacet
facet normal 0.195091 -0.980785 0.000000
 outer loop
  vertex 7.8916 4.5257 2.0000
  vertex 8.2765 4.6022 5.0000
  vertex 7.8916 4.5257 5.0000
 endloop
endfacet
facet normal 0.321440 -0.946930 0.000000
 outer loop
  vertex 8.2765 4.6022 2.0000
  vertex 8.6481 4.7284 5.0000
  vertex 8.2765 4.6022 5.0000
 endloop
endfacet
facet normal 0.442288 -0.896873 0.000000
 outer loop
  vertex 8.6481 4.7284 2.0000
  vertex 9.0000 4.9019 5.0000
  vertex 8.6481 4.7284 5.0000
 endloop
endfacet
facet normal 0.555570 -0.831470 0.000000
 outer loop
  vertex 9.0000 4.9019 2.0000
  vertex 9.3263 5.1199 5.0000
  vertex 9.0000 4.9019 5.0000
 endloop
endfacet
facet normal 0.000000 -0.000000 1.000000
 outer loop
  vertex 4.5257 7.1084 5.0000
  vertex 4.5257 7.8916 5.0000
  vertex 4.5000 7.5000 5.0000
 endloop
endfacet
facet normal 0.000000 0.000000 1.000000
 outer loop
  vertex 4.5257 7.1084 5.0000
  vertex 4.6022 8.2765 5.0000
  vertex 4.5257 7.8916 5.0000
 endloop
endfacet
facet normal -0.000000 0.000000 1.000000
 outer loop
  vertex 6.3263 5.0786 5.0000
  vertex 6.6470 5.0148 5.0000
  vertex 6.7222 6.7222 5.0000
 endloop
endfacet
facet normal -0.000000 0.000000 1.000000
 outer loop
  vertex 5.1199 5.6737 5.0000
  vertex 5.3787 5.3787 5.0000
  vertex 5.3787 9.6213 5.0000
 endloop
endfacet
facet normal -0.000000 0.000000 1.000000
 outer loop
  vertex 5.3787 5.3787 5.0000
  vertex 5.6737 5.1199 5.0000
  vertex 5.6737 9.8801 5.0000
 endloop
endfacet
facet normal 0.000000 -0.000000 1.000000
 outer loop
  vertex 4.7284 6.3519 5.0000
  vertex 4.7284 8.6481 5.0000
  vertex 4.6022 6.7235 5.0000
 endloop
endfacet
facet normal -0.000000 0.000000 1.000000
 outer loop
  vertex 4.7284 6.3519 5.0000
  vertex 4.9019 6.0000 5.0000
  vertex 4.9019 9.0000 5.0000
 endloop
endfacet
facet normal -0.000000 0.000000 1.000000
 outer loop
  vertex 4.5257 7.1084 5.0000
  vertex 4.6022 6.7235 5.0000
  vertex 4.6022 8.2765 5.0000
 endloop
endfacet
facet normal 0.000000 -0.000000 1.000000
 outer loop
  vertex 5.1199 5.6737 5.0000
  vertex 5.1199 9.3263 5.0000
  vertex 4.9019 6.0000 5.0000
 endloop
endfacet
facet normal 0.000000 0.000000 1.000000
 outer loop
  vertex 4.6022 6.7235 5.0000
  vertex 4.7284 8.6481 5.0000
  vertex 4.6022 8.2765 5.0000
 endloop
endfacet
facet normal -0.000000 0.000000 1.000000
 outer loop
  vertex 5.6737 5.1199 5.0000
  vertex 5.7300 5.0823 5.0000
  vertex 6.0000 10.0981 5.0000
 endloop
endfacet
facet normal 0.000000 0.000000 1.000000
 outer loop
  vertex 5.7300 5.0823 5.0000
  vertex 6.0000 5.1000 5.0000
  vertex 6.0000 10.0981 5.0000
 endloop
endfacet
facet normal -0.000000 0.000000 1.000000
 outer loop
  vertex 6.0000 5.1000 5.0000
  vertex 6.3263 5.0786 5.0000
  vertex 6.3519 10.2716 5.0000
 endloop
endfacet
facet normal 0.000000 0.000000 1.000000
 outer loop
  vertex 6.3263 5.0786 5.0000
  vertex 6.4837 7.0790 5.0000
  vertex 6.4375 7.2153 5.0000
 endloop
endfacet
facet normal 0.000000 0.000000 1.000000
 outer loop
  vertex 6.3263 5.0786 5.0000
  vertex 6.5474 6.9500 5.0000
  vertex 6.4837 7.0790 5.0000
 endloop
endfacet
facet normal 0.000000 0.000000 1.000000
 outer loop
  vertex 6.3263 5.0786 5.0000
  vertex 6.6273 6.8304 5.0000
  vertex 6.5474 6.9500 5.0000
 endloop
endfacet
facet normal 0.000000 0.000000 1.000000
 outer loop
  vertex 6.3263 5.0786 5.0000
  vertex 6.7222 6.7222 5.0000
  vertex 6.6273 6.8304 5.0000
 endloop
endfacet
facet normal 0.000000 0.000000 1.000000
 outer loop
  vertex 6.6470 5.0148 5.0000
  vertex 6.8304 6.6273 5.0000
  vertex 6.7222 6.7222 5.0000
 endloop
endfacet
facet normal 0.000000 0.000000 1.000000
 outer loop
  vertex 6.6470 5.0148 5.0000
  vertex 6.9500 6.5474 5.0000
  vertex 6.8304 6.6273 5.0000
 endloop
endfacet
facet normal 0.000000 0.000000 1.000000
 outer loop
  vertex 6.3263 5.0786 5.0000
  vertex 6.4375 7.2153 5.0000
  vertex 6.4094 7.3564 5.0000
 endloop
endfacet
facet normal 0.000000 0.000000 1.000000
 outer loop
  vertex 6.3263 5.0786 5.0000
  vertex 6.4094 7.3564 5.0000
  vertex 6.4000 7.5000 5.0000
 endloop
endfacet
facet normal 0.000000 0.000000 1.000000
 outer loop
  vertex 6.3263 5.0786 5.0000
  vertex 6.4000 7.5000 5.0000
  vertex 6.3519 10.2716 5.0000
 endloop
endfacet
facet normal -0.000000 0.000000 1.000000
 outer loop
  vertex 6.6470 5.0148 5.0000
  vertex 6.9567 4.9097 5.0000
  vertex 7.0790 6.4837 5.0000
 endloop
endfacet
facet normal -0.000000 0.000000 1.000000
 outer loop
  vertex 6.9567 4.9097 5.0000
  vertex 7.2500 4.7651 5.0000
  vertex 7.3564 6.4094 5.0000
 endloop
endfacet
facet normal 0.000000 0.000000 1.000000
 outer loop
  vertex 6.9567 4.9097 5.0000
  vertex 7.2153 6.4375 5.0000
  vertex 7.0790 6.4837 5.0000
 endloop
endfacet
facet normal 0.000000 0.000000 1.000000
 outer loop
  vertex 6.9567 4.9097 5.0000
  vertex 7.3564 6.4094 5.0000
  vertex 7.2153 6.4375 5.0000
 endloop
endfacet
facet normal 0.000000 0.000000 1.000000
 outer loop
  vertex 7.2500 4.7651 5.0000
  vertex 7.5000 6.4000 5.0000
  vertex 7.3564 6.4094 5.0000
 endloop
endfacet
facet normal -0.000000 0.000000 1.000000
 outer loop
  vertex 7.2500 4.7651 5.0000
  vertex 7.5219 4.5834 5.0000
  vertex 7.5000 6.4000 5.0000
 endloop
endfacet
facet normal -0.000000 -0.000000 1.000000
 outer loop
  vertex 7.5219 4.5834 5.0000
  vertex 7.6088 4.5071 5.0000
  vertex 7.5000 6.4000 5.0000
 endloop
endfacet
facet normal 0.000000 -0.000000 1.000000
 outer loop
  vertex 7.6088 4.5071 5.0000
  vertex 7.8916 4.5257 5.0000
  vertex 7.5000 6.4000 5.0000
 endloop
endfacet
facet normal 0.000000 0.000000 1.000000
 outer loop
  vertex 7.8916 4.5257 5.0000
  vertex 7.6436 6.4094 5.0000
  vertex 7.5000 6.4000 5.0000
 endloop
endfacet
facet normal 0.000000 0.000000 1.000000
 outer loop
  vertex 7.8916 4.5257 5.0000
  vertex 7.7847 6.4375 5.0000
  vertex 7.6436 6.4094 5.0000
 endloop
endfacet
facet normal 0.000000 -0.000000 1.000000
 outer loop
  vertex 7.8916 4.5257 5.0000
  vertex 7.9210 6.4837 5.0000
  vertex 7.7847 6.4375 5.0000
 endloop
endfacet
facet normal 0.000000 0.000000 1.000000
 outer loop
  vertex 7.8916 4.5257 5.0000
  vertex 8.2765 4.6022 5.0000
  vertex 7.9210 6.4837 5.0000
 endloop
endfacet
facet normal 0.000000 0.000000 1.000000
 outer loop
  vertex 8.2765 4.6022 5.0000
  vertex 8.6481 4.7284 5.0000
  vertex 8.3727 6.8304 5.0000
 endloop
endfacet
facet normal 0.000000 0.000000 1.000000
 outer loop
  vertex 8.2765 4.6022 5.0000
  vertex 8.0500 6.5474 5.0000
  vertex 7.9210 6.4837 5.0000
 endloop
endfacet
facet normal 0.000000 0.000000 1.000000
 outer loop
  vertex 8.2765 4.6022 5.0000
  vertex 8.1696 6.6273 5.0000
  vertex 8.0500 6.5474 5.0000
 endloop
endfacet
facet normal 0.000000 -0.000000 1.000000
 outer loop
  vertex 8.2765 4.6022 5.0000
  vertex 8.2778 6.7222 5.0000
  vertex 8.1696 6.6273 5.0000
 endloop
endfacet
facet normal 0.000000 0.000000 1.000000
 outer loop
  vertex 6.6470 5.0148 5.0000
  vertex 7.0790 6.4837 5.0000
  vertex 6.9500 6.5474 5.0000
 endloop
endfacet
facet normal 0.000000 0.000000 1.000000
 outer loop
  vertex 8.2765 4.6022 5.0000
  vertex 8.3727 6.8304 5.0000
  vertex 8.2778 6.7222 5.0000
 endloop
endfacet
facet normal 0.000000 0.000000 1.000000
 outer loop
  vertex 8.6481 4.7284 5.0000
  vertex 8.4526 6.9500 5.0000
  vertex 8.3727 6.8304 5.0000
 endloop
endfacet
facet normal 0.000000 0.000000 1.000000
 outer loop
  vertex 8.6481 4.7284 5.0000
  vertex 8.5163 7.0790 5.0000
  vertex 8.4526 6.9500 5.0000
 endloop
endfacet
facet normal 0.000000 0.000000 1.000000
 outer loop
  vertex 8.6481 4.7284 5.0000
  vertex 8.5625 7.2153 5.0000
  vertex 8.5163 7.0790 5.0000
 endloop
endfacet
facet normal 0.000000 0.000000 1.000000
 outer loop
  vertex 8.6481 4.7284 5.0000
  vertex 8.5906 7.3564 5.0000
  vertex 8.5625 7.2153 5.0000
 endloop
endfacet
facet normal 0.000000 0.000000 1.000000
 outer loop
  vertex 8.6481 4.7284 5.0000
  vertex 8.6000 7.5000 5.0000
  vertex 8.5906 7.3564 5.0000
 endloop
endfacet
facet normal 0.000000 0.000000 1.000000
 outer loop
  vertex 8.6481 4.7284 5.0000
  vertex 9.0000 4.9019 5.0000
  vertex 9.0000 10.0981 5.0000
 endloop
endfacet
facet normal 0.000000 -0.000000 1.000000
 outer loop
  vertex 8.6481 4.7284 5.0000
  vertex 8.6481 10.2716 5.0000
  vertex 8.6000 7.5000 5.0000
 endloop
endfacet
facet normal -0.980785 0.195091 0.000000
 outer loop
  vertex 4.6022 8.2765 2.0000
  vertex 4.5257 7.8916 5.0000
  vertex 4.6022 8.2765 5.0000
 endloop
endfacet
facet normal -0.946930 0.321440 0.000000
 outer loop
  vertex 4.7284 8.6481 2.0000
  vertex 4.6022 8.2765 5.0000
  vertex 4.7284 8.6481 5.0000
 endloop
endfacet
facet normal -0.896873 0.442288 0.000000
 outer loop
  vertex 4.9019 9.0000 2.0000
  vertex 4.7284 8.6481 5.0000
  vertex 4.9019 9.0000 5.0000
 endloop
endfacet
facet normal -0.831470 0.555570 0.000000
 outer loop
  vertex 5.1199 9.3263 2.0000
  vertex 4.9019 9.0000 5.0000
  vertex 5.1199 9.3263 5.0000
 endloop
endfacet
facet normal -0.751840 0.659346 0.000000
 outer loop
  vertex 5.3787 9.6213 2.0000
  vertex 5.1199 9.3263 5.0000
  vertex 5.3787 9.6213 5.0000
 endloop
endfacet
facet normal -0.659346 0.751840 0.000000
 outer loop
  vertex 5.6737 9.8801 2.0000
  vertex 5.3787 9.6213 5.0000
  vertex 5.6737 9.8801 5.0000
 endloop
endfacet
facet normal -0.555569 0.831470 0.000000
 outer loop
  vertex 6.0000 10.0981 2.0000
  vertex 5.6737 9.8801 5.0000
  vertex 6.0000 10.0981 5.0000
 endloop
endfacet
facet normal -0.442290 0.896872 0.000000
 outer loop
  vertex 6.3519 10.2716 2.0000
  vertex 6.0000 10.0981 5.0000
  vertex 6.3519 10.2716 5.0000
 endloop
endfacet
facet normal -0.321439 0.946930 0.000000
 outer loop
  vertex 6.7235 10.3978 2.0000
  vertex 6.3519 10.2716 5.0000
  vertex 6.7235 10.3978 5.0000
 endloop
endfacet
facet normal -0.195090 0.980785 0.000000
 outer loop
  vertex 7.1084 10.4743 2.0000
  vertex 6.7235 10.3978 5.0000
  vertex 7.1084 10.4743 5.0000
 endloop
endfacet
facet normal -0.065403 0.997859 0.000000
 outer loop
  vertex 7.5000 10.5000 2.0000
  vertex 7.1084 10.4743 5.0000
  vertex 7.5000 10.5000 5.0000
 endloop
endfacet
facet normal 0.065403 0.997859 -0.000000
 outer loop
  vertex 7.8916 10.4743 2.0000
  vertex 7.5000 10.5000 5.0000
  vertex 7.8916 10.4743 5.0000
 endloop
endfacet
facet normal 0.195091 0.980785 -0.000000
 outer loop
  vertex 8.2765 10.3978 2.0000
  vertex 7.8916 10.4743 5.0000
  vertex 8.2765 10.3978 5.0000
 endloop
endfacet
facet normal 0.321439 0.946930 -0.000000
 outer loop
  vertex 8.6481 10.2716 2.0000
  vertex 8.2765 10.3978 5.0000
  vertex 8.6481 10.2716 5.0000
 endloop
endfacet
facet normal 0.442290 0.896872 -0.000000
 outer loop
  vertex 9.0000 10.0981 2.0000
  vertex 8.6481 10.2716 5.0000
  vertex 9.0000 10.0981 5.0000
 endloop
endfacet
facet normal 0.000000 0.000000 1.000000
 outer loop
  vertex 4.7284 6.3519 5.0000
  vertex 4.9019 9.0000 5.0000
  vertex 4.7284 8.6481 5.0000
 endloop
endfacet
facet normal 0.000000 0.000000 1.000000
 outer loop
  vertex 4.9019 6.0000 5.0000
  vertex 5.1199 9.3263 5.0000
  vertex 4.9019 9.0000 5.0000
 endloop
endfacet
facet normal 0.000000 0.000000 1.000000
 outer loop
  vertex 5.1199 5.6737 5.0000
  vertex 5.3787 9.6213 5.0000
  vertex 5.1199 9.3263 5.0000
 endloop
endfacet
facet normal 0.000000 0.000000 1.000000
 outer loop
  vertex 5.3787 5.3787 5.0000
  vertex 5.6737 9.8801 5.0000
  vertex 5.3787 9.6213 5.0000
 endloop
endfacet
facet normal 0.000000 0.000000 1.000000
 outer loop
  vertex 5.6737 5.1199 5.0000
  vertex 6.0000 10.0981 5.0000
  vertex 5.6737 9.8801 5.0000
 endloop
endfacet
facet normal 0.000000 0.000000 1.000000
 outer loop
  vertex 6.0000 5.1000 5.0000
  vertex 6.3519 10.2716 5.0000
  vertex 6.0000 10.0981 5.0000
 endloop
endfacet
facet normal 0.000000 -0.000000 1.000000
 outer loop
  vertex 6.4000 7.5000 5.0000
  vertex 6.4094 7.6436 5.0000
  vertex 6.3519 10.2716 5.0000
 endloop
endfacet
facet normal 0.000000 -0.000000 1.000000
 outer loop
  vertex 6.4094 7.6436 5.0000
  vertex 6.4375 7.7847 5.0000
  vertex 6.3519 10.2716 5.0000
 endloop
endfacet
facet normal 0.000000 -0.000000 1.000000
 outer loop
  vertex 6.4375 7.7847 5.0000
  vertex 6.4837 7.9210 5.0000
  vertex 6.3519 10.2716 5.0000
 endloop
endfacet
facet normal 0.000000 -0.000000 1.000000
 outer loop
  vertex 6.4837 7.9210 5.0000
  vertex 6.5474 8.0500 5.0000
  vertex 6.3519 10.2716 5.0000
 endloop
endfacet
facet normal 0.000000 -0.000000 1.000000
 outer loop
  vertex 6.5474 8.0500 5.0000
  vertex 6.6273 8.1696 5.0000
  vertex 6.3519 10.2716 5.0000
 endloop
endfacet
facet normal 0.000000 0.000000 1.000000
 outer loop
  vertex 6.6273 8.1696 5.0000
  vertex 6.7222 8.2778 5.0000
  vertex 6.7235 10.3978 5.0000
 endloop
endfacet
facet normal 0.000000 0.000000 1.000000
 outer loop
  vertex 6.7222 8.2778 5.0000
  vertex 6.8304 8.3727 5.0000
  vertex 6.7235 10.3978 5.0000
 endloop
endfacet
facet normal 0.000000 -0.000000 1.000000
 outer loop
  vertex 6.8304 8.3727 5.0000
  vertex 6.9500 8.4526 5.0000
  vertex 6.7235 10.3978 5.0000
 endloop
endfacet
facet normal 0.000000 -0.000000 1.000000
 outer loop
  vertex 6.6273 8.1696 5.0000
  vertex 6.7235 10.3978 5.0000
  vertex 6.3519 10.2716 5.0000
 endloop
endfacet
facet normal 0.000000 0.000000 1.000000
 outer loop
  vertex 6.7235 10.3978 5.0000
  vertex 6.9500 8.4526 5.0000
  vertex 7.0790 8.5163 5.0000
 endloop
endfacet
facet normal 0.000000 0.000000 1.000000
 outer loop
  vertex 7.0790 8.5163 5.0000
  vertex 7.2153 8.5625 5.0000
  vertex 7.1084 10.4743 5.0000
 endloop
endfacet
facet normal 0.000000 -0.000000 1.000000
 outer loop
  vertex 7.2153 8.5625 5.0000
  vertex 7.3564 8.5906 5.0000
  vertex 7.1084 10.4743 5.0000
 endloop
endfacet
facet normal 0.000000 -0.000000 1.000000
 outer loop
  vertex 7.3564 8.5906 5.0000
  vertex 7.5000 8.6000 5.0000
  vertex 7.1084 10.4743 5.0000
 endloop
endfacet
facet normal -0.000000 0.000000 1.000000
 outer loop
  vertex 6.7235 10.3978 5.0000
  vertex 7.0790 8.5163 5.0000
  vertex 7.1084 10.4743 5.0000
 endloop
endfacet
facet normal 0.000000 -0.000000 1.000000
 outer loop
  vertex 7.5000 8.6000 5.0000
  vertex 7.5000 10.5000 5.0000
  vertex 7.1084 10.4743 5.0000
 endloop
endfacet
facet normal -0.000000 0.000000 1.000000
 outer loop
  vertex 7.5000 8.6000 5.0000
  vertex 7.6436 8.5906 5.0000
  vertex 7.5000 10.5000 5.0000
 endloop
endfacet
facet normal -0.000000 0.000000 1.000000
 outer loop
  vertex 7.6436 8.5906 5.0000
  vertex 7.7847 8.5625 5.0000
  vertex 7.8916 10.4743 5.0000
 endloop
endfacet
facet normal -0.000000 0.000000 1.000000
 outer loop
  vertex 7.7847 8.5625 5.0000
  vertex 7.9210 8.5163 5.0000
  vertex 7.8916 10.4743 5.0000
 endloop
endfacet
facet normal 0.000000 -0.000000 1.000000
 outer loop
  vertex 7.6436 8.5906 5.0000
  vertex 7.8916 10.4743 5.0000
  vertex 7.5000 10.5000 5.0000
 endloop
endfacet
facet normal 0.000000 -0.000000 1.000000
 outer loop
  vertex 8.5163 7.9210 5.0000
  vertex 8.6481 10.2716 5.0000
  vertex 8.4526 8.0500 5.0000
 endloop
endfacet
facet normal -0.000000 0.000000 1.000000
 outer loop
  vertex 8.3727 8.1696 5.0000
  vertex 8.4526 8.0500 5.0000
  vertex 8.6481 10.2716 5.0000
 endloop
endfacet
facet normal 0.000000 -0.000000 1.000000
 outer loop
  vertex 8.3727 8.1696 5.0000
  vertex 8.6481 10.2716 5.0000
  vertex 8.2778 8.2778 5.0000
 endloop
endfacet
facet normal 0.000000 -0.000000 1.000000
 outer loop
  vertex 8.6000 7.5000 5.0000
  vertex 8.6481 10.2716 5.0000
  vertex 8.5906 7.6436 5.0000
 endloop
endfacet
facet normal 0.000000 0.000000 1.000000
 outer loop
  vertex 8.6481 4.7284 5.0000
  vertex 9.0000 10.0981 5.0000
  vertex 8.6481 10.2716 5.0000
 endloop
endfacet
facet normal 0.000000 0.000000 1.000000
 outer loop
  vertex 9.0000 4.9019 5.0000
  vertex 9.3263 9.8801 5.0000
  vertex 9.0000 10.0981 5.0000
 endloop
endfacet
facet normal 0.000000 -0.000000 1.000000
 outer loop
  vertex 8.5906 7.6436 5.0000
  vertex 8.6481 10.2716 5.0000
  vertex 8.5625 7.7847 5.0000
 endloop
endfacet
facet normal -0.000000 0.000000 1.000000
 outer loop
  vertex 8.5163 7.9210 5.0000
  vertex 8.5625 7.7847 5.0000
  vertex 8.6481 10.2716 5.0000
 endloop
endfacet
facet normal -0.000000 0.000000 1.000000
 outer loop
  vertex 7.9210 8.5163 5.0000
  vertex 8.0500 8.4526 5.0000
  vertex 8.2765 10.3978 5.0000
 endloop
endfacet
facet normal -0.000000 0.000000 1.000000
 outer loop
  vertex 8.0500 8.4526 5.0000
  vertex 8.1696 8.3727 5.0000
  vertex 8.2765 10.3978 5.0000
 endloop
endfacet
facet normal -0.000000 0.000000 1.000000
 outer loop
  vertex 8.1696 8.3727 5.0000
  vertex 8.2778 8.2778 5.0000
  vertex 8.2765 10.3978 5.0000
 endloop
endfacet
facet normal 0.000000 -0.000000 1.000000
 outer loop
  vertex 7.9210 8.5163 5.0000
  vertex 8.2765 10.3978 5.0000
  vertex 7.8916 10.4743 5.0000
 endloop
endfacet
facet normal 0.000000 -0.000000 1.000000
 outer loop
  vertex 8.2778 8.2778 5.0000
  vertex 8.6481 10.2716 5.0000
  vertex 8.2765 10.3978 5.0000
 endloop
endfacet
facet normal 0.659346 -0.751840 0.000000
 outer loop
  vertex 9.3263 5.1199 2.0000
  vertex 9.6213 5.3787 5.0000
  vertex 9.3263 5.1199 5.0000
 endloop
endfacet
facet normal 0.751840 -0.659346 0.000000
 outer loop
  vertex 9.6213 5.3787 2.0000
  vertex 9.8801 5.6737 5.0000
  vertex 9.6213 5.3787 5.0000
 endloop
endfacet
facet normal 0.831470 -0.555569 0.000000
 outer loop
  vertex 9.8801 5.6737 2.0000
  vertex 10.0981 6.0000 5.0000
  vertex 9.8801 5.6737 5.0000
 endloop
endfacet
facet normal 0.896872 -0.442290 0.000000
 outer loop
  vertex 10.0981 6.0000 2.0000
  vertex 10.2716 6.3519 5.0000
  vertex 10.0981 6.0000 5.0000
 endloop
endfacet
facet normal 0.946930 -0.321439 0.000000
 outer loop
  vertex 10.2716 6.3519 2.0000
  vertex 10.3978 6.7235 5.0000
  vertex 10.2716 6.3519 5.0000
 endloop
endfacet
facet normal 0.980785 -0.195090 0.000000
 outer loop
  vertex 10.3978 6.7235 2.0000
  vertex 10.4743 7.1084 5.0000
  vertex 10.3978 6.7235 5.0000
 endloop
endfacet
facet normal 0.997859 -0.065403 0.000000
 outer loop
  vertex 10.4743 7.1084 2.0000
  vertex 10.5000 7.5000 5.0000
  vertex 10.4743 7.1084 5.0000
 endloop
endfacet
facet normal 0.997859 0.065403 -0.000000
 outer loop
  vertex 10.5000 7.5000 2.0000
  vertex 10.4743 7.8916 5.0000
  vertex 10.5000 7.5000 5.0000
 endloop
endfacet
facet normal 0.000000 0.000000 1.000000
 outer loop
  vertex 9.0000 4.9019 5.0000
  vertex 9.3263 5.1199 5.0000
  vertex 9.3263 9.8801 5.0000
 endloop
endfacet
facet normal 0.000000 0.000000 1.000000
 outer loop
  vertex 9.3263 5.1199 5.0000
  vertex 9.6213 5.3787 5.0000
  vertex 9.6213 9.6213 5.0000
 endloop
endfacet
facet normal 0.000000 0.000000 1.000000
 outer loop
  vertex 9.6213 5.3787 5.0000
  vertex 9.8801 5.6737 5.0000
  vertex 9.8801 9.3263 5.0000
 endloop
endfacet
facet normal 0.000000 0.000000 1.000000
 outer loop
  vertex 9.8801 5.6737 5.0000
  vertex 10.0981 6.0000 5.0000
  vertex 10.0981 9.0000 5.0000
 endloop
endfacet
facet normal 0.000000 0.000000 1.000000
 outer loop
  vertex 10.0981 6.0000 5.0000
  vertex 10.2716 6.3519 5.0000
  vertex 10.2716 8.6481 5.0000
 endloop
endfacet
facet normal 0.000000 0.000000 1.000000
 outer loop
  vertex 10.0981 6.0000 5.0000
  vertex 10.2716 8.6481 5.0000
  vertex 10.0981 9.0000 5.0000
 endloop
endfacet
facet normal 0.000000 0.000000 1.000000
 outer loop
  vertex 10.2716 6.3519 5.0000
  vertex 10.3978 6.7235 5.0000
  vertex 10.3978 8.2765 5.0000
 endloop
endfacet
facet normal 0.000000 0.000000 1.000000
 outer loop
  vertex 10.3978 6.7235 5.0000
  vertex 10.4743 7.1084 5.0000
  vertex 10.4743 7.8916 5.0000
 endloop
endfacet
facet normal 0.000000 0.000000 1.000000
 outer loop
  vertex 10.4743 7.1084 5.0000
  vertex 10.5000 7.5000 5.0000
  vertex 10.4743 7.8916 5.0000
 endloop
endfacet
facet normal 0.000000 0.000000 1.000000
 outer loop
  vertex 10.3978 6.7235 5.0000
  vertex 10.4743 7.8916 5.0000
  vertex 10.3978 8.2765 5.0000
 endloop
endfacet
facet normal 0.000000 0.000000 1.000000
 outer loop
  vertex 10.2716 6.3519 5.0000
  vertex 10.3978 8.2765 5.0000
  vertex 10.2716 8.6481 5.0000
 endloop
endfacet
facet normal 0.896872 0.442290 -0.000000
 outer loop
  vertex 10.2716 8.6481 2.0000
  vertex 10.0981 9.0000 5.0000
  vertex 10.2716 8.6481 5.0000
 endloop
endfacet
facet normal 0.555569 0.831470 -0.000000
 outer loop
  vertex 9.3263 9.8801 2.0000
  vertex 9.0000 10.0981 5.0000
  vertex 9.3263 9.8801 5.0000
 endloop
endfacet
facet normal 0.659345 0.751840 -0.000000
 outer loop
  vertex 9.6213 9.6213 2.0000
  vertex 9.3263 9.8801 5.0000
  vertex 9.6213 9.6213 5.0000
 endloop
endfacet
facet normal 0.751840 0.659345 -0.000000
 outer loop
  vertex 9.8801 9.3263 2.0000
  vertex 9.6213 9.6213 5.0000
  vertex 9.8801 9.3263 5.0000
 endloop
endfacet
facet normal 0.831470 0.555569 -0.000000
 outer loop
  vertex 10.0981 9.0000 2.0000
  vertex 9.8801 9.3263 5.0000
  vertex 10.0981 9.0000 5.0000
 endloop
endfacet
facet normal 0.980785 0.195091 -0.000000
 outer loop
  vertex 10.4743 7.8916 2.0000
  vertex 10.3978 8.2765 5.0000
  vertex 10.4743 7.8916 5.0000
 endloop
endfacet
facet normal 0.946930 0.321439 -0.000000
 outer loop
  vertex 10.3978 8.2765 2.0000
  vertex 10.2716 8.6481 5.0000
  vertex 10.3978 8.2765 5.0000
 endloop
endfacet
facet normal 0.000000 0.000000 1.000000
 outer loop
  vertex 9.3263 5.1199 5.0000
  vertex 9.6213 9.6213 5.0000
  vertex 9.3263 9.8801 5.0000
 endloop
endfacet
facet normal 0.000000 0.000000 1.000000
 outer loop
  vertex 9.6213 5.3787 5.0000
  vertex 9.8801 9.3263 5.0000
  vertex 9.6213 9.6213 5.0000
 endloop
endfacet
facet normal 0.000000 0.000000 1.000000
 outer loop
  vertex 9.8801 5.6737 5.0000
  vertex 10.0981 9.0000 5.0000
  vertex 9.8801 9.3263 5.0000
 endloop
endfacet
facet normal 0.555567 0.831472 -0.000000
 outer loop
  vertex 6.8304 6.6273 0.0000
  vertex 6.8304 6.6273 5.0000
  vertex 6.8643 6.6046 0.0000
 endloop
endfacet
facet normal 0.659348 0.751838 -0.000000
 outer loop
  vertex 6.7222 6.7222 0.0000
  vertex 6.7222 6.7222 5.0000
  vertex 6.8304 6.6273 0.0000
 endloop
endfacet
facet normal 0.751838 0.659348 0.000000
 outer loop
  vertex 6.7222 6.7222 0.0000
  vertex 6.6273 6.8304 0.0000
  vertex 6.6273 6.8304 5.0000
 endloop
endfacet
facet normal 0.831469 0.555571 -0.000000
 outer loop
  vertex 6.5474 6.9500 0.0000
  vertex 6.5474 6.9500 5.0000
  vertex 6.6273 6.8304 0.0000
 endloop
endfacet
facet normal 0.896874 0.442286 0.000000
 outer loop
  vertex 6.5474 6.9500 0.0000
  vertex 6.4837 7.0790 0.0000
  vertex 6.4837 7.0790 5.0000
 endloop
endfacet
facet normal 0.946929 0.321441 0.000000
 outer loop
  vertex 6.4837 7.0790 0.0000
  vertex 6.4375 7.2153 0.0000
  vertex 6.4375 7.2153 5.0000
 endloop
endfacet
facet normal 0.997859 0.065401 0.000000
 outer loop
  vertex 6.4094 7.3564 0.0000
  vertex 6.4000 7.5000 0.0000
  vertex 6.4000 7.5000 5.0000
 endloop
endfacet
facet normal 0.980785 0.195091 0.000000
 outer loop
  vertex 6.4375 7.2153 0.0000
  vertex 6.4094 7.3564 0.0000
  vertex 6.4094 7.3564 5.0000
 endloop
endfacet
facet normal 0.997859 -0.065401 0.000000
 outer loop
  vertex 6.4000 7.5000 0.0000
  vertex 6.4094 7.6436 0.0000
  vertex 6.4094 7.6436 5.0000
 endloop
endfacet
facet normal 0.980785 -0.195091 0.000000
 outer loop
  vertex 6.4094 7.6436 0.0000
  vertex 6.4375 7.7847 0.0000
  vertex 6.4375 7.7847 5.0000
 endloop
endfacet
facet normal 0.946929 -0.321441 0.000000
 outer loop
  vertex 6.4375 7.7847 0.0000
  vertex 6.4837 7.9210 0.0000
  vertex 6.4837 7.9210 5.0000
 endloop
endfacet
facet normal 0.321441 0.946929 -0.000000
 outer loop
  vertex 7.0790 6.4837 0.0000
  vertex 7.0790 6.4837 5.0000
  vertex 7.2153 6.4375 0.0000
 endloop
endfacet
facet normal 0.195091 0.980785 -0.000000
 outer loop
  vertex 7.2153 6.4375 0.0000
  vertex 7.2153 6.4375 5.0000
  vertex 7.3564 6.4094 0.0000
 endloop
endfacet
facet normal 0.065401 0.997859 -0.000000
 outer loop
  vertex 7.3564 6.4094 0.0000
  vertex 7.3564 6.4094 5.0000
  vertex 7.5000 6.4000 0.0000
 endloop
endfacet
facet normal 0.555573 0.831468 0.000000
 outer loop
  vertex 6.8643 6.6046 0.0000
  vertex 6.8304 6.6273 5.0000
  vertex 6.9500 6.5474 0.0000
 endloop
endfacet
facet normal 0.442286 0.896874 0.000000
 outer loop
  vertex 7.0790 6.4837 0.0000
  vertex 6.9500 6.5474 0.0000
  vertex 6.9500 6.5474 5.0000
 endloop
endfacet
facet normal -0.065401 0.997859 0.000000
 outer loop
  vertex 7.5000 6.4000 0.0000
  vertex 7.5000 6.4000 5.0000
  vertex 7.6436 6.4094 0.0000
 endloop
endfacet
facet normal -0.195091 0.980785 0.000000
 outer loop
  vertex 7.6436 6.4094 0.0000
  vertex 7.6436 6.4094 5.0000
  vertex 7.7847 6.4375 0.0000
 endloop
endfacet
facet normal -0.321441 0.946929 0.000000
 outer loop
  vertex 7.7847 6.4375 0.0000
  vertex 7.7847 6.4375 5.0000
  vertex 7.9210 6.4837 0.0000
 endloop
endfacet
facet normal -0.442286 0.896874 0.000000
 outer loop
  vertex 7.9210 6.4837 0.0000
  vertex 7.9210 6.4837 5.0000
  vertex 8.0500 6.5474 0.0000
 endloop
endfacet
facet normal -0.555571 0.831469 0.000000
 outer loop
  vertex 8.0500 6.5474 0.0000
  vertex 8.0500 6.5474 5.0000
  vertex 8.1696 6.6273 0.0000
 endloop
endfacet
facet normal -0.659346 0.751839 0.000000
 outer loop
  vertex 8.1696 6.6273 0.0000
  vertex 8.1696 6.6273 5.0000
  vertex 8.2778 6.7222 0.0000
 endloop
endfacet
facet normal -0.751841 0.659344 0.000000
 outer loop
  vertex 8.2778 6.7222 0.0000
  vertex 8.2778 6.7222 5.0000
  vertex 8.3727 6.8304 0.0000
 endloop
endfacet
facet normal -0.831468 0.555573 0.000000
 outer loop
  vertex 8.3727 6.8304 0.0000
  vertex 8.3727 6.8304 5.0000
  vertex 8.4526 6.9500 0.0000
 endloop
endfacet
facet normal -0.896873 0.442289 0.000000
 outer loop
  vertex 8.4526 6.9500 0.0000
  vertex 8.4526 6.9500 5.0000
  vertex 8.5163 7.0790 0.0000
 endloop
endfacet
facet normal -0.946931 0.321436 0.000000
 outer loop
  vertex 8.5163 7.0790 0.0000
  vertex 8.5163 7.0790 5.0000
  vertex 8.5625 7.2153 0.0000
 endloop
endfacet
facet normal -0.946931 -0.321436 0.000000
 outer loop
  vertex 8.5163 7.9210 0.0000
  vertex 8.5625 7.7847 0.0000
  vertex 8.5625 7.7847 5.0000
 endloop
endfacet
facet normal -0.896873 -0.442289 0.000000
 outer loop
  vertex 8.5163 7.9210 0.0000
  vertex 8.5163 7.9210 5.0000
  vertex 8.4526 8.0500 0.0000
 endloop
endfacet
facet normal -0.980785 0.195094 0.000000
 outer loop
  vertex 8.5625 7.2153 0.0000
  vertex 8.5625 7.2153 5.0000
  vertex 8.5906 7.3564 0.0000
 endloop
endfacet
facet normal -0.997859 0.065404 0.000000
 outer loop
  vertex 8.5906 7.3564 0.0000
  vertex 8.5906 7.3564 5.0000
  vertex 8.6000 7.5000 0.0000
 endloop
endfacet
facet normal -0.997859 -0.065404 0.000000
 outer loop
  vertex 8.6000 7.5000 0.0000
  vertex 8.6000 7.5000 5.0000
  vertex 8.5906 7.6436 0.0000
 endloop
endfacet
facet normal -0.980785 -0.195094 0.000000
 outer loop
  vertex 8.5906 7.6436 0.0000
  vertex 8.5906 7.6436 5.0000
  vertex 8.5625 7.7847 0.0000
 endloop
endfacet
facet normal 0.896874 -0.442286 0.000000
 outer loop
  vertex 6.4837 7.9210 0.0000
  vertex 6.5474 8.0500 0.0000
  vertex 6.5474 8.0500 5.0000
 endloop
endfacet
facet normal 0.831469 -0.555571 0.000000
 outer loop
  vertex 6.5474 8.0500 0.0000
  vertex 6.6273 8.1696 0.0000
  vertex 6.6273 8.1696 5.0000
 endloop
endfacet
facet normal 0.751839 -0.659346 0.000000
 outer loop
  vertex 6.6273 8.1696 0.0000
  vertex 6.7222 8.2778 0.0000
  vertex 6.7222 8.2778 5.0000
 endloop
endfacet
facet normal 0.659344 -0.751841 0.000000
 outer loop
  vertex 6.7222 8.2778 0.0000
  vertex 6.8304 8.3727 0.0000
  vertex 6.8304 8.3727 5.0000
 endloop
endfacet
facet normal 0.555573 -0.831468 0.000000
 outer loop
  vertex 6.8304 8.3727 0.0000
  vertex 6.9500 8.4526 0.0000
  vertex 6.9500 8.4526 5.0000
 endloop
endfacet
facet normal 0.442289 -0.896873 0.000000
 outer loop
  vertex 6.9500 8.4526 0.0000
  vertex 7.0790 8.5163 0.0000
  vertex 7.0790 8.5163 5.0000
 endloop
endfacet
facet normal 0.321436 -0.946931 0.000000
 outer loop
  vertex 7.0790 8.5163 0.0000
  vertex 7.2153 8.5625 0.0000
  vertex 7.2153 8.5625 5.0000
 endloop
endfacet
facet normal 0.195094 -0.980785 0.000000
 outer loop
  vertex 7.2153 8.5625 0.0000
  vertex 7.3564 8.5906 0.0000
  vertex 7.3564 8.5906 5.0000
 endloop
endfacet
facet normal 0.065404 -0.997859 0.000000
 outer loop
  vertex 7.3564 8.5906 0.0000
  vertex 7.5000 8.6000 0.0000
  vertex 7.5000 8.6000 5.0000
 endloop
endfacet
facet normal -0.065404 -0.997859 0.000000
 outer loop
  vertex 7.5000 8.6000 0.0000
  vertex 7.6436 8.5906 0.0000
  vertex 7.6436 8.5906 5.0000
 endloop
endfacet
facet normal -0.195094 -0.980785 0.000000
 outer loop
  vertex 7.6436 8.5906 0.0000
  vertex 7.7847 8.5625 0.0000
  vertex 7.7847 8.5625 5.0000
 endloop
endfacet
facet normal -0.321292 -0.946980 0.000000
 outer loop
  vertex 7.7879 8.5614 0.0000
  vertex 7.7847 8.5625 5.0000
  vertex 7.7847 8.5625 0.0000
 endloop
endfacet
facet normal -0.321439 -0.946930 0.000000
 outer loop
  vertex 7.7879 8.5614 0.0000
  vertex 7.9210 8.5163 0.0000
  vertex 7.9210 8.5163 5.0000
 endloop
endfacet
facet normal -0.442289 -0.896873 0.000000
 outer loop
  vertex 7.9210 8.5163 0.0000
  vertex 8.0500 8.4526 0.0000
  vertex 8.0500 8.4526 5.0000
 endloop
endfacet
facet normal -0.659343 -0.751842 0.000000
 outer loop
  vertex 8.1696 8.3727 0.0000
  vertex 8.2778 8.2778 0.0000
  vertex 8.2778 8.2778 5.0000
 endloop
endfacet
facet normal -0.555573 -0.831468 0.000000
 outer loop
  vertex 8.0500 8.4526 0.0000
  vertex 8.1696 8.3727 0.0000
  vertex 8.1696 8.3727 5.0000
 endloop
endfacet
facet normal -0.751842 -0.659343 0.000000
 outer loop
  vertex 8.3727 8.1696 0.0000
  vertex 8.3727 8.1696 5.0000
  vertex 8.2778 8.2778 0.0000
 endloop
endfacet
facet normal -0.831468 -0.555573 0.000000
 outer loop
  vertex 8.3727 8.1696 0.0000
  vertex 8.4526 8.0500 0.0000
  vertex 8.4526 8.0500 5.0000
 endloop
endfacet
facet normal 0.896874 0.442286 -0.000000
 outer loop
  vertex 6.5474 6.9500 0.0000
  vertex 6.4837 7.0790 5.0000
  vertex 6.5474 6.9500 5.0000
 endloop
endfacet
facet normal 0.659348 0.751838 -0.000000
 outer loop
  vertex 6.8304 6.6273 0.0000
  vertex 6.7222 6.7222 5.0000
  vertex 6.8304 6.6273 5.0000
 endloop
endfacet
facet normal 0.831469 0.555571 -0.000000
 outer loop
  vertex 6.6273 6.8304 0.0000
  vertex 6.5474 6.9500 5.0000
  vertex 6.6273 6.8304 5.0000
 endloop
endfacet
facet normal 0.751838 0.659348 -0.000000
 outer loop
  vertex 6.7222 6.7222 0.0000
  vertex 6.6273 6.8304 5.0000
  vertex 6.7222 6.7222 5.0000
 endloop
endfacet
facet normal 0.946929 0.321441 -0.000000
 outer loop
  vertex 6.4837 7.0790 0.0000
  vertex 6.4375 7.2153 5.0000
  vertex 6.4837 7.0790 5.0000
 endloop
endfacet
facet normal 0.997859 0.065401 -0.000000
 outer loop
  vertex 6.4094 7.3564 0.0000
  vertex 6.4000 7.5000 5.0000
  vertex 6.4094 7.3564 5.0000
 endloop
endfacet
facet normal 0.980785 0.195091 -0.000000
 outer loop
  vertex 6.4375 7.2153 0.0000
  vertex 6.4094 7.3564 5.0000
  vertex 6.4375 7.2153 5.0000
 endloop
endfacet
facet normal 0.997859 -0.065401 0.000000
 outer loop
  vertex 6.4000 7.5000 0.0000
  vertex 6.4094 7.6436 5.0000
  vertex 6.4000 7.5000 5.0000
 endloop
endfacet
facet normal 0.980785 -0.195091 0.000000
 outer loop
  vertex 6.4094 7.6436 0.0000
  vertex 6.4375 7.7847 5.0000
  vertex 6.4094 7.6436 5.0000
 endloop
endfacet
facet normal 0.946929 -0.321441 0.000000
 outer loop
  vertex 6.4375 7.7847 0.0000
  vertex 6.4837 7.9210 5.0000
  vertex 6.4375 7.7847 5.0000
 endloop
endfacet
facet normal 0.896874 -0.442286 0.000000
 outer loop
  vertex 6.4837 7.9210 0.0000
  vertex 6.5474 8.0500 5.0000
  vertex 6.4837 7.9210 5.0000
 endloop
endfacet
facet normal 0.321441 0.946929 -0.000000
 outer loop
  vertex 7.2153 6.4375 0.0000
  vertex 7.0790 6.4837 5.0000
  vertex 7.2153 6.4375 5.0000
 endloop
endfacet
facet normal 0.195091 0.980785 -0.000000
 outer loop
  vertex 7.3564 6.4094 0.0000
  vertex 7.2153 6.4375 5.0000
  vertex 7.3564 6.4094 5.0000
 endloop
endfacet
facet normal 0.555571 0.831469 -0.000000
 outer loop
  vertex 6.9500 6.5474 0.0000
  vertex 6.8304 6.6273 5.0000
  vertex 6.9500 6.5474 5.0000
 endloop
endfacet
facet normal 0.442286 0.896874 -0.000000
 outer loop
  vertex 7.0790 6.4837 0.0000
  vertex 6.9500 6.5474 5.0000
  vertex 7.0790 6.4837 5.0000
 endloop
endfacet
facet normal 0.065401 0.997859 -0.000000
 outer loop
  vertex 7.5000 6.4000 0.0000
  vertex 7.3564 6.4094 5.0000
  vertex 7.5000 6.4000 5.0000
 endloop
endfacet
facet normal -0.065401 0.997859 0.000000
 outer loop
  vertex 7.6436 6.4094 0.0000
  vertex 7.5000 6.4000 5.0000
  vertex 7.6436 6.4094 5.0000
 endloop
endfacet
facet normal -0.195091 0.980785 0.000000
 outer loop
  vertex 7.7847 6.4375 0.0000
  vertex 7.6436 6.4094 5.0000
  vertex 7.7847 6.4375 5.0000
 endloop
endfacet
facet normal -0.321441 0.946929 0.000000
 outer loop
  vertex 7.9210 6.4837 0.0000
  vertex 7.7847 6.4375 5.0000
  vertex 7.9210 6.4837 5.0000
 endloop
endfacet
facet normal -0.442286 0.896874 0.000000
 outer loop
  vertex 8.0500 6.5474 0.0000
  vertex 7.9210 6.4837 5.0000
  vertex 8.0500 6.5474 5.0000
 endloop
endfacet
facet normal -0.555571 0.831469 0.000000
 outer loop
  vertex 8.1696 6.6273 0.0000
  vertex 8.0500 6.5474 5.0000
  vertex 8.1696 6.6273 5.0000
 endloop
endfacet
facet normal -0.659346 0.751839 0.000000
 outer loop
  vertex 8.2778 6.7222 0.0000
  vertex 8.1696 6.6273 5.0000
  vertex 8.2778 6.7222 5.0000
 endloop
endfacet
facet normal -0.751841 0.659344 0.000000
 outer loop
  vertex 8.3727 6.8304 0.0000
  vertex 8.2778 6.7222 5.0000
  vertex 8.3727 6.8304 5.0000
 endloop
endfacet
facet normal -0.831468 0.555573 0.000000
 outer loop
  vertex 8.4526 6.9500 0.0000
  vertex 8.3727 6.8304 5.0000
  vertex 8.4526 6.9500 5.0000
 endloop
endfacet
facet normal -0.896873 0.442289 0.000000
 outer loop
  vertex 8.5163 7.0790 0.0000
  vertex 8.4526 6.9500 5.0000
  vertex 8.5163 7.0790 5.0000
 endloop
endfacet
facet normal -0.946931 0.321436 0.000000
 outer loop
  vertex 8.5625 7.2153 0.0000
  vertex 8.5163 7.0790 5.0000
  vertex 8.5625 7.2153 5.0000
 endloop
endfacet
facet normal -0.946931 -0.321436 0.000000
 outer loop
  vertex 8.5163 7.9210 0.0000
  vertex 8.5625 7.7847 5.0000
  vertex 8.5163 7.9210 5.0000
 endloop
endfacet
facet normal -0.980785 0.195094 0.000000
 outer loop
  vertex 8.5906 7.3564 0.0000
  vertex 8.5625 7.2153 5.0000
  vertex 8.5906 7.3564 5.0000
 endloop
endfacet
facet normal -0.997859 0.065404 0.000000
 outer loop
  vertex 8.6000 7.5000 0.0000
  vertex 8.5906 7.3564 5.0000
  vertex 8.6000 7.5000 5.0000
 endloop
endfacet
facet normal -0.997859 -0.065404 0.000000
 outer loop
  vertex 8.5906 7.6436 0.0000
  vertex 8.6000 7.5000 5.0000
  vertex 8.5906 7.6436 5.0000
 endloop
endfacet
facet normal -0.980785 -0.195094 0.000000
 outer loop
  vertex 8.5625 7.7847 0.0000
  vertex 8.5906 7.6436 5.0000
  vertex 8.5625 7.7847 5.0000
 endloop
endfacet
facet normal 0.831469 -0.555571 0.000000
 outer loop
  vertex 6.5474 8.0500 0.0000
  vertex 6.6273 8.1696 5.0000
  vertex 6.5474 8.0500 5.0000
 endloop
endfacet
facet normal 0.751839 -0.659346 0.000000
 outer loop
  vertex 6.6273 8.1696 0.0000
  vertex 6.7222 8.2778 5.0000
  vertex 6.6273 8.1696 5.0000
 endloop
endfacet
facet normal 0.659344 -0.751841 0.000000
 outer loop
  vertex 6.7222 8.2778 0.0000
  vertex 6.8304 8.3727 5.0000
  vertex 6.7222 8.2778 5.0000
 endloop
endfacet
facet normal 0.555573 -0.831468 0.000000
 outer loop
  vertex 6.8304 8.3727 0.0000
  vertex 6.9500 8.4526 5.0000
  vertex 6.8304 8.3727 5.0000
 endloop
endfacet
facet normal 0.442289 -0.896873 0.000000
 outer loop
  vertex 6.9500 8.4526 0.0000
  vertex 7.0790 8.5163 5.0000
  vertex 6.9500 8.4526 5.0000
 endloop
endfacet
facet normal 0.321436 -0.946931 0.000000
 outer loop
  vertex 7.0790 8.5163 0.0000
  vertex 7.2153 8.5625 5.0000
  vertex 7.0790 8.5163 5.0000
 endloop
endfacet
facet normal 0.195094 -0.980785 0.000000
 outer loop
  vertex 7.2153 8.5625 0.0000
  vertex 7.3564 8.5906 5.0000
  vertex 7.2153 8.5625 5.0000
 endloop
endfacet
facet normal 0.065404 -0.997859 0.000000
 outer loop
  vertex 7.3564 8.5906 0.0000
  vertex 7.5000 8.6000 5.0000
  vertex 7.3564 8.5906 5.0000
 endloop
endfacet
facet normal -0.442289 -0.896873 0.000000
 outer loop
  vertex 7.9210 8.5163 0.0000
  vertex 8.0500 8.4526 5.0000
  vertex 7.9210 8.5163 5.0000
 endloop
endfacet
facet normal -0.065404 -0.997859 0.000000
 outer loop
  vertex 7.5000 8.6000 0.0000
  vertex 7.6436 8.5906 5.0000
  vertex 7.5000 8.6000 5.0000
 endloop
endfacet
facet normal -0.195094 -0.980785 0.000000
 outer loop
  vertex 7.6436 8.5906 0.0000
  vertex 7.7847 8.5625 5.0000
  vertex 7.6436 8.5906 5.0000
 endloop
endfacet
facet normal -0.321436 -0.946931 -0.000000
 outer loop
  vertex 7.7879 8.5614 0.0000
  vertex 7.9210 8.5163 5.0000
  vertex 7.7847 8.5625 5.0000
 endloop
endfacet
facet normal -0.555573 -0.831468 0.000000
 outer loop
  vertex 8.0500 8.4526 0.0000
  vertex 8.1696 8.3727 5.0000
  vertex 8.0500 8.4526 5.0000
 endloop
endfacet
facet normal -0.659343 -0.751842 0.000000
 outer loop
  vertex 8.1696 8.3727 0.0000
  vertex 8.2778 8.2778 5.0000
  vertex 8.1696 8.3727 5.0000
 endloop
endfacet
facet normal -0.751842 -0.659343 0.000000
 outer loop
  vertex 8.2778 8.2778 0.0000
  vertex 8.3727 8.1696 5.0000
  vertex 8.2778 8.2778 5.0000
 endloop
endfacet
facet normal -0.831468 -0.555573 0.000000
 outer loop
  vertex 8.3727 8.1696 0.0000
  vertex 8.4526 8.0500 5.0000
  vertex 8.3727 8.1696 5.0000
 endloop
endfacet
facet normal -0.896873 -0.442289 0.000000
 outer loop
  vertex 8.4526 8.0500 0.0000
  vertex 8.5163 7.9210 5.0000
  vertex 8.4526 8.0500 5.0000
 endloop
endfacet
facet normal -0.980785 -0.195090 0.000000
 outer loop
  vertex 4.6022 55.7235 2.0000
  vertex 4.5257 56.1084 5.0000
  vertex 4.5257 56.1084 2.0000
 endloop
endfacet
facet normal -0.442286 -0.896874 0.000000
 outer loop
  vertex 6.0000 53.9019 2.0000
  vertex 6.3519 53.7284 2.0000
  vertex 6.0000 53.9019 5.0000
 endloop
endfacet
facet normal -0.321443 -0.946929 0.000000
 outer loop
  vertex 6.3519 53.7284 2.0000
  vertex 6.7235 53.6022 2.0000
  vertex 6.3519 53.7284 5.0000
 endloop
endfacet
facet normal -0.831468 -0.555572 0.000000
 outer loop
  vertex 5.1199 54.6737 2.0000
  vertex 4.9019 55.0000 5.0000
  vertex 4.9019 55.0000 2.0000
 endloop
endfacet
facet normal -0.659346 -0.751840 0.000000
 outer loop
  vertex 5.3787 54.3787 2.0000
  vertex 5.6737 54.1199 2.0000
  vertex 5.3787 54.3787 5.0000
 endloop
endfacet
facet normal -0.751840 -0.659346 0.000000
 outer loop
  vertex 5.1199 54.6737 2.0000
  vertex 5.3787 54.3787 2.0000
  vertex 5.1199 54.6737 5.0000
 endloop
endfacet
facet normal -0.896874 -0.442286 0.000000
 outer loop
  vertex 4.7284 55.3520 2.0000
  vertex 4.9019 55.0000 2.0000
  vertex 4.7284 55.3520 5.0000
 endloop
endfacet
facet normal -0.946929 -0.321443 0.000000
 outer loop
  vertex 4.7284 55.3520 2.0000
  vertex 4.6022 55.7235 5.0000
  vertex 4.6022 55.7235 2.0000
 endloop
endfacet
facet normal -0.555573 -0.831468 0.000000
 outer loop
  vertex 6.0000 53.9019 2.0000
  vertex 5.6737 54.1199 5.0000
  vertex 5.6737 54.1199 2.0000
 endloop
endfacet
facet normal -0.195090 -0.980785 0.000000
 outer loop
  vertex 6.7235 53.6022 2.0000
  vertex 7.1084 53.5257 2.0000
  vertex 6.7235 53.6022 5.0000
 endloop
endfacet
facet normal -0.065403 -0.997859 0.000000
 outer loop
  vertex 7.1084 53.5257 2.0000
  vertex 7.5000 53.5000 2.0000
  vertex 7.1084 53.5257 5.0000
 endloop
endfacet
facet normal 0.065403 -0.997859 0.000000
 outer loop
  vertex 7.5000 53.5000 2.0000
  vertex 7.8916 53.5257 2.0000
  vertex 7.5000 53.5000 5.0000
 endloop
endfacet
facet normal 0.195091 -0.980785 0.000000
 outer loop
  vertex 7.8916 53.5257 2.0000
  vertex 8.2765 53.6022 2.0000
  vertex 7.8916 53.5257 5.0000
 endloop
endfacet
facet normal 0.321443 -0.946929 0.000000
 outer loop
  vertex 8.2765 53.6022 2.0000
  vertex 8.6481 53.7284 2.0000
  vertex 8.2765 53.6022 5.0000
 endloop
endfacet
facet normal 0.442286 -0.896874 0.000000
 outer loop
  vertex 8.6481 53.7284 2.0000
  vertex 9.0000 53.9019 2.0000
  vertex 8.6481 53.7284 5.0000
 endloop
endfacet
facet normal 0.555573 -0.831468 0.000000
 outer loop
  vertex 9.0000 53.9019 2.0000
  vertex 9.3263 54.1199 2.0000
  vertex 9.0000 53.9019 5.0000
 endloop
endfacet
facet normal -0.997859 -0.065403 0.000000
 outer loop
  vertex 4.5257 56.1084 2.0000
  vertex 4.5000 56.5000 5.0000
  vertex 4.5000 56.5000 2.0000
 endloop
endfacet
facet normal -0.997859 0.065403 0.000000
 outer loop
  vertex 4.5000 56.5000 2.0000
  vertex 4.5257 56.8916 5.0000
  vertex 4.5257 56.8916 2.0000
 endloop
endfacet
facet normal -0.980785 0.195090 0.000000
 outer loop
  vertex 4.5257 56.8916 2.0000
  vertex 4.6022 57.2765 5.0000
  vertex 4.6022 57.2765 2.0000
 endloop
endfacet
facet normal -0.946929 0.321443 0.000000
 outer loop
  vertex 4.6022 57.2765 2.0000
  vertex 4.7284 57.6480 5.0000
  vertex 4.7284 57.6480 2.0000
 endloop
endfacet
facet normal -0.896874 0.442286 0.000000
 outer loop
  vertex 4.7284 57.6480 2.0000
  vertex 4.9019 58.0000 5.0000
  vertex 4.9019 58.0000 2.0000
 endloop
endfacet
facet normal -0.831468 0.555572 0.000000
 outer loop
  vertex 4.9019 58.0000 2.0000
  vertex 5.1199 58.3263 5.0000
  vertex 5.1199 58.3263 2.0000
 endloop
endfacet
facet normal -0.751840 0.659346 0.000000
 outer loop
  vertex 5.1199 58.3263 2.0000
  vertex 5.3787 58.6213 5.0000
  vertex 5.3787 58.6213 2.0000
 endloop
endfacet
facet normal -0.659346 0.751840 0.000000
 outer loop
  vertex 5.3787 58.6213 2.0000
  vertex 5.6737 58.8801 5.0000
  vertex 5.6737 58.8801 2.0000
 endloop
endfacet
facet normal -0.555573 0.831468 0.000000
 outer loop
  vertex 5.6737 58.8801 2.0000
  vertex 6.0000 59.0981 5.0000
  vertex 6.0000 59.0981 2.0000
 endloop
endfacet
facet normal -0.442286 0.896874 0.000000
 outer loop
  vertex 6.0000 59.0981 2.0000
  vertex 6.3519 59.2716 5.0000
  vertex 6.3519 59.2716 2.0000
 endloop
endfacet
facet normal -0.321443 0.946929 0.000000
 outer loop
  vertex 6.3519 59.2716 2.0000
  vertex 6.7235 59.3978 5.0000
  vertex 6.7235 59.3978 2.0000
 endloop
endfacet
facet normal -0.195090 0.980785 0.000000
 outer loop
  vertex 6.7235 59.3978 2.0000
  vertex 7.1084 59.4743 5.0000
  vertex 7.1084 59.4743 2.0000
 endloop
endfacet
facet normal -0.065403 0.997859 0.000000
 outer loop
  vertex 7.1084 59.4743 2.0000
  vertex 7.5000 59.5000 5.0000
  vertex 7.5000 59.5000 2.0000
 endloop
endfacet
facet normal 0.065403 0.997859 -0.000000
 outer loop
  vertex 7.8916 59.4743 2.0000
  vertex 7.5000 59.5000 2.0000
  vertex 7.8916 59.4743 5.0000
 endloop
endfacet
facet normal 0.195091 0.980785 0.000000
 outer loop
  vertex 7.8916 59.4743 2.0000
  vertex 8.2765 59.3978 5.0000
  vertex 8.2765 59.3978 2.0000
 endloop
endfacet
facet normal 0.321443 0.946929 0.000000
 outer loop
  vertex 8.2765 59.3978 2.0000
  vertex 8.6481 59.2716 5.0000
  vertex 8.6481 59.2716 2.0000
 endloop
endfacet
facet normal 0.442286 0.896874 0.000000
 outer loop
  vertex 8.6481 59.2716 2.0000
  vertex 9.0000 59.0981 5.0000
  vertex 9.0000 59.0981 2.0000
 endloop
endfacet
facet normal 0.659345 -0.751840 0.000000
 outer loop
  vertex 9.3263 54.1199 2.0000
  vertex 9.6213 54.3787 2.0000
  vertex 9.3263 54.1199 5.0000
 endloop
endfacet
facet normal 0.751840 -0.659345 0.000000
 outer loop
  vertex 9.6213 54.3787 2.0000
  vertex 9.8801 54.6737 2.0000
  vertex 9.6213 54.3787 5.0000
 endloop
endfacet
facet normal 0.831469 -0.555571 0.000000
 outer loop
  vertex 9.8801 54.6737 2.0000
  vertex 10.0981 55.0000 2.0000
  vertex 9.8801 54.6737 5.0000
 endloop
endfacet
facet normal 0.896873 -0.442288 0.000000
 outer loop
  vertex 10.0981 55.0000 2.0000
  vertex 10.2716 55.3520 2.0000
  vertex 10.0981 55.0000 5.0000
 endloop
endfacet
facet normal 0.946929 -0.321442 0.000000
 outer loop
  vertex 10.2716 55.3520 2.0000
  vertex 10.3978 55.7235 2.0000
  vertex 10.2716 55.3520 5.0000
 endloop
endfacet
facet normal 0.980785 -0.195090 0.000000
 outer loop
  vertex 10.3978 55.7235 2.0000
  vertex 10.4743 56.1084 2.0000
  vertex 10.3978 55.7235 5.0000
 endloop
endfacet
facet normal 0.896873 0.442288 -0.000000
 outer loop
  vertex 10.2716 57.6480 2.0000
  vertex 10.0981 58.0000 2.0000
  vertex 10.2716 57.6480 5.0000
 endloop
endfacet
facet normal 0.997859 -0.065403 0.000000
 outer loop
  vertex 10.4743 56.1084 2.0000
  vertex 10.5000 56.5000 2.0000
  vertex 10.4743 56.1084 5.0000
 endloop
endfacet
facet normal 0.997859 0.065403 -0.000000
 outer loop
  vertex 10.5000 56.5000 2.0000
  vertex 10.4743 56.8916 2.0000
  vertex 10.5000 56.5000 5.0000
 endloop
endfacet
facet normal 0.980785 0.195090 -0.000000
 outer loop
  vertex 10.4743 56.8916 2.0000
  vertex 10.3978 57.2765 2.0000
  vertex 10.4743 56.8916 5.0000
 endloop
endfacet
facet normal 0.946929 0.321442 -0.000000
 outer loop
  vertex 10.3978 57.2765 2.0000
  vertex 10.2716 57.6480 2.0000
  vertex 10.3978 57.2765 5.0000
 endloop
endfacet
facet normal 0.555573 0.831468 0.000000
 outer loop
  vertex 9.0000 59.0981 2.0000
  vertex 9.3263 58.8801 5.0000
  vertex 9.3263 58.8801 2.0000
 endloop
endfacet
facet normal 0.659345 0.751840 0.000000
 outer loop
  vertex 9.3263 58.8801 2.0000
  vertex 9.6213 58.6213 5.0000
  vertex 9.6213 58.6213 2.0000
 endloop
endfacet
facet normal 0.751840 0.659345 0.000000
 outer loop
  vertex 9.6213 58.6213 2.0000
  vertex 9.8801 58.3263 5.0000
  vertex 9.8801 58.3263 2.0000
 endloop
endfacet
facet normal 0.831469 0.555571 0.000000
 outer loop
  vertex 9.8801 58.3263 2.0000
  vertex 10.0981 58.0000 5.0000
  vertex 10.0981 58.0000 2.0000
 endloop
endfacet
facet normal -0.555573 -0.831468 0.000000
 outer loop
  vertex 6.0000 53.9019 2.0000
  vertex 6.0000 53.9019 5.0000
  vertex 5.6737 54.1199 5.0000
 endloop
endfacet
facet normal -0.442286 -0.896874 0.000000
 outer loop
  vertex 6.3519 53.7284 2.0000
  vertex 6.3519 53.7284 5.0000
  vertex 6.0000 53.9019 5.0000
 endloop
endfacet
facet normal -0.321443 -0.946929 0.000000
 outer loop
  vertex 6.7235 53.6022 2.0000
  vertex 6.7235 53.6022 5.0000
  vertex 6.3519 53.7284 5.0000
 endloop
endfacet
facet normal -0.831468 -0.555572 0.000000
 outer loop
  vertex 5.1199 54.6737 2.0000
  vertex 5.1199 54.6737 5.0000
  vertex 4.9019 55.0000 5.0000
 endloop
endfacet
facet normal -0.751840 -0.659346 0.000000
 outer loop
  vertex 5.3787 54.3787 2.0000
  vertex 5.3787 54.3787 5.0000
  vertex 5.1199 54.6737 5.0000
 endloop
endfacet
facet normal -0.659346 -0.751840 0.000000
 outer loop
  vertex 5.6737 54.1199 2.0000
  vertex 5.6737 54.1199 5.0000
  vertex 5.3787 54.3787 5.0000
 endloop
endfacet
facet normal -0.896874 -0.442286 0.000000
 outer loop
  vertex 4.9019 55.0000 2.0000
  vertex 4.9019 55.0000 5.0000
  vertex 4.7284 55.3520 5.0000
 endloop
endfacet
facet normal -0.946929 -0.321443 0.000000
 outer loop
  vertex 4.7284 55.3520 2.0000
  vertex 4.7284 55.3520 5.0000
  vertex 4.6022 55.7235 5.0000
 endloop
endfacet
facet normal -0.980785 -0.195090 0.000000
 outer loop
  vertex 4.6022 55.7235 2.0000
  vertex 4.6022 55.7235 5.0000
  vertex 4.5257 56.1084 5.0000
 endloop
endfacet
facet normal -0.195090 -0.980785 0.000000
 outer loop
  vertex 7.1084 53.5257 2.0000
  vertex 7.1084 53.5257 5.0000
  vertex 6.7235 53.6022 5.0000
 endloop
endfacet
facet normal -0.065403 -0.997859 0.000000
 outer loop
  vertex 7.5000 53.5000 2.0000
  vertex 7.5000 53.5000 5.0000
  vertex 7.1084 53.5257 5.0000
 endloop
endfacet
facet normal 0.065403 -0.997859 0.000000
 outer loop
  vertex 7.8916 53.5257 2.0000
  vertex 7.8916 53.5257 5.0000
  vertex 7.5000 53.5000 5.0000
 endloop
endfacet
facet normal 0.195091 -0.980785 0.000000
 outer loop
  vertex 8.2765 53.6022 2.0000
  vertex 8.2765 53.6022 5.0000
  vertex 7.8916 53.5257 5.0000
 endloop
endfacet
facet normal 0.321443 -0.946929 0.000000
 outer loop
  vertex 8.6481 53.7284 2.0000
  vertex 8.6481 53.7284 5.0000
  vertex 8.2765 53.6022 5.0000
 endloop
endfacet
facet normal 0.442286 -0.896874 0.000000
 outer loop
  vertex 9.0000 53.9019 2.0000
  vertex 9.0000 53.9019 5.0000
  vertex 8.6481 53.7284 5.0000
 endloop
endfacet
facet normal -0.000000 0.000000 1.000000
 outer loop
  vertex 5.1199 54.6737 5.0000
  vertex 5.3787 54.3787 5.0000
  vertex 5.3787 58.6213 5.0000
 endloop
endfacet
facet normal -0.000000 0.000000 1.000000
 outer loop
  vertex 5.3787 54.3787 5.0000
  vertex 5.6737 54.1199 5.0000
  vertex 5.6737 58.8801 5.0000
 endloop
endfacet
facet normal -0.000000 0.000000 1.000000
 outer loop
  vertex 6.3519 53.7284 5.0000
  vertex 6.7235 53.6022 5.0000
  vertex 6.7222 55.7222 5.0000
 endloop
endfacet
facet normal 0.000000 -0.000000 1.000000
 outer loop
  vertex 6.7235 53.6022 5.0000
  vertex 6.8304 55.6273 5.0000
  vertex 6.7222 55.7222 5.0000
 endloop
endfacet
facet normal 0.000000 0.000000 1.000000
 outer loop
  vertex 6.7235 53.6022 5.0000
  vertex 6.9500 55.5474 5.0000
  vertex 6.8304 55.6273 5.0000
 endloop
endfacet
facet normal 0.000000 -0.000000 1.000000
 outer loop
  vertex 6.0000 53.9019 5.0000
  vertex 6.0000 59.0981 5.0000
  vertex 5.6737 54.1199 5.0000
 endloop
endfacet
facet normal -0.000000 0.000000 1.000000
 outer loop
  vertex 6.0000 53.9019 5.0000
  vertex 6.3519 53.7284 5.0000
  vertex 6.3519 59.2716 5.0000
 endloop
endfacet
facet normal 0.000000 0.000000 1.000000
 outer loop
  vertex 6.3519 53.7284 5.0000
  vertex 6.6273 55.8304 5.0000
  vertex 6.5474 55.9500 5.0000
 endloop
endfacet
facet normal 0.000000 0.000000 1.000000
 outer loop
  vertex 6.3519 53.7284 5.0000
  vertex 6.4375 56.2153 5.0000
  vertex 6.4094 56.3564 5.0000
 endloop
endfacet
facet normal 0.000000 0.000000 1.000000
 outer loop
  vertex 6.3519 53.7284 5.0000
  vertex 6.5474 55.9500 5.0000
  vertex 6.4837 56.0790 5.0000
 endloop
endfacet
facet normal 0.000000 0.000000 1.000000
 outer loop
  vertex 6.3519 53.7284 5.0000
  vertex 6.4837 56.0790 5.0000
  vertex 6.4375 56.2153 5.0000
 endloop
endfacet
facet normal 0.000000 0.000000 1.000000
 outer loop
  vertex 6.3519 53.7284 5.0000
  vertex 6.7222 55.7222 5.0000
  vertex 6.6273 55.8304 5.0000
 endloop
endfacet
facet normal 0.000000 0.000000 1.000000
 outer loop
  vertex 6.3519 53.7284 5.0000
  vertex 6.4094 56.3564 5.0000
  vertex 6.4000 56.5000 5.0000
 endloop
endfacet
facet normal -0.000000 0.000000 1.000000
 outer loop
  vertex 6.7235 53.6022 5.0000
  vertex 7.1084 53.5257 5.0000
  vertex 7.0790 55.4837 5.0000
 endloop
endfacet
facet normal -0.000000 0.000000 1.000000
 outer loop
  vertex 7.1084 53.5257 5.0000
  vertex 7.5000 53.5000 5.0000
  vertex 7.3564 55.4094 5.0000
 endloop
endfacet
facet normal 0.000000 0.000000 1.000000
 outer loop
  vertex 6.7235 53.6022 5.0000
  vertex 7.0790 55.4837 5.0000
  vertex 6.9500 55.5474 5.0000
 endloop
endfacet
facet normal 0.000000 -0.000000 1.000000
 outer loop
  vertex 7.1084 53.5257 5.0000
  vertex 7.2153 55.4375 5.0000
  vertex 7.0790 55.4837 5.0000
 endloop
endfacet
facet normal 0.000000 0.000000 1.000000
 outer loop
  vertex 7.1084 53.5257 5.0000
  vertex 7.3564 55.4094 5.0000
  vertex 7.2153 55.4375 5.0000
 endloop
endfacet
facet normal 0.000000 0.000000 1.000000
 outer loop
  vertex 7.5000 53.5000 5.0000
  vertex 7.8916 53.5257 5.0000
  vertex 7.5000 55.4000 5.0000
 endloop
endfacet
facet normal 0.000000 -0.000000 1.000000
 outer loop
  vertex 7.5000 53.5000 5.0000
  vertex 7.5000 55.4000 5.0000
  vertex 7.3564 55.4094 5.0000
 endloop
endfacet
facet normal 0.000000 0.000000 1.000000
 outer loop
  vertex 7.8916 53.5257 5.0000
  vertex 7.6436 55.4094 5.0000
  vertex 7.5000 55.4000 5.0000
 endloop
endfacet
facet normal 0.000000 0.000000 1.000000
 outer loop
  vertex 7.8916 53.5257 5.0000
  vertex 7.7847 55.4375 5.0000
  vertex 7.6436 55.4094 5.0000
 endloop
endfacet
facet normal 0.000000 -0.000000 1.000000
 outer loop
  vertex 7.8916 53.5257 5.0000
  vertex 7.9210 55.4837 5.0000
  vertex 7.7847 55.4375 5.0000
 endloop
endfacet
facet normal 0.000000 0.000000 1.000000
 outer loop
  vertex 7.8916 53.5257 5.0000
  vertex 8.2765 53.6022 5.0000
  vertex 7.9210 55.4837 5.0000
 endloop
endfacet
facet normal 0.000000 0.000000 1.000000
 outer loop
  vertex 8.2765 53.6022 5.0000
  vertex 8.6481 53.7284 5.0000
  vertex 8.3727 55.8304 5.0000
 endloop
endfacet
facet normal 0.000000 0.000000 1.000000
 outer loop
  vertex 8.2765 53.6022 5.0000
  vertex 8.0500 55.5474 5.0000
  vertex 7.9210 55.4837 5.0000
 endloop
endfacet
facet normal 0.000000 0.000000 1.000000
 outer loop
  vertex 8.2765 53.6022 5.0000
  vertex 8.1696 55.6273 5.0000
  vertex 8.0500 55.5474 5.0000
 endloop
endfacet
facet normal 0.000000 -0.000000 1.000000
 outer loop
  vertex 8.2765 53.6022 5.0000
  vertex 8.2778 55.7222 5.0000
  vertex 8.1696 55.6273 5.0000
 endloop
endfacet
facet normal 0.000000 0.000000 1.000000
 outer loop
  vertex 8.2765 53.6022 5.0000
  vertex 8.3727 55.8304 5.0000
  vertex 8.2778 55.7222 5.0000
 endloop
endfacet
facet normal 0.000000 0.000000 1.000000
 outer loop
  vertex 8.6481 53.7284 5.0000
  vertex 8.4526 55.9500 5.0000
  vertex 8.3727 55.8304 5.0000
 endloop
endfacet
facet normal 0.000000 0.000000 1.000000
 outer loop
  vertex 8.6481 53.7284 5.0000
  vertex 8.5163 56.0790 5.0000
  vertex 8.4526 55.9500 5.0000
 endloop
endfacet
facet normal 0.000000 0.000000 1.000000
 outer loop
  vertex 8.6481 53.7284 5.0000
  vertex 8.5625 56.2153 5.0000
  vertex 8.5163 56.0790 5.0000
 endloop
endfacet
facet normal 0.000000 0.000000 1.000000
 outer loop
  vertex 8.6481 53.7284 5.0000
  vertex 8.5906 56.3564 5.0000
  vertex 8.5625 56.2153 5.0000
 endloop
endfacet
facet normal 0.000000 0.000000 1.000000
 outer loop
  vertex 8.6481 53.7284 5.0000
  vertex 8.6000 56.5000 5.0000
  vertex 8.5906 56.3564 5.0000
 endloop
endfacet
facet normal 0.000000 0.000000 1.000000
 outer loop
  vertex 8.6481 53.7284 5.0000
  vertex 9.0000 53.9019 5.0000
  vertex 9.0000 59.0981 5.0000
 endloop
endfacet
facet normal -0.997859 -0.065403 0.000000
 outer loop
  vertex 4.5257 56.1084 2.0000
  vertex 4.5257 56.1084 5.0000
  vertex 4.5000 56.5000 5.0000
 endloop
endfacet
facet normal -0.997859 0.065403 0.000000
 outer loop
  vertex 4.5000 56.5000 2.0000
  vertex 4.5000 56.5000 5.0000
  vertex 4.5257 56.8916 5.0000
 endloop
endfacet
facet normal -0.980785 0.195090 0.000000
 outer loop
  vertex 4.5257 56.8916 2.0000
  vertex 4.5257 56.8916 5.0000
  vertex 4.6022 57.2765 5.0000
 endloop
endfacet
facet normal -0.946929 0.321443 0.000000
 outer loop
  vertex 4.6022 57.2765 2.0000
  vertex 4.6022 57.2765 5.0000
  vertex 4.7284 57.6480 5.0000
 endloop
endfacet
facet normal -0.896874 0.442286 0.000000
 outer loop
  vertex 4.7284 57.6480 2.0000
  vertex 4.7284 57.6480 5.0000
  vertex 4.9019 58.0000 5.0000
 endloop
endfacet
facet normal -0.831468 0.555572 0.000000
 outer loop
  vertex 4.9019 58.0000 2.0000
  vertex 4.9019 58.0000 5.0000
  vertex 5.1199 58.3263 5.0000
 endloop
endfacet
facet normal -0.751840 0.659346 0.000000
 outer loop
  vertex 5.1199 58.3263 2.0000
  vertex 5.1199 58.3263 5.0000
  vertex 5.3787 58.6213 5.0000
 endloop
endfacet
facet normal -0.659346 0.751840 0.000000
 outer loop
  vertex 5.3787 58.6213 2.0000
  vertex 5.3787 58.6213 5.0000
  vertex 5.6737 58.8801 5.0000
 endloop
endfacet
facet normal -0.555573 0.831468 0.000000
 outer loop
  vertex 5.6737 58.8801 2.0000
  vertex 5.6737 58.8801 5.0000
  vertex 6.0000 59.0981 5.0000
 endloop
endfacet
facet normal -0.442286 0.896874 0.000000
 outer loop
  vertex 6.0000 59.0981 2.0000
  vertex 6.0000 59.0981 5.0000
  vertex 6.3519 59.2716 5.0000
 endloop
endfacet
facet normal -0.321443 0.946929 0.000000
 outer loop
  vertex 6.3519 59.2716 2.0000
  vertex 6.3519 59.2716 5.0000
  vertex 6.7235 59.3978 5.0000
 endloop
endfacet
facet normal -0.195090 0.980785 0.000000
 outer loop
  vertex 6.7235 59.3978 2.0000
  vertex 6.7235 59.3978 5.0000
  vertex 7.1084 59.4743 5.0000
 endloop
endfacet
facet normal -0.065403 0.997859 0.000000
 outer loop
  vertex 7.1084 59.4743 2.0000
  vertex 7.1084 59.4743 5.0000
  vertex 7.5000 59.5000 5.0000
 endloop
endfacet
facet normal 0.065403 0.997859 -0.000000
 outer loop
  vertex 7.5000 59.5000 2.0000
  vertex 7.5000 59.5000 5.0000
  vertex 7.8916 59.4743 5.0000
 endloop
endfacet
facet normal 0.195091 0.980785 -0.000000
 outer loop
  vertex 7.8916 59.4743 2.0000
  vertex 7.8916 59.4743 5.0000
  vertex 8.2765 59.3978 5.0000
 endloop
endfacet
facet normal 0.321443 0.946929 -0.000000
 outer loop
  vertex 8.2765 59.3978 2.0000
  vertex 8.2765 59.3978 5.0000
  vertex 8.6481 59.2716 5.0000
 endloop
endfacet
facet normal 0.442286 0.896874 -0.000000
 outer loop
  vertex 8.6481 59.2716 2.0000
  vertex 8.6481 59.2716 5.0000
  vertex 9.0000 59.0981 5.0000
 endloop
endfacet
facet normal 0.555573 0.831468 -0.000000
 outer loop
  vertex 9.0000 59.0981 2.0000
  vertex 9.0000 59.0981 5.0000
  vertex 9.3263 58.8801 5.0000
 endloop
endfacet
facet normal 0.000000 -0.000000 1.000000
 outer loop
  vertex 4.5257 56.1084 5.0000
  vertex 4.5257 56.8916 5.0000
  vertex 4.5000 56.5000 5.0000
 endloop
endfacet
facet normal 0.000000 0.000000 1.000000
 outer loop
  vertex 4.5257 56.1084 5.0000
  vertex 4.6022 57.2765 5.0000
  vertex 4.5257 56.8916 5.0000
 endloop
endfacet
facet normal 0.000000 -0.000000 1.000000
 outer loop
  vertex 4.7284 55.3520 5.0000
  vertex 4.7284 57.6480 5.0000
  vertex 4.6022 55.7235 5.0000
 endloop
endfacet
facet normal -0.000000 0.000000 1.000000
 outer loop
  vertex 4.7284 55.3520 5.0000
  vertex 4.9019 55.0000 5.0000
  vertex 4.9019 58.0000 5.0000
 endloop
endfacet
facet normal 0.000000 -0.000000 1.000000
 outer loop
  vertex 4.6022 55.7235 5.0000
  vertex 4.6022 57.2765 5.0000
  vertex 4.5257 56.1084 5.0000
 endloop
endfacet
facet normal 0.000000 -0.000000 1.000000
 outer loop
  vertex 5.1199 54.6737 5.0000
  vertex 5.1199 58.3263 5.0000
  vertex 4.9019 55.0000 5.0000
 endloop
endfacet
facet normal 0.000000 0.000000 1.000000
 outer loop
  vertex 4.6022 55.7235 5.0000
  vertex 4.7284 57.6480 5.0000
  vertex 4.6022 57.2765 5.0000
 endloop
endfacet
facet normal 0.000000 0.000000 1.000000
 outer loop
  vertex 4.7284 55.3520 5.0000
  vertex 4.9019 58.0000 5.0000
  vertex 4.7284 57.6480 5.0000
 endloop
endfacet
facet normal 0.000000 0.000000 1.000000
 outer loop
  vertex 4.9019 55.0000 5.0000
  vertex 5.1199 58.3263 5.0000
  vertex 4.9019 58.0000 5.0000
 endloop
endfacet
facet normal 0.000000 0.000000 1.000000
 outer loop
  vertex 5.1199 54.6737 5.0000
  vertex 5.3787 58.6213 5.0000
  vertex 5.1199 58.3263 5.0000
 endloop
endfacet
facet normal 0.000000 0.000000 1.000000
 outer loop
  vertex 5.3787 54.3787 5.0000
  vertex 5.6737 58.8801 5.0000
  vertex 5.3787 58.6213 5.0000
 endloop
endfacet
facet normal 0.000000 0.000000 1.000000
 outer loop
  vertex 6.3519 53.7284 5.0000
  vertex 6.4000 56.5000 5.0000
  vertex 6.3519 59.2716 5.0000
 endloop
endfacet
facet normal 0.000000 0.000000 1.000000
 outer loop
  vertex 5.6737 54.1199 5.0000
  vertex 6.0000 59.0981 5.0000
  vertex 5.6737 58.8801 5.0000
 endloop
endfacet
facet normal 0.000000 0.000000 1.000000
 outer loop
  vertex 6.0000 53.9019 5.0000
  vertex 6.3519 59.2716 5.0000
  vertex 6.0000 59.0981 5.0000
 endloop
endfacet
facet normal 0.000000 -0.000000 1.000000
 outer loop
  vertex 6.4000 56.5000 5.0000
  vertex 6.4094 56.6436 5.0000
  vertex 6.3519 59.2716 5.0000
 endloop
endfacet
facet normal 0.000000 -0.000000 1.000000
 outer loop
  vertex 6.4094 56.6436 5.0000
  vertex 6.4375 56.7847 5.0000
  vertex 6.3519 59.2716 5.0000
 endloop
endfacet
facet normal 0.000000 -0.000000 1.000000
 outer loop
  vertex 6.4375 56.7847 5.0000
  vertex 6.4837 56.9210 5.0000
  vertex 6.3519 59.2716 5.0000
 endloop
endfacet
facet normal 0.000000 -0.000000 1.000000
 outer loop
  vertex 6.4837 56.9210 5.0000
  vertex 6.5474 57.0500 5.0000
  vertex 6.3519 59.2716 5.0000
 endloop
endfacet
facet normal 0.000000 -0.000000 1.000000
 outer loop
  vertex 6.5474 57.0500 5.0000
  vertex 6.6273 57.1696 5.0000
  vertex 6.3519 59.2716 5.0000
 endloop
endfacet
facet normal 0.000000 0.000000 1.000000
 outer loop
  vertex 6.6273 57.1696 5.0000
  vertex 6.7222 57.2778 5.0000
  vertex 6.7235 59.3978 5.0000
 endloop
endfacet
facet normal 0.000000 0.000000 1.000000
 outer loop
  vertex 6.7222 57.2778 5.0000
  vertex 6.8304 57.3727 5.0000
  vertex 6.7235 59.3978 5.0000
 endloop
endfacet
facet normal 0.000000 -0.000000 1.000000
 outer loop
  vertex 6.8304 57.3727 5.0000
  vertex 6.9500 57.4526 5.0000
  vertex 6.7235 59.3978 5.0000
 endloop
endfacet
facet normal 0.000000 -0.000000 1.000000
 outer loop
  vertex 6.6273 57.1696 5.0000
  vertex 6.7235 59.3978 5.0000
  vertex 6.3519 59.2716 5.0000
 endloop
endfacet
facet normal 0.000000 -0.000000 1.000000
 outer loop
  vertex 8.6481 53.7284 5.0000
  vertex 8.6481 59.2716 5.0000
  vertex 8.6000 56.5000 5.0000
 endloop
endfacet
facet normal 0.000000 -0.000000 1.000000
 outer loop
  vertex 8.5163 56.9210 5.0000
  vertex 8.6481 59.2716 5.0000
  vertex 8.4526 57.0500 5.0000
 endloop
endfacet
facet normal -0.000000 0.000000 1.000000
 outer loop
  vertex 8.3727 57.1696 5.0000
  vertex 8.4526 57.0500 5.0000
  vertex 8.6481 59.2716 5.0000
 endloop
endfacet
facet normal 0.000000 -0.000000 1.000000
 outer loop
  vertex 8.3727 57.1696 5.0000
  vertex 8.6481 59.2716 5.0000
  vertex 8.2778 57.2778 5.0000
 endloop
endfacet
facet normal 0.000000 -0.000000 1.000000
 outer loop
  vertex 8.6000 56.5000 5.0000
  vertex 8.6481 59.2716 5.0000
  vertex 8.5906 56.6436 5.0000
 endloop
endfacet
facet normal 0.000000 0.000000 1.000000
 outer loop
  vertex 8.6481 53.7284 5.0000
  vertex 9.0000 59.0981 5.0000
  vertex 8.6481 59.2716 5.0000
 endloop
endfacet
facet normal 0.000000 0.000000 1.000000
 outer loop
  vertex 9.0000 53.9019 5.0000
  vertex 9.3263 58.8801 5.0000
  vertex 9.0000 59.0981 5.0000
 endloop
endfacet
facet normal 0.000000 -0.000000 1.000000
 outer loop
  vertex 8.5906 56.6436 5.0000
  vertex 8.6481 59.2716 5.0000
  vertex 8.5625 56.7847 5.0000
 endloop
endfacet
facet normal -0.000000 0.000000 1.000000
 outer loop
  vertex 8.5163 56.9210 5.0000
  vertex 8.5625 56.7847 5.0000
  vertex 8.6481 59.2716 5.0000
 endloop
endfacet
facet normal 0.000000 0.000000 1.000000
 outer loop
  vertex 6.7235 59.3978 5.0000
  vertex 6.9500 57.4526 5.0000
  vertex 7.0790 57.5163 5.0000
 endloop
endfacet
facet normal 0.000000 0.000000 1.000000
 outer loop
  vertex 7.0790 57.5163 5.0000
  vertex 7.2153 57.5625 5.0000
  vertex 7.1084 59.4743 5.0000
 endloop
endfacet
facet normal 0.000000 -0.000000 1.000000
 outer loop
  vertex 7.2153 57.5625 5.0000
  vertex 7.3564 57.5906 5.0000
  vertex 7.1084 59.4743 5.0000
 endloop
endfacet
facet normal 0.000000 -0.000000 1.000000
 outer loop
  vertex 7.3564 57.5906 5.0000
  vertex 7.5000 57.6000 5.0000
  vertex 7.1084 59.4743 5.0000
 endloop
endfacet
facet normal -0.000000 0.000000 1.000000
 outer loop
  vertex 6.7235 59.3978 5.0000
  vertex 7.0790 57.5163 5.0000
  vertex 7.1084 59.4743 5.0000
 endloop
endfacet
facet normal 0.000000 -0.000000 1.000000
 outer loop
  vertex 7.5000 57.6000 5.0000
  vertex 7.5000 59.5000 5.0000
  vertex 7.1084 59.4743 5.0000
 endloop
endfacet
facet normal -0.000000 0.000000 1.000000
 outer loop
  vertex 7.5000 57.6000 5.0000
  vertex 7.6436 57.5906 5.0000
  vertex 7.5000 59.5000 5.0000
 endloop
endfacet
facet normal -0.000000 0.000000 1.000000
 outer loop
  vertex 7.6436 57.5906 5.0000
  vertex 7.7847 57.5625 5.0000
  vertex 7.8916 59.4743 5.0000
 endloop
endfacet
facet normal -0.000000 0.000000 1.000000
 outer loop
  vertex 7.7847 57.5625 5.0000
  vertex 7.9210 57.5163 5.0000
  vertex 7.8916 59.4743 5.0000
 endloop
endfacet
facet normal 0.000000 -0.000000 1.000000
 outer loop
  vertex 7.6436 57.5906 5.0000
  vertex 7.8916 59.4743 5.0000
  vertex 7.5000 59.5000 5.0000
 endloop
endfacet
facet normal -0.000000 0.000000 1.000000
 outer loop
  vertex 7.9210 57.5163 5.0000
  vertex 8.0500 57.4526 5.0000
  vertex 8.2765 59.3978 5.0000
 endloop
endfacet
facet normal -0.000000 0.000000 1.000000
 outer loop
  vertex 8.0500 57.4526 5.0000
  vertex 8.1696 57.3727 5.0000
  vertex 8.2765 59.3978 5.0000
 endloop
endfacet
facet normal -0.000000 0.000000 1.000000
 outer loop
  vertex 8.1696 57.3727 5.0000
  vertex 8.2778 57.2778 5.0000
  vertex 8.2765 59.3978 5.0000
 endloop
endfacet
facet normal 0.000000 -0.000000 1.000000
 outer loop
  vertex 7.9210 57.5163 5.0000
  vertex 8.2765 59.3978 5.0000
  vertex 7.8916 59.4743 5.0000
 endloop
endfacet
facet normal 0.000000 -0.000000 1.000000
 outer loop
  vertex 8.2778 57.2778 5.0000
  vertex 8.6481 59.2716 5.0000
  vertex 8.2765 59.3978 5.0000
 endloop
endfacet
facet normal 0.555573 -0.831468 0.000000
 outer loop
  vertex 9.3263 54.1199 2.0000
  vertex 9.3263 54.1199 5.0000
  vertex 9.0000 53.9019 5.0000
 endloop
endfacet
facet normal 0.659345 -0.751840 0.000000
 outer loop
  vertex 9.6213 54.3787 2.0000
  vertex 9.6213 54.3787 5.0000
  vertex 9.3263 54.1199 5.0000
 endloop
endfacet
facet normal 0.751840 -0.659345 0.000000
 outer loop
  vertex 9.8801 54.6737 2.0000
  vertex 9.8801 54.6737 5.0000
  vertex 9.6213 54.3787 5.0000
 endloop
endfacet
facet normal 0.831469 -0.555571 0.000000
 outer loop
  vertex 10.0981 55.0000 2.0000
  vertex 10.0981 55.0000 5.0000
  vertex 9.8801 54.6737 5.0000
 endloop
endfacet
facet normal 0.896873 -0.442288 0.000000
 outer loop
  vertex 10.2716 55.3520 2.0000
  vertex 10.2716 55.3520 5.0000
  vertex 10.0981 55.0000 5.0000
 endloop
endfacet
facet normal 0.946929 -0.321442 0.000000
 outer loop
  vertex 10.3978 55.7235 2.0000
  vertex 10.3978 55.7235 5.0000
  vertex 10.2716 55.3520 5.0000
 endloop
endfacet
facet normal 0.980785 -0.195090 0.000000
 outer loop
  vertex 10.4743 56.1084 2.0000
  vertex 10.4743 56.1084 5.0000
  vertex 10.3978 55.7235 5.0000
 endloop
endfacet
facet normal 0.000000 0.000000 1.000000
 outer loop
  vertex 9.0000 53.9019 5.0000
  vertex 9.3263 54.1199 5.0000
  vertex 9.3263 58.8801 5.0000
 endloop
endfacet
facet normal 0.000000 0.000000 1.000000
 outer loop
  vertex 9.3263 54.1199 5.0000
  vertex 9.6213 54.3787 5.0000
  vertex 9.6213 58.6213 5.0000
 endloop
endfacet
facet normal 0.000000 0.000000 1.000000
 outer loop
  vertex 9.6213 54.3787 5.0000
  vertex 9.8801 54.6737 5.0000
  vertex 9.8801 58.3263 5.0000
 endloop
endfacet
facet normal 0.000000 0.000000 1.000000
 outer loop
  vertex 9.8801 54.6737 5.0000
  vertex 10.0981 55.0000 5.0000
  vertex 10.0981 58.0000 5.0000
 endloop
endfacet
facet normal 0.896873 0.442288 -0.000000
 outer loop
  vertex 10.0981 58.0000 2.0000
  vertex 10.0981 58.0000 5.0000
  vertex 10.2716 57.6480 5.0000
 endloop
endfacet
facet normal 0.997859 -0.065403 0.000000
 outer loop
  vertex 10.5000 56.5000 2.0000
  vertex 10.5000 56.5000 5.0000
  vertex 10.4743 56.1084 5.0000
 endloop
endfacet
facet normal 0.997859 0.065403 -0.000000
 outer loop
  vertex 10.4743 56.8916 2.0000
  vertex 10.4743 56.8916 5.0000
  vertex 10.5000 56.5000 5.0000
 endloop
endfacet
facet normal 0.980785 0.195090 -0.000000
 outer loop
  vertex 10.3978 57.2765 2.0000
  vertex 10.3978 57.2765 5.0000
  vertex 10.4743 56.8916 5.0000
 endloop
endfacet
facet normal 0.946929 0.321442 -0.000000
 outer loop
  vertex 10.2716 57.6480 2.0000
  vertex 10.2716 57.6480 5.0000
  vertex 10.3978 57.2765 5.0000
 endloop
endfacet
facet normal 0.659345 0.751840 -0.000000
 outer loop
  vertex 9.3263 58.8801 2.0000
  vertex 9.3263 58.8801 5.0000
  vertex 9.6213 58.6213 5.0000
 endloop
endfacet
facet normal 0.831469 0.555571 -0.000000
 outer loop
  vertex 9.8801 58.3263 2.0000
  vertex 9.8801 58.3263 5.0000
  vertex 10.0981 58.0000 5.0000
 endloop
endfacet
facet normal 0.751840 0.659345 -0.000000
 outer loop
  vertex 9.6213 58.6213 2.0000
  vertex 9.6213 58.6213 5.0000
  vertex 9.8801 58.3263 5.0000
 endloop
endfacet
facet normal 0.000000 0.000000 1.000000
 outer loop
  vertex 10.0981 55.0000 5.0000
  vertex 10.2716 55.3520 5.0000
  vertex 10.2716 57.6480 5.0000
 endloop
endfacet
facet normal 0.000000 0.000000 1.000000
 outer loop
  vertex 10.0981 55.0000 5.0000
  vertex 10.2716 57.6480 5.0000
  vertex 10.0981 58.0000 5.0000
 endloop
endfacet
facet normal 0.000000 0.000000 1.000000
 outer loop
  vertex 9.3263 54.1199 5.0000
  vertex 9.6213 58.6213 5.0000
  vertex 9.3263 58.8801 5.0000
 endloop
endfacet
facet normal 0.000000 0.000000 1.000000
 outer loop
  vertex 9.6213 54.3787 5.0000
  vertex 9.8801 58.3263 5.0000
  vertex 9.6213 58.6213 5.0000
 endloop
endfacet
facet normal 0.000000 0.000000 1.000000
 outer loop
  vertex 9.8801 54.6737 5.0000
  vertex 10.0981 58.0000 5.0000
  vertex 9.8801 58.3263 5.0000
 endloop
endfacet
facet normal 0.000000 0.000000 1.000000
 outer loop
  vertex 10.2716 55.3520 5.0000
  vertex 10.3978 55.7235 5.0000
  vertex 10.3978 57.2765 5.0000
 endloop
endfacet
facet normal 0.000000 0.000000 1.000000
 outer loop
  vertex 10.3978 55.7235 5.0000
  vertex 10.4743 56.1084 5.0000
  vertex 10.4743 56.8916 5.0000
 endloop
endfacet
facet normal 0.000000 0.000000 1.000000
 outer loop
  vertex 10.4743 56.1084 5.0000
  vertex 10.5000 56.5000 5.0000
  vertex 10.4743 56.8916 5.0000
 endloop
endfacet
facet normal 0.000000 0.000000 1.000000
 outer loop
  vertex 10.3978 55.7235 5.0000
  vertex 10.4743 56.8916 5.0000
  vertex 10.3978 57.2765 5.0000
 endloop
endfacet
facet normal 0.000000 0.000000 1.000000
 outer loop
  vertex 10.2716 55.3520 5.0000
  vertex 10.3978 57.2765 5.0000
  vertex 10.2716 57.6480 5.0000
 endloop
endfacet
facet normal 0.659348 0.751838 -0.000000
 outer loop
  vertex 6.7222 55.7222 0.0000
  vertex 6.7222 55.7222 5.0000
  vertex 6.8304 55.6273 0.0000
 endloop
endfacet
facet normal 0.751842 0.659343 0.000000
 outer loop
  vertex 6.7222 55.7222 0.0000
  vertex 6.6273 55.8304 0.0000
  vertex 6.6273 55.8304 5.0000
 endloop
endfacet
facet normal 0.831467 0.555574 -0.000000
 outer loop
  vertex 6.5474 55.9500 0.0000
  vertex 6.5474 55.9500 5.0000
  vertex 6.6273 55.8304 0.0000
 endloop
endfacet
facet normal 0.321453 0.946925 -0.000000
 outer loop
  vertex 7.0790 55.4837 0.0000
  vertex 7.0790 55.4837 5.0000
  vertex 7.2153 55.4375 0.0000
 endloop
endfacet
facet normal 0.195075 0.980788 -0.000000
 outer loop
  vertex 7.2153 55.4375 0.0000
  vertex 7.2153 55.4375 5.0000
  vertex 7.3564 55.4094 0.0000
 endloop
endfacet
facet normal 0.065404 0.997859 -0.000000
 outer loop
  vertex 7.3564 55.4094 0.0000
  vertex 7.3564 55.4094 5.0000
  vertex 7.5000 55.4000 0.0000
 endloop
endfacet
facet normal 0.555578 0.831465 -0.000000
 outer loop
  vertex 6.8304 55.6273 0.0000
  vertex 6.8304 55.6273 5.0000
  vertex 6.9500 55.5474 0.0000
 endloop
endfacet
facet normal 0.442273 0.896881 0.000000
 outer loop
  vertex 7.0790 55.4837 0.0000
  vertex 6.9500 55.5474 0.0000
  vertex 6.9500 55.5474 5.0000
 endloop
endfacet
facet normal -0.065404 0.997859 0.000000
 outer loop
  vertex 7.5000 55.4000 0.0000
  vertex 7.5000 55.4000 5.0000
  vertex 7.6436 55.4094 0.0000
 endloop
endfacet
facet normal -0.195075 0.980788 0.000000
 outer loop
  vertex 7.6436 55.4094 0.0000
  vertex 7.6436 55.4094 5.0000
  vertex 7.7847 55.4375 0.0000
 endloop
endfacet
facet normal -0.321453 0.946925 0.000000
 outer loop
  vertex 7.7847 55.4375 0.0000
  vertex 7.7847 55.4375 5.0000
  vertex 7.9210 55.4837 0.0000
 endloop
endfacet
facet normal -0.442273 0.896881 0.000000
 outer loop
  vertex 7.9210 55.4837 0.0000
  vertex 7.9210 55.4837 5.0000
  vertex 8.0500 55.5474 0.0000
 endloop
endfacet
facet normal -0.555578 0.831465 0.000000
 outer loop
  vertex 8.0500 55.5474 0.0000
  vertex 8.0500 55.5474 5.0000
  vertex 8.1696 55.6273 0.0000
 endloop
endfacet
facet normal -0.659346 0.751839 0.000000
 outer loop
  vertex 8.1696 55.6273 0.0000
  vertex 8.1696 55.6273 5.0000
  vertex 8.2778 55.7222 0.0000
 endloop
endfacet
facet normal -0.751845 0.659339 0.000000
 outer loop
  vertex 8.2778 55.7222 0.0000
  vertex 8.2778 55.7222 5.0000
  vertex 8.3727 55.8304 0.0000
 endloop
endfacet
facet normal -0.831466 0.555576 0.000000
 outer loop
  vertex 8.3727 55.8304 0.0000
  vertex 8.3727 55.8304 5.0000
  vertex 8.4526 55.9500 0.0000
 endloop
endfacet
facet normal -0.896871 0.442292 0.000000
 outer loop
  vertex 8.4526 55.9500 0.0000
  vertex 8.4526 55.9500 5.0000
  vertex 8.5163 56.0790 0.0000
 endloop
endfacet
facet normal 0.896873 0.442289 0.000000
 outer loop
  vertex 6.5474 55.9500 0.0000
  vertex 6.4837 56.0790 0.0000
  vertex 6.4837 56.0790 5.0000
 endloop
endfacet
facet normal 0.946928 0.321445 0.000000
 outer loop
  vertex 6.4837 56.0790 0.0000
  vertex 6.4375 56.2153 0.0000
  vertex 6.4375 56.2153 5.0000
 endloop
endfacet
facet normal 0.997859 0.065402 0.000000
 outer loop
  vertex 6.4094 56.3564 0.0000
  vertex 6.4000 56.5000 0.0000
  vertex 6.4000 56.5000 5.0000
 endloop
endfacet
facet normal 0.980786 0.195087 0.000000
 outer loop
  vertex 6.4375 56.2153 0.0000
  vertex 6.4094 56.3564 0.0000
  vertex 6.4094 56.3564 5.0000
 endloop
endfacet
facet normal 0.997859 -0.065402 0.000000
 outer loop
  vertex 6.4000 56.5000 0.0000
  vertex 6.4094 56.6436 0.0000
  vertex 6.4094 56.6436 5.0000
 endloop
endfacet
facet normal 0.980786 -0.195087 0.000000
 outer loop
  vertex 6.4094 56.6436 0.0000
  vertex 6.4375 56.7847 0.0000
  vertex 6.4375 56.7847 5.0000
 endloop
endfacet
facet normal 0.946928 -0.321445 0.000000
 outer loop
  vertex 6.4375 56.7847 0.0000
  vertex 6.4837 56.9210 0.0000
  vertex 6.4837 56.9210 5.0000
 endloop
endfacet
facet normal 0.896873 -0.442289 0.000000
 outer loop
  vertex 6.4837 56.9210 0.0000
  vertex 6.5474 57.0500 0.0000
  vertex 6.5474 57.0500 5.0000
 endloop
endfacet
facet normal 0.831467 -0.555574 0.000000
 outer loop
  vertex 6.5474 57.0500 0.0000
  vertex 6.6273 57.1696 0.0000
  vertex 6.6273 57.1696 5.0000
 endloop
endfacet
facet normal 0.751842 -0.659343 0.000000
 outer loop
  vertex 6.6273 57.1696 0.0000
  vertex 6.7222 57.2778 0.0000
  vertex 6.7222 57.2778 5.0000
 endloop
endfacet
facet normal 0.659348 -0.751838 0.000000
 outer loop
  vertex 6.7222 57.2778 0.0000
  vertex 6.8304 57.3727 0.0000
  vertex 6.8304 57.3727 5.0000
 endloop
endfacet
facet normal 0.555578 -0.831465 0.000000
 outer loop
  vertex 6.8304 57.3727 0.0000
  vertex 6.9500 57.4526 0.0000
  vertex 6.9500 57.4526 5.0000
 endloop
endfacet
facet normal 0.442273 -0.896881 0.000000
 outer loop
  vertex 6.9500 57.4526 0.0000
  vertex 7.0790 57.5163 0.0000
  vertex 7.0790 57.5163 5.0000
 endloop
endfacet
facet normal 0.321453 -0.946925 0.000000
 outer loop
  vertex 7.0790 57.5163 0.0000
  vertex 7.2153 57.5625 0.0000
  vertex 7.2153 57.5625 5.0000
 endloop
endfacet
facet normal 0.195075 -0.980788 0.000000
 outer loop
  vertex 7.2153 57.5625 0.0000
  vertex 7.3564 57.5906 0.0000
  vertex 7.3564 57.5906 5.0000
 endloop
endfacet
facet normal 0.065404 -0.997859 0.000000
 outer loop
  vertex 7.3564 57.5906 0.0000
  vertex 7.5000 57.6000 0.0000
  vertex 7.5000 57.6000 5.0000
 endloop
endfacet
facet normal -0.065404 -0.997859 0.000000
 outer loop
  vertex 7.5000 57.6000 0.0000
  vertex 7.6436 57.5906 0.0000
  vertex 7.6436 57.5906 5.0000
 endloop
endfacet
facet normal -0.195075 -0.980788 0.000000
 outer loop
  vertex 7.6436 57.5906 0.0000
  vertex 7.7847 57.5625 0.0000
  vertex 7.7847 57.5625 5.0000
 endloop
endfacet
facet normal -0.321453 -0.946925 0.000000
 outer loop
  vertex 7.7847 57.5625 0.0000
  vertex 7.9210 57.5163 0.0000
  vertex 7.9210 57.5163 5.0000
 endloop
endfacet
facet normal -0.946930 0.321439 0.000000
 outer loop
  vertex 8.5163 56.0790 0.0000
  vertex 8.5163 56.0790 5.0000
  vertex 8.5625 56.2153 0.0000
 endloop
endfacet
facet normal -0.946930 -0.321439 0.000000
 outer loop
  vertex 8.5163 56.9210 0.0000
  vertex 8.5625 56.7847 0.0000
  vertex 8.5625 56.7847 5.0000
 endloop
endfacet
facet normal -0.896871 -0.442292 0.000000
 outer loop
  vertex 8.5163 56.9210 0.0000
  vertex 8.5163 56.9210 5.0000
  vertex 8.4526 57.0500 0.0000
 endloop
endfacet
facet normal -0.980785 0.195090 0.000000
 outer loop
  vertex 8.5625 56.2153 0.0000
  vertex 8.5625 56.2153 5.0000
  vertex 8.5906 56.3564 0.0000
 endloop
endfacet
facet normal -0.997859 0.065405 0.000000
 outer loop
  vertex 8.5906 56.3564 0.0000
  vertex 8.5906 56.3564 5.0000
  vertex 8.6000 56.5000 0.0000
 endloop
endfacet
facet normal -0.997859 -0.065405 0.000000
 outer loop
  vertex 8.6000 56.5000 0.0000
  vertex 8.6000 56.5000 5.0000
  vertex 8.5906 56.6436 0.0000
 endloop
endfacet
facet normal -0.980785 -0.195090 0.000000
 outer loop
  vertex 8.5906 56.6436 0.0000
  vertex 8.5906 56.6436 5.0000
  vertex 8.5625 56.7847 0.0000
 endloop
endfacet
facet normal -0.442273 -0.896881 0.000000
 outer loop
  vertex 7.9210 57.5163 0.0000
  vertex 8.0500 57.4526 0.0000
  vertex 8.0500 57.4526 5.0000
 endloop
endfacet
facet normal -0.659346 -0.751839 0.000000
 outer loop
  vertex 8.1696 57.3727 0.0000
  vertex 8.2778 57.2778 0.0000
  vertex 8.2778 57.2778 5.0000
 endloop
endfacet
facet normal -0.555578 -0.831465 0.000000
 outer loop
  vertex 8.0500 57.4526 0.0000
  vertex 8.1696 57.3727 0.0000
  vertex 8.1696 57.3727 5.0000
 endloop
endfacet
facet normal -0.751845 -0.659339 0.000000
 outer loop
  vertex 8.3727 57.1696 0.0000
  vertex 8.3727 57.1696 5.0000
  vertex 8.2778 57.2778 0.0000
 endloop
endfacet
facet normal -0.831466 -0.555576 0.000000
 outer loop
  vertex 8.3727 57.1696 0.0000
  vertex 8.4526 57.0500 0.0000
  vertex 8.4526 57.0500 5.0000
 endloop
endfacet
facet normal 0.896873 0.442289 -0.000000
 outer loop
  vertex 6.5474 55.9500 0.0000
  vertex 6.4837 56.0790 5.0000
  vertex 6.5474 55.9500 5.0000
 endloop
endfacet
facet normal 0.659348 0.751838 -0.000000
 outer loop
  vertex 6.8304 55.6273 0.0000
  vertex 6.7222 55.7222 5.0000
  vertex 6.8304 55.6273 5.0000
 endloop
endfacet
facet normal 0.831467 0.555574 -0.000000
 outer loop
  vertex 6.6273 55.8304 0.0000
  vertex 6.5474 55.9500 5.0000
  vertex 6.6273 55.8304 5.0000
 endloop
endfacet
facet normal 0.751842 0.659343 -0.000000
 outer loop
  vertex 6.7222 55.7222 0.0000
  vertex 6.6273 55.8304 5.0000
  vertex 6.7222 55.7222 5.0000
 endloop
endfacet
facet normal 0.321453 0.946925 -0.000000
 outer loop
  vertex 7.2153 55.4375 0.0000
  vertex 7.0790 55.4837 5.0000
  vertex 7.2153 55.4375 5.0000
 endloop
endfacet
facet normal 0.195075 0.980788 -0.000000
 outer loop
  vertex 7.3564 55.4094 0.0000
  vertex 7.2153 55.4375 5.0000
  vertex 7.3564 55.4094 5.0000
 endloop
endfacet
facet normal 0.555578 0.831465 -0.000000
 outer loop
  vertex 6.9500 55.5474 0.0000
  vertex 6.8304 55.6273 5.0000
  vertex 6.9500 55.5474 5.0000
 endloop
endfacet
facet normal 0.442273 0.896881 -0.000000
 outer loop
  vertex 7.0790 55.4837 0.0000
  vertex 6.9500 55.5474 5.0000
  vertex 7.0790 55.4837 5.0000
 endloop
endfacet
facet normal 0.065404 0.997859 -0.000000
 outer loop
  vertex 7.5000 55.4000 0.0000
  vertex 7.3564 55.4094 5.0000
  vertex 7.5000 55.4000 5.0000
 endloop
endfacet
facet normal -0.065404 0.997859 0.000000
 outer loop
  vertex 7.6436 55.4094 0.0000
  vertex 7.5000 55.4000 5.0000
  vertex 7.6436 55.4094 5.0000
 endloop
endfacet
facet normal -0.195075 0.980788 0.000000
 outer loop
  vertex 7.7847 55.4375 0.0000
  vertex 7.6436 55.4094 5.0000
  vertex 7.7847 55.4375 5.0000
 endloop
endfacet
facet normal -0.321453 0.946925 0.000000
 outer loop
  vertex 7.9210 55.4837 0.0000
  vertex 7.7847 55.4375 5.0000
  vertex 7.9210 55.4837 5.0000
 endloop
endfacet
facet normal -0.442273 0.896881 0.000000
 outer loop
  vertex 8.0500 55.5474 0.0000
  vertex 7.9210 55.4837 5.0000
  vertex 8.0500 55.5474 5.0000
 endloop
endfacet
facet normal -0.555578 0.831465 0.000000
 outer loop
  vertex 8.1696 55.6273 0.0000
  vertex 8.0500 55.5474 5.0000
  vertex 8.1696 55.6273 5.0000
 endloop
endfacet
facet normal -0.659346 0.751839 0.000000
 outer loop
  vertex 8.2778 55.7222 0.0000
  vertex 8.1696 55.6273 5.0000
  vertex 8.2778 55.7222 5.0000
 endloop
endfacet
facet normal -0.751845 0.659339 0.000000
 outer loop
  vertex 8.3727 55.8304 0.0000
  vertex 8.2778 55.7222 5.0000
  vertex 8.3727 55.8304 5.0000
 endloop
endfacet
facet normal -0.831466 0.555576 0.000000
 outer loop
  vertex 8.4526 55.9500 0.0000
  vertex 8.3727 55.8304 5.0000
  vertex 8.4526 55.9500 5.0000
 endloop
endfacet
facet normal 0.946928 0.321445 -0.000000
 outer loop
  vertex 6.4837 56.0790 0.0000
  vertex 6.4375 56.2153 5.0000
  vertex 6.4837 56.0790 5.0000
 endloop
endfacet
facet normal 0.997859 0.065402 -0.000000
 outer loop
  vertex 6.4094 56.3564 0.0000
  vertex 6.4000 56.5000 5.0000
  vertex 6.4094 56.3564 5.0000
 endloop
endfacet
facet normal 0.980786 0.195087 -0.000000
 outer loop
  vertex 6.4375 56.2153 0.0000
  vertex 6.4094 56.3564 5.0000
  vertex 6.4375 56.2153 5.0000
 endloop
endfacet
facet normal 0.997859 -0.065402 0.000000
 outer loop
  vertex 6.4000 56.5000 0.0000
  vertex 6.4094 56.6436 5.0000
  vertex 6.4000 56.5000 5.0000
 endloop
endfacet
facet normal 0.980786 -0.195087 0.000000
 outer loop
  vertex 6.4094 56.6436 0.0000
  vertex 6.4375 56.7847 5.0000
  vertex 6.4094 56.6436 5.0000
 endloop
endfacet
facet normal 0.946928 -0.321445 0.000000
 outer loop
  vertex 6.4375 56.7847 0.0000
  vertex 6.4837 56.9210 5.0000
  vertex 6.4375 56.7847 5.0000
 endloop
endfacet
facet normal 0.896873 -0.442289 0.000000
 outer loop
  vertex 6.4837 56.9210 0.0000
  vertex 6.5474 57.0500 5.0000
  vertex 6.4837 56.9210 5.0000
 endloop
endfacet
facet normal 0.831467 -0.555574 0.000000
 outer loop
  vertex 6.5474 57.0500 0.0000
  vertex 6.6273 57.1696 5.0000
  vertex 6.5474 57.0500 5.0000
 endloop
endfacet
facet normal 0.751842 -0.659343 0.000000
 outer loop
  vertex 6.6273 57.1696 0.0000
  vertex 6.7222 57.2778 5.0000
  vertex 6.6273 57.1696 5.0000
 endloop
endfacet
facet normal 0.659348 -0.751838 0.000000
 outer loop
  vertex 6.7222 57.2778 0.0000
  vertex 6.8304 57.3727 5.0000
  vertex 6.7222 57.2778 5.0000
 endloop
endfacet
facet normal 0.555578 -0.831465 0.000000
 outer loop
  vertex 6.8304 57.3727 0.0000
  vertex 6.9500 57.4526 5.0000
  vertex 6.8304 57.3727 5.0000
 endloop
endfacet
facet normal 0.442273 -0.896881 0.000000
 outer loop
  vertex 6.9500 57.4526 0.0000
  vertex 7.0790 57.5163 5.0000
  vertex 6.9500 57.4526 5.0000
 endloop
endfacet
facet normal 0.321453 -0.946925 0.000000
 outer loop
  vertex 7.0790 57.5163 0.0000
  vertex 7.2153 57.5625 5.0000
  vertex 7.0790 57.5163 5.0000
 endloop
endfacet
facet normal 0.195075 -0.980788 0.000000
 outer loop
  vertex 7.2153 57.5625 0.0000
  vertex 7.3564 57.5906 5.0000
  vertex 7.2153 57.5625 5.0000
 endloop
endfacet
facet normal 0.065404 -0.997859 0.000000
 outer loop
  vertex 7.3564 57.5906 0.0000
  vertex 7.5000 57.6000 5.0000
  vertex 7.3564 57.5906 5.0000
 endloop
endfacet
facet normal -0.442273 -0.896881 0.000000
 outer loop
  vertex 7.9210 57.5163 0.0000
  vertex 8.0500 57.4526 5.0000
  vertex 7.9210 57.5163 5.0000
 endloop
endfacet
facet normal -0.065404 -0.997859 0.000000
 outer loop
  vertex 7.5000 57.6000 0.0000
  vertex 7.6436 57.5906 5.0000
  vertex 7.5000 57.6000 5.0000
 endloop
endfacet
facet normal -0.195075 -0.980788 0.000000
 outer loop
  vertex 7.6436 57.5906 0.0000
  vertex 7.7847 57.5625 5.0000
  vertex 7.6436 57.5906 5.0000
 endloop
endfacet
facet normal -0.321453 -0.946925 0.000000
 outer loop
  vertex 7.7847 57.5625 0.0000
  vertex 7.9210 57.5163 5.0000
  vertex 7.7847 57.5625 5.0000
 endloop
endfacet
facet normal -0.896871 0.442292 0.000000
 outer loop
  vertex 8.5163 56.0790 0.0000
  vertex 8.4526 55.9500 5.0000
  vertex 8.5163 56.0790 5.0000
 endloop
endfacet
facet normal -0.946930 0.321439 0.000000
 outer loop
  vertex 8.5625 56.2153 0.0000
  vertex 8.5163 56.0790 5.0000
  vertex 8.5625 56.2153 5.0000
 endloop
endfacet
facet normal -0.946930 -0.321439 0.000000
 outer loop
  vertex 8.5163 56.9210 0.0000
  vertex 8.5625 56.7847 5.0000
  vertex 8.5163 56.9210 5.0000
 endloop
endfacet
facet normal -0.980785 0.195090 0.000000
 outer loop
  vertex 8.5906 56.3564 0.0000
  vertex 8.5625 56.2153 5.0000
  vertex 8.5906 56.3564 5.0000
 endloop
endfacet
facet normal -0.997859 0.065405 0.000000
 outer loop
  vertex 8.6000 56.5000 0.0000
  vertex 8.5906 56.3564 5.0000
  vertex 8.6000 56.5000 5.0000
 endloop
endfacet
facet normal -0.997859 -0.065405 0.000000
 outer loop
  vertex 8.5906 56.6436 0.0000
  vertex 8.6000 56.5000 5.0000
  vertex 8.5906 56.6436 5.0000
 endloop
endfacet
facet normal -0.980785 -0.195090 0.000000
 outer loop
  vertex 8.5625 56.7847 0.0000
  vertex 8.5906 56.6436 5.0000
  vertex 8.5625 56.7847 5.0000
 endloop
endfacet
facet normal -0.555578 -0.831465 0.000000
 outer loop
  vertex 8.0500 57.4526 0.0000
  vertex 8.1696 57.3727 5.0000
  vertex 8.0500 57.4526 5.0000
 endloop
endfacet
facet normal -0.659346 -0.751839 0.000000
 outer loop
  vertex 8.1696 57.3727 0.0000
  vertex 8.2778 57.2778 5.0000
  vertex 8.1696 57.3727 5.0000
 endloop
endfacet
facet normal -0.751845 -0.659339 0.000000
 outer loop
  vertex 8.2778 57.2778 0.0000
  vertex 8.3727 57.1696 5.0000
  vertex 8.2778 57.2778 5.0000
 endloop
endfacet
facet normal -0.831466 -0.555576 0.000000
 outer loop
  vertex 8.3727 57.1696 0.0000
  vertex 8.4526 57.0500 5.0000
  vertex 8.3727 57.1696 5.0000
 endloop
endfacet
facet normal -0.896871 -0.442292 0.000000
 outer loop
  vertex 8.4526 57.0500 0.0000
  vertex 8.5163 56.9210 5.0000
  vertex 8.4526 57.0500 5.0000
 endloop
endfacet
facet normal -0.831468 -0.555573 0.000000
 outer loop
  vertex 63.1199 5.6737 2.0000
  vertex 62.9019 6.0000 5.0000
  vertex 62.9019 6.0000 2.0000
 endloop
endfacet
facet normal -0.751840 -0.659346 0.000000
 outer loop
  vertex 63.1199 5.6737 2.0000
  vertex 63.3787 5.3787 2.0000
  vertex 63.1199 5.6737 5.0000
 endloop
endfacet
facet normal -0.659346 -0.751840 0.000000
 outer loop
  vertex 63.3787 5.3787 2.0000
  vertex 63.6737 5.1199 2.0000
  vertex 63.3787 5.3787 5.0000
 endloop
endfacet
facet normal -0.555572 -0.831468 0.000000
 outer loop
  vertex 63.6737 5.1199 2.0000
  vertex 64.0000 4.9019 2.0000
  vertex 63.6737 5.1199 5.0000
 endloop
endfacet
facet normal -0.946929 -0.321443 0.000000
 outer loop
  vertex 62.7284 6.3519 2.0000
  vertex 62.6022 6.7235 5.0000
  vertex 62.6022 6.7235 2.0000
 endloop
endfacet
facet normal -0.980785 -0.195090 0.000000
 outer loop
  vertex 62.6022 6.7235 2.0000
  vertex 62.5257 7.1084 5.0000
  vertex 62.5257 7.1084 2.0000
 endloop
endfacet
facet normal -0.997859 -0.065403 0.000000
 outer loop
  vertex 62.5257 7.1084 2.0000
  vertex 62.5000 7.5000 5.0000
  vertex 62.5000 7.5000 2.0000
 endloop
endfacet
facet normal -0.997859 0.065403 0.000000
 outer loop
  vertex 62.5000 7.5000 2.0000
  vertex 62.5257 7.8916 5.0000
  vertex 62.5257 7.8916 2.0000
 endloop
endfacet
facet normal -0.896874 -0.442286 0.000000
 outer loop
  vertex 62.7284 6.3519 2.0000
  vertex 62.9019 6.0000 2.0000
  vertex 62.7284 6.3519 5.0000
 endloop
endfacet
facet normal -0.980785 0.195091 0.000000
 outer loop
  vertex 62.5257 7.8916 2.0000
  vertex 62.6022 8.2765 5.0000
  vertex 62.6022 8.2765 2.0000
 endloop
endfacet
facet normal -0.946929 0.321443 0.000000
 outer loop
  vertex 62.6022 8.2765 2.0000
  vertex 62.7284 8.6481 5.0000
  vertex 62.7284 8.6481 2.0000
 endloop
endfacet
facet normal -0.896874 0.442286 0.000000
 outer loop
  vertex 62.7284 8.6481 2.0000
  vertex 62.9019 9.0000 5.0000
  vertex 62.9019 9.0000 2.0000
 endloop
endfacet
facet normal -0.831468 0.555573 0.000000
 outer loop
  vertex 62.9019 9.0000 2.0000
  vertex 63.1199 9.3263 5.0000
  vertex 63.1199 9.3263 2.0000
 endloop
endfacet
facet normal -0.751840 0.659345 0.000000
 outer loop
  vertex 63.1199 9.3263 2.0000
  vertex 63.3787 9.6213 5.0000
  vertex 63.3787 9.6213 2.0000
 endloop
endfacet
facet normal -0.659345 0.751840 0.000000
 outer loop
  vertex 63.3787 9.6213 2.0000
  vertex 63.6737 9.8801 5.0000
  vertex 63.6737 9.8801 2.0000
 endloop
endfacet
facet normal -0.442286 -0.896874 0.000000
 outer loop
  vertex 64.0000 4.9019 2.0000
  vertex 64.3520 4.7284 2.0000
  vertex 64.0000 4.9019 5.0000
 endloop
endfacet
facet normal -0.321443 -0.946929 0.000000
 outer loop
  vertex 64.3520 4.7284 2.0000
  vertex 64.7235 4.6022 2.0000
  vertex 64.3520 4.7284 5.0000
 endloop
endfacet
facet normal -0.195090 -0.980785 0.000000
 outer loop
  vertex 64.7235 4.6022 2.0000
  vertex 65.1084 4.5257 2.0000
  vertex 64.7235 4.6022 5.0000
 endloop
endfacet
facet normal -0.065402 -0.997859 0.000000
 outer loop
  vertex 65.1084 4.5257 2.0000
  vertex 65.3912 4.5071 2.0000
  vertex 65.1084 4.5257 5.0000
 endloop
endfacet
facet normal 0.555538 -0.831491 0.000000
 outer loop
  vertex 67.2700 5.0823 2.0000
  vertex 67.3263 5.1199 2.0000
  vertex 67.2700 5.0823 5.0000
 endloop
endfacet
facet normal 0.659346 -0.751840 0.000000
 outer loop
  vertex 67.3263 5.1199 2.0000
  vertex 67.6213 5.3787 2.0000
  vertex 67.3263 5.1199 5.0000
 endloop
endfacet
facet normal 0.751845 -0.659340 0.000000
 outer loop
  vertex 67.6213 5.3787 2.0000
  vertex 67.8801 5.6737 2.0000
  vertex 67.6213 5.3787 5.0000
 endloop
endfacet
facet normal 0.831468 -0.555573 0.000000
 outer loop
  vertex 67.8801 5.6737 2.0000
  vertex 68.0981 6.0000 2.0000
  vertex 67.8801 5.6737 5.0000
 endloop
endfacet
facet normal 0.896874 -0.442286 0.000000
 outer loop
  vertex 68.0981 6.0000 2.0000
  vertex 68.2716 6.3519 2.0000
  vertex 68.0981 6.0000 5.0000
 endloop
endfacet
facet normal 0.946932 -0.321435 0.000000
 outer loop
  vertex 68.2716 6.3519 2.0000
  vertex 68.3978 6.7235 2.0000
  vertex 68.2716 6.3519 5.0000
 endloop
endfacet
facet normal 0.980783 -0.195100 0.000000
 outer loop
  vertex 68.3978 6.7235 2.0000
  vertex 68.4743 7.1084 2.0000
  vertex 68.3978 6.7235 5.0000
 endloop
endfacet
facet normal 0.997859 -0.065403 0.000000
 outer loop
  vertex 68.4743 7.1084 2.0000
  vertex 68.5000 7.5000 2.0000
  vertex 68.4743 7.1084 5.0000
 endloop
endfacet
facet normal 0.997859 0.065403 -0.000000
 outer loop
  vertex 68.5000 7.5000 2.0000
  vertex 68.4743 7.8916 2.0000
  vertex 68.5000 7.5000 5.0000
 endloop
endfacet
facet normal -0.555571 0.831469 0.000000
 outer loop
  vertex 63.6737 9.8801 2.0000
  vertex 64.0000 10.0981 5.0000
  vertex 64.0000 10.0981 2.0000
 endloop
endfacet
facet normal -0.442288 0.896873 0.000000
 outer loop
  vertex 64.0000 10.0981 2.0000
  vertex 64.3520 10.2716 5.0000
  vertex 64.3520 10.2716 2.0000
 endloop
endfacet
facet normal -0.321442 0.946929 0.000000
 outer loop
  vertex 64.3520 10.2716 2.0000
  vertex 64.7235 10.3978 5.0000
  vertex 64.7235 10.3978 2.0000
 endloop
endfacet
facet normal -0.195090 0.980785 0.000000
 outer loop
  vertex 64.7235 10.3978 2.0000
  vertex 65.1084 10.4743 5.0000
  vertex 65.1084 10.4743 2.0000
 endloop
endfacet
facet normal -0.065403 0.997859 0.000000
 outer loop
  vertex 65.1084 10.4743 2.0000
  vertex 65.5000 10.5000 5.0000
  vertex 65.5000 10.5000 2.0000
 endloop
endfacet
facet normal 0.065403 0.997859 0.000000
 outer loop
  vertex 65.5000 10.5000 2.0000
  vertex 65.8916 10.4743 5.0000
  vertex 65.8916 10.4743 2.0000
 endloop
endfacet
facet normal 0.195090 0.980785 0.000000
 outer loop
  vertex 65.8916 10.4743 2.0000
  vertex 66.2765 10.3978 5.0000
  vertex 66.2765 10.3978 2.0000
 endloop
endfacet
facet normal 0.555567 0.831472 -0.000000
 outer loop
  vertex 67.3263 9.8801 2.0000
  vertex 67.0000 10.0981 2.0000
  vertex 67.3263 9.8801 5.0000
 endloop
endfacet
facet normal 0.946932 0.321434 -0.000000
 outer loop
  vertex 68.3978 8.2765 2.0000
  vertex 68.2716 8.6481 2.0000
  vertex 68.3978 8.2765 5.0000
 endloop
endfacet
facet normal 0.896874 0.442286 -0.000000
 outer loop
  vertex 68.2716 8.6481 2.0000
  vertex 68.0981 9.0000 2.0000
  vertex 68.2716 8.6481 5.0000
 endloop
endfacet
facet normal 0.751845 0.659340 0.000000
 outer loop
  vertex 67.6213 9.6213 2.0000
  vertex 67.8801 9.3263 5.0000
  vertex 67.8801 9.3263 2.0000
 endloop
endfacet
facet normal 0.659345 0.751840 0.000000
 outer loop
  vertex 67.3263 9.8801 2.0000
  vertex 67.6213 9.6213 5.0000
  vertex 67.6213 9.6213 2.0000
 endloop
endfacet
facet normal 0.831468 0.555573 -0.000000
 outer loop
  vertex 68.0981 9.0000 2.0000
  vertex 67.8801 9.3263 2.0000
  vertex 68.0981 9.0000 5.0000
 endloop
endfacet
facet normal 0.321442 0.946929 0.000000
 outer loop
  vertex 66.2765 10.3978 2.0000
  vertex 66.6480 10.2716 5.0000
  vertex 66.6480 10.2716 2.0000
 endloop
endfacet
facet normal 0.442288 0.896873 0.000000
 outer loop
  vertex 66.6480 10.2716 2.0000
  vertex 67.0000 10.0981 5.0000
  vertex 67.0000 10.0981 2.0000
 endloop
endfacet
facet normal 0.980783 0.195100 -0.000000
 outer loop
  vertex 68.4743 7.8916 2.0000
  vertex 68.3978 8.2765 2.0000
  vertex 68.4743 7.8916 5.0000
 endloop
endfacet
facet normal -0.751840 -0.659346 0.000000
 outer loop
  vertex 63.3787 5.3787 2.0000
  vertex 63.3787 5.3787 5.0000
  vertex 63.1199 5.6737 5.0000
 endloop
endfacet
facet normal -0.831468 -0.555573 0.000000
 outer loop
  vertex 63.1199 5.6737 2.0000
  vertex 63.1199 5.6737 5.0000
  vertex 62.9019 6.0000 5.0000
 endloop
endfacet
facet normal -0.659346 -0.751840 0.000000
 outer loop
  vertex 63.6737 5.1199 2.0000
  vertex 63.6737 5.1199 5.0000
  vertex 63.3787 5.3787 5.0000
 endloop
endfacet
facet normal -0.946929 -0.321443 0.000000
 outer loop
  vertex 62.7284 6.3519 2.0000
  vertex 62.7284 6.3519 5.0000
  vertex 62.6022 6.7235 5.0000
 endloop
endfacet
facet normal -0.980785 -0.195090 0.000000
 outer loop
  vertex 62.6022 6.7235 2.0000
  vertex 62.6022 6.7235 5.0000
  vertex 62.5257 7.1084 5.0000
 endloop
endfacet
facet normal -0.997859 -0.065403 0.000000
 outer loop
  vertex 62.5257 7.1084 2.0000
  vertex 62.5257 7.1084 5.0000
  vertex 62.5000 7.5000 5.0000
 endloop
endfacet
facet normal -0.997859 0.065403 0.000000
 outer loop
  vertex 62.5000 7.5000 2.0000
  vertex 62.5000 7.5000 5.0000
  vertex 62.5257 7.8916 5.0000
 endloop
endfacet
facet normal -0.896874 -0.442286 0.000000
 outer loop
  vertex 62.9019 6.0000 2.0000
  vertex 62.9019 6.0000 5.0000
  vertex 62.7284 6.3519 5.0000
 endloop
endfacet
facet normal 0.000000 -0.000000 1.000000
 outer loop
  vertex 62.7284 6.3519 5.0000
  vertex 62.7284 8.6481 5.0000
  vertex 62.6022 6.7235 5.0000
 endloop
endfacet
facet normal 0.000000 -0.000000 1.000000
 outer loop
  vertex 62.6022 6.7235 5.0000
  vertex 62.6022 8.2765 5.0000
  vertex 62.5257 7.1084 5.0000
 endloop
endfacet
facet normal 0.000000 -0.000000 1.000000
 outer loop
  vertex 62.5257 7.1084 5.0000
  vertex 62.5257 7.8916 5.0000
  vertex 62.5000 7.5000 5.0000
 endloop
endfacet
facet normal 0.000000 0.000000 1.000000
 outer loop
  vertex 62.5257 7.1084 5.0000
  vertex 62.6022 8.2765 5.0000
  vertex 62.5257 7.8916 5.0000
 endloop
endfacet
facet normal 0.000000 0.000000 1.000000
 outer loop
  vertex 62.6022 6.7235 5.0000
  vertex 62.7284 8.6481 5.0000
  vertex 62.6022 8.2765 5.0000
 endloop
endfacet
facet normal -0.000000 0.000000 1.000000
 outer loop
  vertex 63.1199 5.6737 5.0000
  vertex 63.3787 5.3787 5.0000
  vertex 63.3787 9.6213 5.0000
 endloop
endfacet
facet normal -0.000000 0.000000 1.000000
 outer loop
  vertex 63.3787 5.3787 5.0000
  vertex 63.6737 5.1199 5.0000
  vertex 63.6737 9.8801 5.0000
 endloop
endfacet
facet normal -0.000000 0.000000 1.000000
 outer loop
  vertex 62.7284 6.3519 5.0000
  vertex 62.9019 6.0000 5.0000
  vertex 62.9019 9.0000 5.0000
 endloop
endfacet
facet normal 0.000000 -0.000000 1.000000
 outer loop
  vertex 63.1199 5.6737 5.0000
  vertex 63.1199 9.3263 5.0000
  vertex 62.9019 6.0000 5.0000
 endloop
endfacet
facet normal -0.980785 0.195091 0.000000
 outer loop
  vertex 62.5257 7.8916 2.0000
  vertex 62.5257 7.8916 5.0000
  vertex 62.6022 8.2765 5.0000
 endloop
endfacet
facet normal -0.946929 0.321443 0.000000
 outer loop
  vertex 62.6022 8.2765 2.0000
  vertex 62.6022 8.2765 5.0000
  vertex 62.7284 8.6481 5.0000
 endloop
endfacet
facet normal -0.896874 0.442286 0.000000
 outer loop
  vertex 62.7284 8.6481 2.0000
  vertex 62.7284 8.6481 5.0000
  vertex 62.9019 9.0000 5.0000
 endloop
endfacet
facet normal -0.831468 0.555573 0.000000
 outer loop
  vertex 62.9019 9.0000 2.0000
  vertex 62.9019 9.0000 5.0000
  vertex 63.1199 9.3263 5.0000
 endloop
endfacet
facet normal -0.751840 0.659345 0.000000
 outer loop
  vertex 63.1199 9.3263 2.0000
  vertex 63.1199 9.3263 5.0000
  vertex 63.3787 9.6213 5.0000
 endloop
endfacet
facet normal -0.659345 0.751840 0.000000
 outer loop
  vertex 63.3787 9.6213 2.0000
  vertex 63.3787 9.6213 5.0000
  vertex 63.6737 9.8801 5.0000
 endloop
endfacet
facet normal -0.555571 0.831469 0.000000
 outer loop
  vertex 63.6737 9.8801 2.0000
  vertex 63.6737 9.8801 5.0000
  vertex 64.0000 10.0981 5.0000
 endloop
endfacet
facet normal 0.000000 0.000000 1.000000
 outer loop
  vertex 62.7284 6.3519 5.0000
  vertex 62.9019 9.0000 5.0000
  vertex 62.7284 8.6481 5.0000
 endloop
endfacet
facet normal 0.000000 0.000000 1.000000
 outer loop
  vertex 62.9019 6.0000 5.0000
  vertex 63.1199 9.3263 5.0000
  vertex 62.9019 9.0000 5.0000
 endloop
endfacet
facet normal 0.000000 0.000000 1.000000
 outer loop
  vertex 63.1199 5.6737 5.0000
  vertex 63.3787 9.6213 5.0000
  vertex 63.1199 9.3263 5.0000
 endloop
endfacet
facet normal 0.000000 0.000000 1.000000
 outer loop
  vertex 63.3787 5.3787 5.0000
  vertex 63.6737 9.8801 5.0000
  vertex 63.3787 9.6213 5.0000
 endloop
endfacet
facet normal 0.000000 0.000000 1.000000
 outer loop
  vertex 63.6737 5.1199 5.0000
  vertex 64.0000 10.0981 5.0000
  vertex 63.6737 9.8801 5.0000
 endloop
endfacet
facet normal -0.555572 -0.831468 0.000000
 outer loop
  vertex 64.0000 4.9019 2.0000
  vertex 64.0000 4.9019 5.0000
  vertex 63.6737 5.1199 5.0000
 endloop
endfacet
facet normal -0.442286 -0.896874 0.000000
 outer loop
  vertex 64.3520 4.7284 2.0000
  vertex 64.3520 4.7284 5.0000
  vertex 64.0000 4.9019 5.0000
 endloop
endfacet
facet normal -0.321443 -0.946929 0.000000
 outer loop
  vertex 64.7235 4.6022 2.0000
  vertex 64.7235 4.6022 5.0000
  vertex 64.3520 4.7284 5.0000
 endloop
endfacet
facet normal -0.195090 -0.980785 0.000000
 outer loop
  vertex 65.1084 4.5257 2.0000
  vertex 65.1084 4.5257 5.0000
  vertex 64.7235 4.6022 5.0000
 endloop
endfacet
facet normal -0.065402 -0.997859 0.000000
 outer loop
  vertex 65.3912 4.5071 2.0000
  vertex 65.3912 4.5071 5.0000
  vertex 65.1084 4.5257 5.0000
 endloop
endfacet
facet normal 0.555538 -0.831491 0.000000
 outer loop
  vertex 67.3263 5.1199 2.0000
  vertex 67.3263 5.1199 5.0000
  vertex 67.2700 5.0823 5.0000
 endloop
endfacet
facet normal 0.659346 -0.751840 0.000000
 outer loop
  vertex 67.6213 5.3787 2.0000
  vertex 67.6213 5.3787 5.0000
  vertex 67.3263 5.1199 5.0000
 endloop
endfacet
facet normal 0.751845 -0.659340 0.000000
 outer loop
  vertex 67.8801 5.6737 2.0000
  vertex 67.8801 5.6737 5.0000
  vertex 67.6213 5.3787 5.0000
 endloop
endfacet
facet normal 0.831468 -0.555573 0.000000
 outer loop
  vertex 68.0981 6.0000 2.0000
  vertex 68.0981 6.0000 5.0000
  vertex 67.8801 5.6737 5.0000
 endloop
endfacet
facet normal 0.896874 -0.442286 0.000000
 outer loop
  vertex 68.2716 6.3519 2.0000
  vertex 68.2716 6.3519 5.0000
  vertex 68.0981 6.0000 5.0000
 endloop
endfacet
facet normal 0.946932 -0.321435 0.000000
 outer loop
  vertex 68.3978 6.7235 2.0000
  vertex 68.3978 6.7235 5.0000
  vertex 68.2716 6.3519 5.0000
 endloop
endfacet
facet normal 0.980783 -0.195100 0.000000
 outer loop
  vertex 68.4743 7.1084 2.0000
  vertex 68.4743 7.1084 5.0000
  vertex 68.3978 6.7235 5.0000
 endloop
endfacet
facet normal 0.997859 -0.065403 0.000000
 outer loop
  vertex 68.5000 7.5000 2.0000
  vertex 68.5000 7.5000 5.0000
  vertex 68.4743 7.1084 5.0000
 endloop
endfacet
facet normal 0.997859 0.065403 -0.000000
 outer loop
  vertex 68.4743 7.8916 2.0000
  vertex 68.4743 7.8916 5.0000
  vertex 68.5000 7.5000 5.0000
 endloop
endfacet
facet normal -0.000000 0.000000 1.000000
 outer loop
  vertex 64.3520 4.7284 5.0000
  vertex 64.7235 4.6022 5.0000
  vertex 64.7222 6.7222 5.0000
 endloop
endfacet
facet normal -0.000000 0.000000 1.000000
 outer loop
  vertex 64.7235 4.6022 5.0000
  vertex 65.1084 4.5257 5.0000
  vertex 65.0790 6.4837 5.0000
 endloop
endfacet
facet normal 0.000000 -0.000000 1.000000
 outer loop
  vertex 64.7235 4.6022 5.0000
  vertex 64.8304 6.6273 5.0000
  vertex 64.7222 6.7222 5.0000
 endloop
endfacet
facet normal 0.000000 0.000000 1.000000
 outer loop
  vertex 64.7235 4.6022 5.0000
  vertex 64.9500 6.5474 5.0000
  vertex 64.8304 6.6273 5.0000
 endloop
endfacet
facet normal 0.000000 0.000000 1.000000
 outer loop
  vertex 64.7235 4.6022 5.0000
  vertex 65.0790 6.4837 5.0000
  vertex 64.9500 6.5474 5.0000
 endloop
endfacet
facet normal -0.000000 0.000000 1.000000
 outer loop
  vertex 65.1084 4.5257 5.0000
  vertex 65.3912 4.5071 5.0000
  vertex 65.3564 6.4094 5.0000
 endloop
endfacet
facet normal 0.000000 -0.000000 1.000000
 outer loop
  vertex 65.3912 4.5071 5.0000
  vertex 65.4781 4.5834 5.0000
  vertex 65.3564 6.4094 5.0000
 endloop
endfacet
facet normal 0.000000 0.000000 1.000000
 outer loop
  vertex 65.4781 4.5834 5.0000
  vertex 65.7500 4.7651 5.0000
  vertex 65.5000 6.4000 5.0000
 endloop
endfacet
facet normal 0.000000 -0.000000 1.000000
 outer loop
  vertex 65.1084 4.5257 5.0000
  vertex 65.2153 6.4375 5.0000
  vertex 65.0790 6.4837 5.0000
 endloop
endfacet
facet normal 0.000000 0.000000 1.000000
 outer loop
  vertex 65.1084 4.5257 5.0000
  vertex 65.3564 6.4094 5.0000
  vertex 65.2153 6.4375 5.0000
 endloop
endfacet
facet normal 0.000000 -0.000000 1.000000
 outer loop
  vertex 65.4781 4.5834 5.0000
  vertex 65.5000 6.4000 5.0000
  vertex 65.3564 6.4094 5.0000
 endloop
endfacet
facet normal 0.000000 0.000000 1.000000
 outer loop
  vertex 65.7500 4.7651 5.0000
  vertex 66.0433 4.9097 5.0000
  vertex 65.9210 6.4837 5.0000
 endloop
endfacet
facet normal 0.000000 0.000000 1.000000
 outer loop
  vertex 65.7500 4.7651 5.0000
  vertex 65.6436 6.4094 5.0000
  vertex 65.5000 6.4000 5.0000
 endloop
endfacet
facet normal 0.000000 -0.000000 1.000000
 outer loop
  vertex 65.7500 4.7651 5.0000
  vertex 65.7847 6.4375 5.0000
  vertex 65.6436 6.4094 5.0000
 endloop
endfacet
facet normal 0.000000 0.000000 1.000000
 outer loop
  vertex 65.7500 4.7651 5.0000
  vertex 65.9210 6.4837 5.0000
  vertex 65.7847 6.4375 5.0000
 endloop
endfacet
facet normal 0.000000 -0.000000 1.000000
 outer loop
  vertex 66.0433 4.9097 5.0000
  vertex 66.0500 6.5474 5.0000
  vertex 65.9210 6.4837 5.0000
 endloop
endfacet
facet normal 0.000000 0.000000 1.000000
 outer loop
  vertex 64.3520 4.7284 5.0000
  vertex 64.4837 7.0790 5.0000
  vertex 64.4375 7.2153 5.0000
 endloop
endfacet
facet normal 0.000000 0.000000 1.000000
 outer loop
  vertex 64.3520 4.7284 5.0000
  vertex 64.4375 7.2153 5.0000
  vertex 64.4094 7.3564 5.0000
 endloop
endfacet
facet normal -0.000000 0.000000 1.000000
 outer loop
  vertex 63.6737 5.1199 5.0000
  vertex 64.0000 4.9019 5.0000
  vertex 64.0000 10.0981 5.0000
 endloop
endfacet
facet normal -0.000000 0.000000 1.000000
 outer loop
  vertex 64.0000 4.9019 5.0000
  vertex 64.3520 4.7284 5.0000
  vertex 64.3520 10.2716 5.0000
 endloop
endfacet
facet normal 0.000000 0.000000 1.000000
 outer loop
  vertex 64.3520 4.7284 5.0000
  vertex 64.4094 7.3564 5.0000
  vertex 64.4000 7.5000 5.0000
 endloop
endfacet
facet normal 0.000000 0.000000 1.000000
 outer loop
  vertex 64.3520 4.7284 5.0000
  vertex 64.7222 6.7222 5.0000
  vertex 64.6273 6.8304 5.0000
 endloop
endfacet
facet normal 0.000000 0.000000 1.000000
 outer loop
  vertex 64.3520 4.7284 5.0000
  vertex 64.6273 6.8304 5.0000
  vertex 64.5474 6.9500 5.0000
 endloop
endfacet
facet normal 0.000000 0.000000 1.000000
 outer loop
  vertex 64.3520 4.7284 5.0000
  vertex 64.5474 6.9500 5.0000
  vertex 64.4837 7.0790 5.0000
 endloop
endfacet
facet normal 0.000000 0.000000 1.000000
 outer loop
  vertex 64.3520 4.7284 5.0000
  vertex 64.4000 7.5000 5.0000
  vertex 64.3520 10.2716 5.0000
 endloop
endfacet
facet normal 0.000000 0.000000 1.000000
 outer loop
  vertex 66.0433 4.9097 5.0000
  vertex 66.1696 6.6273 5.0000
  vertex 66.0500 6.5474 5.0000
 endloop
endfacet
facet normal 0.000000 0.000000 1.000000
 outer loop
  vertex 66.0433 4.9097 5.0000
  vertex 66.3530 5.0148 5.0000
  vertex 66.3727 6.8304 5.0000
 endloop
endfacet
facet normal 0.000000 0.000000 1.000000
 outer loop
  vertex 66.3530 5.0148 5.0000
  vertex 66.6737 5.0786 5.0000
  vertex 66.3727 6.8304 5.0000
 endloop
endfacet
facet normal 0.000000 0.000000 1.000000
 outer loop
  vertex 66.0433 4.9097 5.0000
  vertex 66.2778 6.7222 5.0000
  vertex 66.1696 6.6273 5.0000
 endloop
endfacet
facet normal 0.000000 0.000000 1.000000
 outer loop
  vertex 66.0433 4.9097 5.0000
  vertex 66.3727 6.8304 5.0000
  vertex 66.2778 6.7222 5.0000
 endloop
endfacet
facet normal 0.000000 0.000000 1.000000
 outer loop
  vertex 66.6737 5.0786 5.0000
  vertex 66.4526 6.9500 5.0000
  vertex 66.3727 6.8304 5.0000
 endloop
endfacet
facet normal 0.000000 0.000000 1.000000
 outer loop
  vertex 66.6737 5.0786 5.0000
  vertex 66.5163 7.0790 5.0000
  vertex 66.4526 6.9500 5.0000
 endloop
endfacet
facet normal 0.000000 0.000000 1.000000
 outer loop
  vertex 66.6737 5.0786 5.0000
  vertex 66.5625 7.2153 5.0000
  vertex 66.5163 7.0790 5.0000
 endloop
endfacet
facet normal 0.000000 0.000000 1.000000
 outer loop
  vertex 66.6737 5.0786 5.0000
  vertex 66.5906 7.3564 5.0000
  vertex 66.5625 7.2153 5.0000
 endloop
endfacet
facet normal 0.000000 0.000000 1.000000
 outer loop
  vertex 66.6737 5.0786 5.0000
  vertex 66.6000 7.5000 5.0000
  vertex 66.5906 7.3564 5.0000
 endloop
endfacet
facet normal 0.000000 0.000000 1.000000
 outer loop
  vertex 66.6737 5.0786 5.0000
  vertex 67.0000 5.1000 5.0000
  vertex 67.0000 10.0981 5.0000
 endloop
endfacet
facet normal -0.000000 0.000000 1.000000
 outer loop
  vertex 67.0000 5.1000 5.0000
  vertex 67.2700 5.0823 5.0000
  vertex 67.3263 9.8801 5.0000
 endloop
endfacet
facet normal 0.000000 0.000000 1.000000
 outer loop
  vertex 66.6737 5.0786 5.0000
  vertex 66.6480 10.2716 5.0000
  vertex 66.6000 7.5000 5.0000
 endloop
endfacet
facet normal 0.000000 0.000000 1.000000
 outer loop
  vertex 67.2700 5.0823 5.0000
  vertex 67.3263 5.1199 5.0000
  vertex 67.3263 9.8801 5.0000
 endloop
endfacet
facet normal 0.000000 0.000000 1.000000
 outer loop
  vertex 67.3263 5.1199 5.0000
  vertex 67.6213 5.3787 5.0000
  vertex 67.6213 9.6213 5.0000
 endloop
endfacet
facet normal 0.000000 0.000000 1.000000
 outer loop
  vertex 67.6213 5.3787 5.0000
  vertex 67.8801 5.6737 5.0000
  vertex 67.8801 9.3263 5.0000
 endloop
endfacet
facet normal 0.000000 0.000000 1.000000
 outer loop
  vertex 67.8801 5.6737 5.0000
  vertex 68.0981 6.0000 5.0000
  vertex 68.0981 9.0000 5.0000
 endloop
endfacet
facet normal 0.000000 0.000000 1.000000
 outer loop
  vertex 68.0981 6.0000 5.0000
  vertex 68.2716 6.3519 5.0000
  vertex 68.2716 8.6481 5.0000
 endloop
endfacet
facet normal 0.000000 0.000000 1.000000
 outer loop
  vertex 68.2716 6.3519 5.0000
  vertex 68.3978 6.7235 5.0000
  vertex 68.3978 8.2765 5.0000
 endloop
endfacet
facet normal 0.000000 0.000000 1.000000
 outer loop
  vertex 68.3978 6.7235 5.0000
  vertex 68.4743 7.8916 5.0000
  vertex 68.3978 8.2765 5.0000
 endloop
endfacet
facet normal 0.000000 0.000000 1.000000
 outer loop
  vertex 68.0981 6.0000 5.0000
  vertex 68.2716 8.6481 5.0000
  vertex 68.0981 9.0000 5.0000
 endloop
endfacet
facet normal 0.000000 0.000000 1.000000
 outer loop
  vertex 68.2716 6.3519 5.0000
  vertex 68.3978 8.2765 5.0000
  vertex 68.2716 8.6481 5.0000
 endloop
endfacet
facet normal 0.000000 0.000000 1.000000
 outer loop
  vertex 68.3978 6.7235 5.0000
  vertex 68.4743 7.1084 5.0000
  vertex 68.4743 7.8916 5.0000
 endloop
endfacet
facet normal 0.000000 0.000000 1.000000
 outer loop
  vertex 68.4743 7.1084 5.0000
  vertex 68.5000 7.5000 5.0000
  vertex 68.4743 7.8916 5.0000
 endloop
endfacet
facet normal -0.442288 0.896873 0.000000
 outer loop
  vertex 64.0000 10.0981 2.0000
  vertex 64.0000 10.0981 5.0000
  vertex 64.3520 10.2716 5.0000
 endloop
endfacet
facet normal -0.321442 0.946929 0.000000
 outer loop
  vertex 64.3520 10.2716 2.0000
  vertex 64.3520 10.2716 5.0000
  vertex 64.7235 10.3978 5.0000
 endloop
endfacet
facet normal -0.195090 0.980785 0.000000
 outer loop
  vertex 64.7235 10.3978 2.0000
  vertex 64.7235 10.3978 5.0000
  vertex 65.1084 10.4743 5.0000
 endloop
endfacet
facet normal -0.065403 0.997859 0.000000
 outer loop
  vertex 65.1084 10.4743 2.0000
  vertex 65.1084 10.4743 5.0000
  vertex 65.5000 10.5000 5.0000
 endloop
endfacet
facet normal 0.065403 0.997859 -0.000000
 outer loop
  vertex 65.5000 10.5000 2.0000
  vertex 65.5000 10.5000 5.0000
  vertex 65.8916 10.4743 5.0000
 endloop
endfacet
facet normal 0.195090 0.980785 -0.000000
 outer loop
  vertex 65.8916 10.4743 2.0000
  vertex 65.8916 10.4743 5.0000
  vertex 66.2765 10.3978 5.0000
 endloop
endfacet
facet normal 0.980783 0.195100 -0.000000
 outer loop
  vertex 68.3978 8.2765 2.0000
  vertex 68.3978 8.2765 5.0000
  vertex 68.4743 7.8916 5.0000
 endloop
endfacet
facet normal 0.946932 0.321434 -0.000000
 outer loop
  vertex 68.2716 8.6481 2.0000
  vertex 68.2716 8.6481 5.0000
  vertex 68.3978 8.2765 5.0000
 endloop
endfacet
facet normal 0.896874 0.442286 -0.000000
 outer loop
  vertex 68.0981 9.0000 2.0000
  vertex 68.0981 9.0000 5.0000
  vertex 68.2716 8.6481 5.0000
 endloop
endfacet
facet normal 0.659345 0.751840 -0.000000
 outer loop
  vertex 67.3263 9.8801 2.0000
  vertex 67.3263 9.8801 5.0000
  vertex 67.6213 9.6213 5.0000
 endloop
endfacet
facet normal 0.751845 0.659340 -0.000000
 outer loop
  vertex 67.6213 9.6213 2.0000
  vertex 67.6213 9.6213 5.0000
  vertex 67.8801 9.3263 5.0000
 endloop
endfacet
facet normal 0.831468 0.555573 -0.000000
 outer loop
  vertex 67.8801 9.3263 2.0000
  vertex 67.8801 9.3263 5.0000
  vertex 68.0981 9.0000 5.0000
 endloop
endfacet
facet normal 0.321442 0.946929 -0.000000
 outer loop
  vertex 66.2765 10.3978 2.0000
  vertex 66.2765 10.3978 5.0000
  vertex 66.6480 10.2716 5.0000
 endloop
endfacet
facet normal 0.442288 0.896873 -0.000000
 outer loop
  vertex 66.6480 10.2716 2.0000
  vertex 66.6480 10.2716 5.0000
  vertex 67.0000 10.0981 5.0000
 endloop
endfacet
facet normal 0.555567 0.831472 -0.000000
 outer loop
  vertex 67.0000 10.0981 2.0000
  vertex 67.0000 10.0981 5.0000
  vertex 67.3263 9.8801 5.0000
 endloop
endfacet
facet normal 0.000000 0.000000 1.000000
 outer loop
  vertex 64.0000 4.9019 5.0000
  vertex 64.3520 10.2716 5.0000
  vertex 64.0000 10.0981 5.0000
 endloop
endfacet
facet normal 0.000000 -0.000000 1.000000
 outer loop
  vertex 64.4000 7.5000 5.0000
  vertex 64.4094 7.6436 5.0000
  vertex 64.3520 10.2716 5.0000
 endloop
endfacet
facet normal 0.000000 -0.000000 1.000000
 outer loop
  vertex 64.4094 7.6436 5.0000
  vertex 64.4375 7.7847 5.0000
  vertex 64.3520 10.2716 5.0000
 endloop
endfacet
facet normal 0.000000 -0.000000 1.000000
 outer loop
  vertex 64.4375 7.7847 5.0000
  vertex 64.4837 7.9210 5.0000
  vertex 64.3520 10.2716 5.0000
 endloop
endfacet
facet normal 0.000000 -0.000000 1.000000
 outer loop
  vertex 64.4837 7.9210 5.0000
  vertex 64.5474 8.0500 5.0000
  vertex 64.3520 10.2716 5.0000
 endloop
endfacet
facet normal 0.000000 -0.000000 1.000000
 outer loop
  vertex 64.5474 8.0500 5.0000
  vertex 64.6273 8.1696 5.0000
  vertex 64.3520 10.2716 5.0000
 endloop
endfacet
facet normal 0.000000 0.000000 1.000000
 outer loop
  vertex 64.6273 8.1696 5.0000
  vertex 64.7222 8.2778 5.0000
  vertex 64.7235 10.3978 5.0000
 endloop
endfacet
facet normal 0.000000 0.000000 1.000000
 outer loop
  vertex 64.7222 8.2778 5.0000
  vertex 64.8304 8.3727 5.0000
  vertex 64.7235 10.3978 5.0000
 endloop
endfacet
facet normal 0.000000 -0.000000 1.000000
 outer loop
  vertex 64.8304 8.3727 5.0000
  vertex 64.9500 8.4526 5.0000
  vertex 64.7235 10.3978 5.0000
 endloop
endfacet
facet normal 0.000000 -0.000000 1.000000
 outer loop
  vertex 64.9500 8.4526 5.0000
  vertex 65.0790 8.5163 5.0000
  vertex 64.7235 10.3978 5.0000
 endloop
endfacet
facet normal 0.000000 -0.000000 1.000000
 outer loop
  vertex 64.6273 8.1696 5.0000
  vertex 64.7235 10.3978 5.0000
  vertex 64.3520 10.2716 5.0000
 endloop
endfacet
facet normal 0.000000 -0.000000 1.000000
 outer loop
  vertex 65.0790 8.5163 5.0000
  vertex 65.1084 10.4743 5.0000
  vertex 64.7235 10.3978 5.0000
 endloop
endfacet
facet normal 0.000000 0.000000 1.000000
 outer loop
  vertex 65.0790 8.5163 5.0000
  vertex 65.2153 8.5625 5.0000
  vertex 65.1084 10.4743 5.0000
 endloop
endfacet
facet normal 0.000000 -0.000000 1.000000
 outer loop
  vertex 65.2153 8.5625 5.0000
  vertex 65.3564 8.5906 5.0000
  vertex 65.1084 10.4743 5.0000
 endloop
endfacet
facet normal 0.000000 -0.000000 1.000000
 outer loop
  vertex 65.3564 8.5906 5.0000
  vertex 65.5000 8.6000 5.0000
  vertex 65.1084 10.4743 5.0000
 endloop
endfacet
facet normal -0.000000 0.000000 1.000000
 outer loop
  vertex 65.5000 8.6000 5.0000
  vertex 65.6436 8.5906 5.0000
  vertex 65.5000 10.5000 5.0000
 endloop
endfacet
facet normal 0.000000 -0.000000 1.000000
 outer loop
  vertex 65.5000 8.6000 5.0000
  vertex 65.5000 10.5000 5.0000
  vertex 65.1084 10.4743 5.0000
 endloop
endfacet
facet normal -0.000000 0.000000 1.000000
 outer loop
  vertex 65.6436 8.5906 5.0000
  vertex 65.7847 8.5625 5.0000
  vertex 65.8916 10.4743 5.0000
 endloop
endfacet
facet normal -0.000000 0.000000 1.000000
 outer loop
  vertex 65.7847 8.5625 5.0000
  vertex 65.9210 8.5163 5.0000
  vertex 65.8916 10.4743 5.0000
 endloop
endfacet
facet normal 0.000000 -0.000000 1.000000
 outer loop
  vertex 66.0500 8.4526 5.0000
  vertex 66.2765 10.3978 5.0000
  vertex 65.9210 8.5163 5.0000
 endloop
endfacet
facet normal 0.000000 -0.000000 1.000000
 outer loop
  vertex 65.6436 8.5906 5.0000
  vertex 65.8916 10.4743 5.0000
  vertex 65.5000 10.5000 5.0000
 endloop
endfacet
facet normal 0.000000 -0.000000 1.000000
 outer loop
  vertex 65.9210 8.5163 5.0000
  vertex 66.2765 10.3978 5.0000
  vertex 65.8916 10.4743 5.0000
 endloop
endfacet
facet normal 0.000000 -0.000000 1.000000
 outer loop
  vertex 66.6000 7.5000 5.0000
  vertex 66.6480 10.2716 5.0000
  vertex 66.5906 7.6436 5.0000
 endloop
endfacet
facet normal 0.000000 -0.000000 1.000000
 outer loop
  vertex 66.3727 8.1696 5.0000
  vertex 66.6480 10.2716 5.0000
  vertex 66.2778 8.2778 5.0000
 endloop
endfacet
facet normal 0.000000 -0.000000 1.000000
 outer loop
  vertex 66.5625 7.7847 5.0000
  vertex 66.6480 10.2716 5.0000
  vertex 66.5163 7.9210 5.0000
 endloop
endfacet
facet normal 0.000000 -0.000000 1.000000
 outer loop
  vertex 66.5163 7.9210 5.0000
  vertex 66.6480 10.2716 5.0000
  vertex 66.4526 8.0500 5.0000
 endloop
endfacet
facet normal 0.000000 -0.000000 1.000000
 outer loop
  vertex 66.5906 7.6436 5.0000
  vertex 66.6480 10.2716 5.0000
  vertex 66.5625 7.7847 5.0000
 endloop
endfacet
facet normal -0.000000 0.000000 1.000000
 outer loop
  vertex 66.3727 8.1696 5.0000
  vertex 66.4526 8.0500 5.0000
  vertex 66.6480 10.2716 5.0000
 endloop
endfacet
facet normal 0.000000 -0.000000 1.000000
 outer loop
  vertex 66.6737 5.0786 5.0000
  vertex 67.0000 10.0981 5.0000
  vertex 66.6480 10.2716 5.0000
 endloop
endfacet
facet normal 0.000000 0.000000 1.000000
 outer loop
  vertex 67.0000 5.1000 5.0000
  vertex 67.3263 9.8801 5.0000
  vertex 67.0000 10.0981 5.0000
 endloop
endfacet
facet normal -0.000000 0.000000 1.000000
 outer loop
  vertex 66.0500 8.4526 5.0000
  vertex 66.1696 8.3727 5.0000
  vertex 66.2765 10.3978 5.0000
 endloop
endfacet
facet normal -0.000000 0.000000 1.000000
 outer loop
  vertex 66.1696 8.3727 5.0000
  vertex 66.2778 8.2778 5.0000
  vertex 66.2765 10.3978 5.0000
 endloop
endfacet
facet normal 0.000000 -0.000000 1.000000
 outer loop
  vertex 66.2778 8.2778 5.0000
  vertex 66.6480 10.2716 5.0000
  vertex 66.2765 10.3978 5.0000
 endloop
endfacet
facet normal 0.000000 0.000000 1.000000
 outer loop
  vertex 67.3263 5.1199 5.0000
  vertex 67.6213 9.6213 5.0000
  vertex 67.3263 9.8801 5.0000
 endloop
endfacet
facet normal 0.000000 0.000000 1.000000
 outer loop
  vertex 67.6213 5.3787 5.0000
  vertex 67.8801 9.3263 5.0000
  vertex 67.6213 9.6213 5.0000
 endloop
endfacet
facet normal 0.000000 0.000000 1.000000
 outer loop
  vertex 67.8801 5.6737 5.0000
  vertex 68.0981 9.0000 5.0000
  vertex 67.8801 9.3263 5.0000
 endloop
endfacet
facet normal 0.831465 0.555578 -0.000000
 outer loop
  vertex 64.5474 6.9500 0.0000
  vertex 64.5474 6.9500 5.0000
  vertex 64.6273 6.8304 0.0000
 endloop
endfacet
facet normal 0.751838 0.659348 0.000000
 outer loop
  vertex 64.7222 6.7222 0.0000
  vertex 64.6273 6.8304 0.0000
  vertex 64.6273 6.8304 5.0000
 endloop
endfacet
facet normal 0.555574 0.831467 -0.000000
 outer loop
  vertex 64.8304 6.6273 0.0000
  vertex 64.8304 6.6273 5.0000
  vertex 64.9500 6.5474 0.0000
 endloop
endfacet
facet normal 0.659356 0.751831 -0.000000
 outer loop
  vertex 64.7222 6.7222 0.0000
  vertex 64.7222 6.7222 5.0000
  vertex 64.8304 6.6273 0.0000
 endloop
endfacet
facet normal 0.442278 0.896878 -0.000000
 outer loop
  vertex 64.9500 6.5474 0.0000
  vertex 64.9500 6.5474 5.0000
  vertex 65.0790 6.4837 0.0000
 endloop
endfacet
facet normal 0.980778 0.195126 0.000000
 outer loop
  vertex 64.4375 7.2153 0.0000
  vertex 64.4094 7.3564 0.0000
  vertex 64.4094 7.3564 5.0000
 endloop
endfacet
facet normal 0.997861 0.065378 0.000000
 outer loop
  vertex 64.4094 7.3564 0.0000
  vertex 64.4000 7.5000 0.0000
  vertex 64.4000 7.5000 5.0000
 endloop
endfacet
facet normal 0.997861 -0.065378 0.000000
 outer loop
  vertex 64.4000 7.5000 0.0000
  vertex 64.4094 7.6436 0.0000
  vertex 64.4094 7.6436 5.0000
 endloop
endfacet
facet normal 0.980778 -0.195126 0.000000
 outer loop
  vertex 64.4094 7.6436 0.0000
  vertex 64.4375 7.7847 0.0000
  vertex 64.4375 7.7847 5.0000
 endloop
endfacet
facet normal 0.896881 0.442273 0.000000
 outer loop
  vertex 64.5474 6.9500 0.0000
  vertex 64.4837 7.0790 0.0000
  vertex 64.4837 7.0790 5.0000
 endloop
endfacet
facet normal 0.946934 0.321430 -0.000000
 outer loop
  vertex 64.4375 7.2153 0.0000
  vertex 64.4375 7.2153 5.0000
  vertex 64.4837 7.0790 0.0000
 endloop
endfacet
facet normal 0.946934 -0.321430 0.000000
 outer loop
  vertex 64.4375 7.7847 0.0000
  vertex 64.4837 7.9210 0.0000
  vertex 64.4837 7.9210 5.0000
 endloop
endfacet
facet normal 0.321436 0.946931 -0.000000
 outer loop
  vertex 65.0790 6.4837 0.0000
  vertex 65.0790 6.4837 5.0000
  vertex 65.2153 6.4375 0.0000
 endloop
endfacet
facet normal 0.195092 0.980785 -0.000000
 outer loop
  vertex 65.2153 6.4375 0.0000
  vertex 65.2153 6.4375 5.0000
  vertex 65.3564 6.4094 0.0000
 endloop
endfacet
facet normal 0.065402 0.997859 -0.000000
 outer loop
  vertex 65.3564 6.4094 0.0000
  vertex 65.3564 6.4094 5.0000
  vertex 65.5000 6.4000 0.0000
 endloop
endfacet
facet normal -0.065402 0.997859 0.000000
 outer loop
  vertex 65.5000 6.4000 0.0000
  vertex 65.5000 6.4000 5.0000
  vertex 65.6436 6.4094 0.0000
 endloop
endfacet
facet normal -0.195092 0.980785 0.000000
 outer loop
  vertex 65.6436 6.4094 0.0000
  vertex 65.6436 6.4094 5.0000
  vertex 65.7847 6.4375 0.0000
 endloop
endfacet
facet normal -0.321436 0.946931 0.000000
 outer loop
  vertex 65.7847 6.4375 0.0000
  vertex 65.7847 6.4375 5.0000
  vertex 65.9210 6.4837 0.0000
 endloop
endfacet
facet normal -0.442278 0.896878 0.000000
 outer loop
  vertex 65.9210 6.4837 0.0000
  vertex 65.9210 6.4837 5.0000
  vertex 66.0500 6.5474 0.0000
 endloop
endfacet
facet normal -0.555574 0.831467 0.000000
 outer loop
  vertex 66.0500 6.5474 0.0000
  vertex 66.0500 6.5474 5.0000
  vertex 66.1696 6.6273 0.0000
 endloop
endfacet
facet normal -0.659356 0.751831 0.000000
 outer loop
  vertex 66.1696 6.6273 0.0000
  vertex 66.1696 6.6273 5.0000
  vertex 66.2778 6.7222 0.0000
 endloop
endfacet
facet normal -0.751838 0.659348 0.000000
 outer loop
  vertex 66.2778 6.7222 0.0000
  vertex 66.2778 6.7222 5.0000
  vertex 66.3727 6.8304 0.0000
 endloop
endfacet
facet normal -0.831465 0.555578 0.000000
 outer loop
  vertex 66.3727 6.8304 0.0000
  vertex 66.3727 6.8304 5.0000
  vertex 66.4526 6.9500 0.0000
 endloop
endfacet
facet normal -0.896881 0.442273 0.000000
 outer loop
  vertex 66.4526 6.9500 0.0000
  vertex 66.4526 6.9500 5.0000
  vertex 66.5163 7.0790 0.0000
 endloop
endfacet
facet normal -0.946934 0.321430 0.000000
 outer loop
  vertex 66.5163 7.0790 0.0000
  vertex 66.5163 7.0790 5.0000
  vertex 66.5625 7.2153 0.0000
 endloop
endfacet
facet normal -0.980778 0.195126 0.000000
 outer loop
  vertex 66.5625 7.2153 0.0000
  vertex 66.5625 7.2153 5.0000
  vertex 66.5906 7.3564 0.0000
 endloop
endfacet
facet normal -0.997861 0.065378 0.000000
 outer loop
  vertex 66.5906 7.3564 0.0000
  vertex 66.5906 7.3564 5.0000
  vertex 66.6000 7.5000 0.0000
 endloop
endfacet
facet normal -0.980778 -0.195126 0.000000
 outer loop
  vertex 66.5906 7.6436 0.0000
  vertex 66.5906 7.6436 5.0000
  vertex 66.5625 7.7847 0.0000
 endloop
endfacet
facet normal -0.997861 -0.065378 0.000000
 outer loop
  vertex 66.6000 7.5000 0.0000
  vertex 66.6000 7.5000 5.0000
  vertex 66.5906 7.6436 0.0000
 endloop
endfacet
facet normal -0.946934 -0.321430 0.000000
 outer loop
  vertex 66.5625 7.7847 0.0000
  vertex 66.5625 7.7847 5.0000
  vertex 66.5163 7.9210 0.0000
 endloop
endfacet
facet normal -0.896881 -0.442273 0.000000
 outer loop
  vertex 66.5163 7.9210 0.0000
  vertex 66.5163 7.9210 5.0000
  vertex 66.4526 8.0500 0.0000
 endloop
endfacet
facet normal 0.896881 -0.442273 0.000000
 outer loop
  vertex 64.4837 7.9210 0.0000
  vertex 64.5474 8.0500 0.0000
  vertex 64.5474 8.0500 5.0000
 endloop
endfacet
facet normal 0.831465 -0.555578 0.000000
 outer loop
  vertex 64.5474 8.0500 0.0000
  vertex 64.6273 8.1696 0.0000
  vertex 64.6273 8.1696 5.0000
 endloop
endfacet
facet normal 0.751839 -0.659346 0.000000
 outer loop
  vertex 64.6273 8.1696 0.0000
  vertex 64.7222 8.2778 0.0000
  vertex 64.7222 8.2778 5.0000
 endloop
endfacet
facet normal 0.659353 -0.751834 0.000000
 outer loop
  vertex 64.7222 8.2778 0.0000
  vertex 64.8304 8.3727 0.0000
  vertex 64.8304 8.3727 5.0000
 endloop
endfacet
facet normal 0.555576 -0.831466 0.000000
 outer loop
  vertex 64.8304 8.3727 0.0000
  vertex 64.9500 8.4526 0.0000
  vertex 64.9500 8.4526 5.0000
 endloop
endfacet
facet normal 0.442281 -0.896877 0.000000
 outer loop
  vertex 64.9500 8.4526 0.0000
  vertex 65.0790 8.5163 0.0000
  vertex 65.0790 8.5163 5.0000
 endloop
endfacet
facet normal 0.321431 -0.946933 0.000000
 outer loop
  vertex 65.0790 8.5163 0.0000
  vertex 65.2153 8.5625 0.0000
  vertex 65.2153 8.5625 5.0000
 endloop
endfacet
facet normal 0.195095 -0.980784 0.000000
 outer loop
  vertex 65.2153 8.5625 0.0000
  vertex 65.3564 8.5906 0.0000
  vertex 65.3564 8.5906 5.0000
 endloop
endfacet
facet normal 0.065405 -0.997859 0.000000
 outer loop
  vertex 65.3564 8.5906 0.0000
  vertex 65.5000 8.6000 0.0000
  vertex 65.5000 8.6000 5.0000
 endloop
endfacet
facet normal -0.442281 -0.896877 0.000000
 outer loop
  vertex 66.0500 8.4526 0.0000
  vertex 66.0500 8.4526 5.0000
  vertex 65.9210 8.5163 0.0000
 endloop
endfacet
facet normal -0.555576 -0.831466 0.000000
 outer loop
  vertex 66.0500 8.4526 0.0000
  vertex 66.1696 8.3727 0.0000
  vertex 66.1696 8.3727 5.0000
 endloop
endfacet
facet normal -0.065405 -0.997859 0.000000
 outer loop
  vertex 65.5000 8.6000 0.0000
  vertex 65.6436 8.5906 0.0000
  vertex 65.6436 8.5906 5.0000
 endloop
endfacet
facet normal -0.195095 -0.980784 0.000000
 outer loop
  vertex 65.6436 8.5906 0.0000
  vertex 65.7847 8.5625 0.0000
  vertex 65.7847 8.5625 5.0000
 endloop
endfacet
facet normal -0.321431 -0.946933 0.000000
 outer loop
  vertex 65.7847 8.5625 0.0000
  vertex 65.9210 8.5163 0.0000
  vertex 65.9210 8.5163 5.0000
 endloop
endfacet
facet normal -0.831465 -0.555578 0.000000
 outer loop
  vertex 66.3727 8.1696 0.0000
  vertex 66.4526 8.0500 0.0000
  vertex 66.4526 8.0500 5.0000
 endloop
endfacet
facet normal -0.751839 -0.659346 0.000000
 outer loop
  vertex 66.3727 8.1696 0.0000
  vertex 66.3727 8.1696 5.0000
  vertex 66.2778 8.2778 0.0000
 endloop
endfacet
facet normal -0.659353 -0.751834 0.000000
 outer loop
  vertex 66.1696 8.3727 0.0000
  vertex 66.2778 8.2778 0.0000
  vertex 66.2778 8.2778 5.0000
 endloop
endfacet
facet normal 0.896881 0.442273 -0.000000
 outer loop
  vertex 64.5474 6.9500 0.0000
  vertex 64.4837 7.0790 5.0000
  vertex 64.5474 6.9500 5.0000
 endloop
endfacet
facet normal 0.831465 0.555578 -0.000000
 outer loop
  vertex 64.6273 6.8304 0.0000
  vertex 64.5474 6.9500 5.0000
  vertex 64.6273 6.8304 5.0000
 endloop
endfacet
facet normal 0.751838 0.659348 -0.000000
 outer loop
  vertex 64.7222 6.7222 0.0000
  vertex 64.6273 6.8304 5.0000
  vertex 64.7222 6.7222 5.0000
 endloop
endfacet
facet normal 0.659356 0.751831 -0.000000
 outer loop
  vertex 64.8304 6.6273 0.0000
  vertex 64.7222 6.7222 5.0000
  vertex 64.8304 6.6273 5.0000
 endloop
endfacet
facet normal 0.555574 0.831467 -0.000000
 outer loop
  vertex 64.9500 6.5474 0.0000
  vertex 64.8304 6.6273 5.0000
  vertex 64.9500 6.5474 5.0000
 endloop
endfacet
facet normal 0.980778 0.195126 -0.000000
 outer loop
  vertex 64.4375 7.2153 0.0000
  vertex 64.4094 7.3564 5.0000
  vertex 64.4375 7.2153 5.0000
 endloop
endfacet
facet normal 0.997861 0.065378 -0.000000
 outer loop
  vertex 64.4094 7.3564 0.0000
  vertex 64.4000 7.5000 5.0000
  vertex 64.4094 7.3564 5.0000
 endloop
endfacet
facet normal 0.997861 -0.065378 0.000000
 outer loop
  vertex 64.4000 7.5000 0.0000
  vertex 64.4094 7.6436 5.0000
  vertex 64.4000 7.5000 5.0000
 endloop
endfacet
facet normal 0.980778 -0.195126 0.000000
 outer loop
  vertex 64.4094 7.6436 0.0000
  vertex 64.4375 7.7847 5.0000
  vertex 64.4094 7.6436 5.0000
 endloop
endfacet
facet normal 0.946934 0.321430 -0.000000
 outer loop
  vertex 64.4837 7.0790 0.0000
  vertex 64.4375 7.2153 5.0000
  vertex 64.4837 7.0790 5.0000
 endloop
endfacet
facet normal 0.946934 -0.321430 0.000000
 outer loop
  vertex 64.4375 7.7847 0.0000
  vertex 64.4837 7.9210 5.0000
  vertex 64.4375 7.7847 5.0000
 endloop
endfacet
facet normal 0.896881 -0.442273 0.000000
 outer loop
  vertex 64.4837 7.9210 0.0000
  vertex 64.5474 8.0500 5.0000
  vertex 64.4837 7.9210 5.0000
 endloop
endfacet
facet normal 0.321436 0.946931 -0.000000
 outer loop
  vertex 65.2153 6.4375 0.0000
  vertex 65.0790 6.4837 5.0000
  vertex 65.2153 6.4375 5.0000
 endloop
endfacet
facet normal 0.195092 0.980785 -0.000000
 outer loop
  vertex 65.3564 6.4094 0.0000
  vertex 65.2153 6.4375 5.0000
  vertex 65.3564 6.4094 5.0000
 endloop
endfacet
facet normal 0.065402 0.997859 -0.000000
 outer loop
  vertex 65.5000 6.4000 0.0000
  vertex 65.3564 6.4094 5.0000
  vertex 65.5000 6.4000 5.0000
 endloop
endfacet
facet normal 0.442278 0.896878 -0.000000
 outer loop
  vertex 65.0790 6.4837 0.0000
  vertex 64.9500 6.5474 5.0000
  vertex 65.0790 6.4837 5.0000
 endloop
endfacet
facet normal -0.065402 0.997859 0.000000
 outer loop
  vertex 65.6436 6.4094 0.0000
  vertex 65.5000 6.4000 5.0000
  vertex 65.6436 6.4094 5.0000
 endloop
endfacet
facet normal -0.195092 0.980785 0.000000
 outer loop
  vertex 65.7847 6.4375 0.0000
  vertex 65.6436 6.4094 5.0000
  vertex 65.7847 6.4375 5.0000
 endloop
endfacet
facet normal -0.321436 0.946931 0.000000
 outer loop
  vertex 65.9210 6.4837 0.0000
  vertex 65.7847 6.4375 5.0000
  vertex 65.9210 6.4837 5.0000
 endloop
endfacet
facet normal -0.442278 0.896878 0.000000
 outer loop
  vertex 66.0500 6.5474 0.0000
  vertex 65.9210 6.4837 5.0000
  vertex 66.0500 6.5474 5.0000
 endloop
endfacet
facet normal -0.555574 0.831467 0.000000
 outer loop
  vertex 66.1696 6.6273 0.0000
  vertex 66.0500 6.5474 5.0000
  vertex 66.1696 6.6273 5.0000
 endloop
endfacet
facet normal -0.659356 0.751831 0.000000
 outer loop
  vertex 66.2778 6.7222 0.0000
  vertex 66.1696 6.6273 5.0000
  vertex 66.2778 6.7222 5.0000
 endloop
endfacet
facet normal -0.751838 0.659348 0.000000
 outer loop
  vertex 66.3727 6.8304 0.0000
  vertex 66.2778 6.7222 5.0000
  vertex 66.3727 6.8304 5.0000
 endloop
endfacet
facet normal -0.831465 0.555578 0.000000
 outer loop
  vertex 66.4526 6.9500 0.0000
  vertex 66.3727 6.8304 5.0000
  vertex 66.4526 6.9500 5.0000
 endloop
endfacet
facet normal -0.896881 0.442273 0.000000
 outer loop
  vertex 66.5163 7.0790 0.0000
  vertex 66.4526 6.9500 5.0000
  vertex 66.5163 7.0790 5.0000
 endloop
endfacet
facet normal -0.946934 0.321430 0.000000
 outer loop
  vertex 66.5625 7.2153 0.0000
  vertex 66.5163 7.0790 5.0000
  vertex 66.5625 7.2153 5.0000
 endloop
endfacet
facet normal -0.980778 0.195126 0.000000
 outer loop
  vertex 66.5906 7.3564 0.0000
  vertex 66.5625 7.2153 5.0000
  vertex 66.5906 7.3564 5.0000
 endloop
endfacet
facet normal -0.997861 0.065378 0.000000
 outer loop
  vertex 66.6000 7.5000 0.0000
  vertex 66.5906 7.3564 5.0000
  vertex 66.6000 7.5000 5.0000
 endloop
endfacet
facet normal -0.980778 -0.195126 0.000000
 outer loop
  vertex 66.5625 7.7847 0.0000
  vertex 66.5906 7.6436 5.0000
  vertex 66.5625 7.7847 5.0000
 endloop
endfacet
facet normal -0.997861 -0.065378 0.000000
 outer loop
  vertex 66.5906 7.6436 0.0000
  vertex 66.6000 7.5000 5.0000
  vertex 66.5906 7.6436 5.0000
 endloop
endfacet
facet normal -0.946934 -0.321430 0.000000
 outer loop
  vertex 66.5163 7.9210 0.0000
  vertex 66.5625 7.7847 5.0000
  vertex 66.5163 7.9210 5.0000
 endloop
endfacet
facet normal 0.831465 -0.555578 0.000000
 outer loop
  vertex 64.5474 8.0500 0.0000
  vertex 64.6273 8.1696 5.0000
  vertex 64.5474 8.0500 5.0000
 endloop
endfacet
facet normal 0.751839 -0.659346 0.000000
 outer loop
  vertex 64.6273 8.1696 0.0000
  vertex 64.7222 8.2778 5.0000
  vertex 64.6273 8.1696 5.0000
 endloop
endfacet
facet normal 0.659353 -0.751834 0.000000
 outer loop
  vertex 64.7222 8.2778 0.0000
  vertex 64.8304 8.3727 5.0000
  vertex 64.7222 8.2778 5.0000
 endloop
endfacet
facet normal 0.555576 -0.831466 0.000000
 outer loop
  vertex 64.8304 8.3727 0.0000
  vertex 64.9500 8.4526 5.0000
  vertex 64.8304 8.3727 5.0000
 endloop
endfacet
facet normal 0.442281 -0.896877 0.000000
 outer loop
  vertex 64.9500 8.4526 0.0000
  vertex 65.0790 8.5163 5.0000
  vertex 64.9500 8.4526 5.0000
 endloop
endfacet
facet normal 0.321431 -0.946933 0.000000
 outer loop
  vertex 65.0790 8.5163 0.0000
  vertex 65.2153 8.5625 5.0000
  vertex 65.0790 8.5163 5.0000
 endloop
endfacet
facet normal 0.195095 -0.980784 0.000000
 outer loop
  vertex 65.2153 8.5625 0.0000
  vertex 65.3564 8.5906 5.0000
  vertex 65.2153 8.5625 5.0000
 endloop
endfacet
facet normal 0.065405 -0.997859 0.000000
 outer loop
  vertex 65.3564 8.5906 0.0000
  vertex 65.5000 8.6000 5.0000
  vertex 65.3564 8.5906 5.0000
 endloop
endfacet
facet normal -0.065405 -0.997859 0.000000
 outer loop
  vertex 65.5000 8.6000 0.0000
  vertex 65.6436 8.5906 5.0000
  vertex 65.5000 8.6000 5.0000
 endloop
endfacet
facet normal -0.442281 -0.896877 0.000000
 outer loop
  vertex 65.9210 8.5163 0.0000
  vertex 66.0500 8.4526 5.0000
  vertex 65.9210 8.5163 5.0000
 endloop
endfacet
facet normal -0.555576 -0.831466 0.000000
 outer loop
  vertex 66.0500 8.4526 0.0000
  vertex 66.1696 8.3727 5.0000
  vertex 66.0500 8.4526 5.0000
 endloop
endfacet
facet normal -0.195095 -0.980784 0.000000
 outer loop
  vertex 65.6436 8.5906 0.0000
  vertex 65.7847 8.5625 5.0000
  vertex 65.6436 8.5906 5.0000
 endloop
endfacet
facet normal -0.321431 -0.946933 0.000000
 outer loop
  vertex 65.7847 8.5625 0.0000
  vertex 65.9210 8.5163 5.0000
  vertex 65.7847 8.5625 5.0000
 endloop
endfacet
facet normal -0.751839 -0.659346 0.000000
 outer loop
  vertex 66.2778 8.2778 0.0000
  vertex 66.3727 8.1696 5.0000
  vertex 66.2778 8.2778 5.0000
 endloop
endfacet
facet normal -0.831465 -0.555578 0.000000
 outer loop
  vertex 66.3727 8.1696 0.0000
  vertex 66.4526 8.0500 5.0000
  vertex 66.3727 8.1696 5.0000
 endloop
endfacet
facet normal -0.659353 -0.751834 0.000000
 outer loop
  vertex 66.1696 8.3727 0.0000
  vertex 66.2778 8.2778 5.0000
  vertex 66.1696 8.3727 5.0000
 endloop
endfacet
facet normal -0.896881 -0.442273 0.000000
 outer loop
  vertex 66.4526 8.0500 0.0000
  vertex 66.5163 7.9210 5.0000
  vertex 66.4526 8.0500 5.0000
 endloop
endfacet
facet normal -0.946928 -0.321446 0.000000
 outer loop
  vertex 62.7284 55.3520 2.0000
  vertex 62.6022 55.7235 5.0000
  vertex 62.6022 55.7235 2.0000
 endloop
endfacet
facet normal -0.980785 -0.195090 0.000000
 outer loop
  vertex 62.6022 55.7235 2.0000
  vertex 62.5257 56.1084 5.0000
  vertex 62.5257 56.1084 2.0000
 endloop
endfacet
facet normal -0.831467 -0.555575 0.000000
 outer loop
  vertex 63.1199 54.6737 2.0000
  vertex 62.9019 55.0000 5.0000
  vertex 62.9019 55.0000 2.0000
 endloop
endfacet
facet normal -0.751840 -0.659345 0.000000
 outer loop
  vertex 63.1199 54.6737 2.0000
  vertex 63.3787 54.3787 2.0000
  vertex 63.1199 54.6737 5.0000
 endloop
endfacet
facet normal -0.659345 -0.751840 0.000000
 outer loop
  vertex 63.3787 54.3787 2.0000
  vertex 63.6737 54.1199 2.0000
  vertex 63.3787 54.3787 5.0000
 endloop
endfacet
facet normal -0.555575 -0.831467 0.000000
 outer loop
  vertex 63.6737 54.1199 2.0000
  vertex 64.0000 53.9019 2.0000
  vertex 63.6737 54.1199 5.0000
 endloop
endfacet
facet normal -0.896875 -0.442284 0.000000
 outer loop
  vertex 62.7284 55.3520 2.0000
  vertex 62.9019 55.0000 2.0000
  vertex 62.7284 55.3520 5.0000
 endloop
endfacet
facet normal -0.997859 -0.065403 0.000000
 outer loop
  vertex 62.5257 56.1084 2.0000
  vertex 62.5000 56.5000 5.0000
  vertex 62.5000 56.5000 2.0000
 endloop
endfacet
facet normal -0.997859 0.065403 0.000000
 outer loop
  vertex 62.5000 56.5000 2.0000
  vertex 62.5257 56.8916 5.0000
  vertex 62.5257 56.8916 2.0000
 endloop
endfacet
facet normal -0.980785 0.195090 0.000000
 outer loop
  vertex 62.5257 56.8916 2.0000
  vertex 62.6022 57.2765 5.0000
  vertex 62.6022 57.2765 2.0000
 endloop
endfacet
facet normal -0.946928 0.321446 0.000000
 outer loop
  vertex 62.6022 57.2765 2.0000
  vertex 62.7284 57.6480 5.0000
  vertex 62.7284 57.6480 2.0000
 endloop
endfacet
facet normal -0.896875 0.442284 0.000000
 outer loop
  vertex 62.7284 57.6480 2.0000
  vertex 62.9019 58.0000 5.0000
  vertex 62.9019 58.0000 2.0000
 endloop
endfacet
facet normal -0.831467 0.555575 0.000000
 outer loop
  vertex 62.9019 58.0000 2.0000
  vertex 63.1199 58.3263 5.0000
  vertex 63.1199 58.3263 2.0000
 endloop
endfacet
facet normal -0.751840 0.659345 0.000000
 outer loop
  vertex 63.1199 58.3263 2.0000
  vertex 63.3787 58.6213 5.0000
  vertex 63.3787 58.6213 2.0000
 endloop
endfacet
facet normal -0.659345 0.751840 0.000000
 outer loop
  vertex 63.3787 58.6213 2.0000
  vertex 63.6737 58.8801 5.0000
  vertex 63.6737 58.8801 2.0000
 endloop
endfacet
facet normal -0.442284 -0.896875 0.000000
 outer loop
  vertex 64.0000 53.9019 2.0000
  vertex 64.3520 53.7284 2.0000
  vertex 64.0000 53.9019 5.0000
 endloop
endfacet
facet normal -0.321446 -0.946928 0.000000
 outer loop
  vertex 64.3520 53.7284 2.0000
  vertex 64.7235 53.6022 2.0000
  vertex 64.3520 53.7284 5.0000
 endloop
endfacet
facet normal -0.195090 -0.980785 0.000000
 outer loop
  vertex 64.7235 53.6022 2.0000
  vertex 65.1084 53.5257 2.0000
  vertex 64.7235 53.6022 5.0000
 endloop
endfacet
facet normal -0.065403 -0.997859 0.000000
 outer loop
  vertex 65.1084 53.5257 2.0000
  vertex 65.5000 53.5000 2.0000
  vertex 65.1084 53.5257 5.0000
 endloop
endfacet
facet normal 0.065403 -0.997859 0.000000
 outer loop
  vertex 65.5000 53.5000 2.0000
  vertex 65.8916 53.5257 2.0000
  vertex 65.5000 53.5000 5.0000
 endloop
endfacet
facet normal 0.195090 -0.980785 0.000000
 outer loop
  vertex 65.8916 53.5257 2.0000
  vertex 66.2765 53.6022 2.0000
  vertex 65.8916 53.5257 5.0000
 endloop
endfacet
facet normal 0.321446 -0.946928 0.000000
 outer loop
  vertex 66.2765 53.6022 2.0000
  vertex 66.6480 53.7284 2.0000
  vertex 66.2765 53.6022 5.0000
 endloop
endfacet
facet normal 0.442284 -0.896875 0.000000
 outer loop
  vertex 66.6480 53.7284 2.0000
  vertex 67.0000 53.9019 2.0000
  vertex 66.6480 53.7284 5.0000
 endloop
endfacet
facet normal 0.555570 -0.831470 0.000000
 outer loop
  vertex 67.0000 53.9019 2.0000
  vertex 67.3263 54.1199 2.0000
  vertex 67.0000 53.9019 5.0000
 endloop
endfacet
facet normal 0.659345 -0.751840 0.000000
 outer loop
  vertex 67.3263 54.1199 2.0000
  vertex 67.6213 54.3787 2.0000
  vertex 67.3263 54.1199 5.0000
 endloop
endfacet
facet normal 0.751845 -0.659340 0.000000
 outer loop
  vertex 67.6213 54.3787 2.0000
  vertex 67.8801 54.6737 2.0000
  vertex 67.6213 54.3787 5.0000
 endloop
endfacet
facet normal 0.831467 -0.555575 0.000000
 outer loop
  vertex 67.8801 54.6737 2.0000
  vertex 68.0981 55.0000 2.0000
  vertex 67.8801 54.6737 5.0000
 endloop
endfacet
facet normal 0.896875 -0.442284 0.000000
 outer loop
  vertex 68.0981 55.0000 2.0000
  vertex 68.2716 55.3520 2.0000
  vertex 68.0981 55.0000 5.0000
 endloop
endfacet
facet normal 0.946931 -0.321437 0.000000
 outer loop
  vertex 68.2716 55.3520 2.0000
  vertex 68.3978 55.7235 2.0000
  vertex 68.2716 55.3520 5.0000
 endloop
endfacet
facet normal 0.980784 -0.195099 0.000000
 outer loop
  vertex 68.3978 55.7235 2.0000
  vertex 68.4743 56.1084 2.0000
  vertex 68.3978 55.7235 5.0000
 endloop
endfacet
facet normal -0.555575 0.831467 0.000000
 outer loop
  vertex 63.6737 58.8801 2.0000
  vertex 64.0000 59.0981 5.0000
  vertex 64.0000 59.0981 2.0000
 endloop
endfacet
facet normal -0.442284 0.896875 0.000000
 outer loop
  vertex 64.0000 59.0981 2.0000
  vertex 64.3520 59.2716 5.0000
  vertex 64.3520 59.2716 2.0000
 endloop
endfacet
facet normal -0.321446 0.946928 0.000000
 outer loop
  vertex 64.3520 59.2716 2.0000
  vertex 64.7235 59.3978 5.0000
  vertex 64.7235 59.3978 2.0000
 endloop
endfacet
facet normal -0.195090 0.980785 0.000000
 outer loop
  vertex 64.7235 59.3978 2.0000
  vertex 65.1084 59.4743 5.0000
  vertex 65.1084 59.4743 2.0000
 endloop
endfacet
facet normal -0.065403 0.997859 0.000000
 outer loop
  vertex 65.1084 59.4743 2.0000
  vertex 65.5000 59.5000 5.0000
  vertex 65.5000 59.5000 2.0000
 endloop
endfacet
facet normal 0.065403 0.997859 0.000000
 outer loop
  vertex 65.5000 59.5000 2.0000
  vertex 65.8916 59.4743 5.0000
  vertex 65.8916 59.4743 2.0000
 endloop
endfacet
facet normal 0.195090 0.980785 0.000000
 outer loop
  vertex 65.8916 59.4743 2.0000
  vertex 66.2765 59.3978 5.0000
  vertex 66.2765 59.3978 2.0000
 endloop
endfacet
facet normal 0.946931 0.321437 -0.000000
 outer loop
  vertex 68.3978 57.2765 2.0000
  vertex 68.2716 57.6480 2.0000
  vertex 68.3978 57.2765 5.0000
 endloop
endfacet
facet normal 0.896875 0.442284 -0.000000
 outer loop
  vertex 68.2716 57.6480 2.0000
  vertex 68.0981 58.0000 2.0000
  vertex 68.2716 57.6480 5.0000
 endloop
endfacet
facet normal 0.555570 0.831470 0.000000
 outer loop
  vertex 67.0000 59.0981 2.0000
  vertex 67.3263 58.8801 5.0000
  vertex 67.3263 58.8801 2.0000
 endloop
endfacet
facet normal 0.321446 0.946928 0.000000
 outer loop
  vertex 66.2765 59.3978 2.0000
  vertex 66.6480 59.2716 5.0000
  vertex 66.6480 59.2716 2.0000
 endloop
endfacet
facet normal 0.442284 0.896875 0.000000
 outer loop
  vertex 66.6480 59.2716 2.0000
  vertex 67.0000 59.0981 5.0000
  vertex 67.0000 59.0981 2.0000
 endloop
endfacet
facet normal 0.751845 0.659340 0.000000
 outer loop
  vertex 67.6213 58.6213 2.0000
  vertex 67.8801 58.3263 5.0000
  vertex 67.8801 58.3263 2.0000
 endloop
endfacet
facet normal 0.659345 0.751840 0.000000
 outer loop
  vertex 67.3263 58.8801 2.0000
  vertex 67.6213 58.6213 5.0000
  vertex 67.6213 58.6213 2.0000
 endloop
endfacet
facet normal 0.831467 0.555575 -0.000000
 outer loop
  vertex 68.0981 58.0000 2.0000
  vertex 67.8801 58.3263 2.0000
  vertex 68.0981 58.0000 5.0000
 endloop
endfacet
facet normal 0.997859 -0.065403 0.000000
 outer loop
  vertex 68.4743 56.1084 2.0000
  vertex 68.5000 56.5000 2.0000
  vertex 68.4743 56.1084 5.0000
 endloop
endfacet
facet normal 0.997859 0.065403 -0.000000
 outer loop
  vertex 68.5000 56.5000 2.0000
  vertex 68.4743 56.8916 2.0000
  vertex 68.5000 56.5000 5.0000
 endloop
endfacet
facet normal 0.980784 0.195099 0.000000
 outer loop
  vertex 68.3978 57.2765 2.0000
  vertex 68.4743 56.8916 5.0000
  vertex 68.4743 56.8916 2.0000
 endloop
endfacet
facet normal -0.946928 -0.321446 0.000000
 outer loop
  vertex 62.7284 55.3520 2.0000
  vertex 62.7284 55.3520 5.0000
  vertex 62.6022 55.7235 5.0000
 endloop
endfacet
facet normal -0.980785 -0.195090 0.000000
 outer loop
  vertex 62.6022 55.7235 2.0000
  vertex 62.6022 55.7235 5.0000
  vertex 62.5257 56.1084 5.0000
 endloop
endfacet
facet normal -0.751840 -0.659345 0.000000
 outer loop
  vertex 63.3787 54.3787 2.0000
  vertex 63.3787 54.3787 5.0000
  vertex 63.1199 54.6737 5.0000
 endloop
endfacet
facet normal -0.831467 -0.555575 0.000000
 outer loop
  vertex 63.1199 54.6737 2.0000
  vertex 63.1199 54.6737 5.0000
  vertex 62.9019 55.0000 5.0000
 endloop
endfacet
facet normal -0.659345 -0.751840 0.000000
 outer loop
  vertex 63.6737 54.1199 2.0000
  vertex 63.6737 54.1199 5.0000
  vertex 63.3787 54.3787 5.0000
 endloop
endfacet
facet normal -0.896875 -0.442284 0.000000
 outer loop
  vertex 62.9019 55.0000 2.0000
  vertex 62.9019 55.0000 5.0000
  vertex 62.7284 55.3520 5.0000
 endloop
endfacet
facet normal -0.000000 0.000000 1.000000
 outer loop
  vertex 63.1199 54.6737 5.0000
  vertex 63.3787 54.3787 5.0000
  vertex 63.3787 58.6213 5.0000
 endloop
endfacet
facet normal -0.000000 0.000000 1.000000
 outer loop
  vertex 63.3787 54.3787 5.0000
  vertex 63.6737 54.1199 5.0000
  vertex 63.6737 58.8801 5.0000
 endloop
endfacet
facet normal -0.997859 -0.065403 0.000000
 outer loop
  vertex 62.5257 56.1084 2.0000
  vertex 62.5257 56.1084 5.0000
  vertex 62.5000 56.5000 5.0000
 endloop
endfacet
facet normal -0.997859 0.065403 0.000000
 outer loop
  vertex 62.5000 56.5000 2.0000
  vertex 62.5000 56.5000 5.0000
  vertex 62.5257 56.8916 5.0000
 endloop
endfacet
facet normal -0.980785 0.195090 0.000000
 outer loop
  vertex 62.5257 56.8916 2.0000
  vertex 62.5257 56.8916 5.0000
  vertex 62.6022 57.2765 5.0000
 endloop
endfacet
facet normal -0.946928 0.321446 0.000000
 outer loop
  vertex 62.6022 57.2765 2.0000
  vertex 62.6022 57.2765 5.0000
  vertex 62.7284 57.6480 5.0000
 endloop
endfacet
facet normal -0.896875 0.442284 0.000000
 outer loop
  vertex 62.7284 57.6480 2.0000
  vertex 62.7284 57.6480 5.0000
  vertex 62.9019 58.0000 5.0000
 endloop
endfacet
facet normal -0.831467 0.555575 0.000000
 outer loop
  vertex 62.9019 58.0000 2.0000
  vertex 62.9019 58.0000 5.0000
  vertex 63.1199 58.3263 5.0000
 endloop
endfacet
facet normal -0.751840 0.659345 0.000000
 outer loop
  vertex 63.1199 58.3263 2.0000
  vertex 63.1199 58.3263 5.0000
  vertex 63.3787 58.6213 5.0000
 endloop
endfacet
facet normal -0.659345 0.751840 0.000000
 outer loop
  vertex 63.3787 58.6213 2.0000
  vertex 63.3787 58.6213 5.0000
  vertex 63.6737 58.8801 5.0000
 endloop
endfacet
facet normal -0.555575 0.831467 0.000000
 outer loop
  vertex 63.6737 58.8801 2.0000
  vertex 63.6737 58.8801 5.0000
  vertex 64.0000 59.0981 5.0000
 endloop
endfacet
facet normal 0.000000 -0.000000 1.000000
 outer loop
  vertex 62.7284 55.3520 5.0000
  vertex 62.7284 57.6480 5.0000
  vertex 62.6022 55.7235 5.0000
 endloop
endfacet
facet normal 0.000000 -0.000000 1.000000
 outer loop
  vertex 62.6022 55.7235 5.0000
  vertex 62.6022 57.2765 5.0000
  vertex 62.5257 56.1084 5.0000
 endloop
endfacet
facet normal 0.000000 -0.000000 1.000000
 outer loop
  vertex 62.5257 56.1084 5.0000
  vertex 62.5257 56.8916 5.0000
  vertex 62.5000 56.5000 5.0000
 endloop
endfacet
facet normal 0.000000 0.000000 1.000000
 outer loop
  vertex 62.5257 56.1084 5.0000
  vertex 62.6022 57.2765 5.0000
  vertex 62.5257 56.8916 5.0000
 endloop
endfacet
facet normal 0.000000 0.000000 1.000000
 outer loop
  vertex 62.6022 55.7235 5.0000
  vertex 62.7284 57.6480 5.0000
  vertex 62.6022 57.2765 5.0000
 endloop
endfacet
facet normal -0.000000 0.000000 1.000000
 outer loop
  vertex 62.7284 55.3520 5.0000
  vertex 62.9019 55.0000 5.0000
  vertex 62.9019 58.0000 5.0000
 endloop
endfacet
facet normal 0.000000 -0.000000 1.000000
 outer loop
  vertex 63.1199 54.6737 5.0000
  vertex 63.1199 58.3263 5.0000
  vertex 62.9019 55.0000 5.0000
 endloop
endfacet
facet normal 0.000000 0.000000 1.000000
 outer loop
  vertex 62.7284 55.3520 5.0000
  vertex 62.9019 58.0000 5.0000
  vertex 62.7284 57.6480 5.0000
 endloop
endfacet
facet normal 0.000000 0.000000 1.000000
 outer loop
  vertex 62.9019 55.0000 5.0000
  vertex 63.1199 58.3263 5.0000
  vertex 62.9019 58.0000 5.0000
 endloop
endfacet
facet normal 0.000000 0.000000 1.000000
 outer loop
  vertex 63.1199 54.6737 5.0000
  vertex 63.3787 58.6213 5.0000
  vertex 63.1199 58.3263 5.0000
 endloop
endfacet
facet normal 0.000000 0.000000 1.000000
 outer loop
  vertex 63.3787 54.3787 5.0000
  vertex 63.6737 58.8801 5.0000
  vertex 63.3787 58.6213 5.0000
 endloop
endfacet
facet normal 0.000000 0.000000 1.000000
 outer loop
  vertex 63.6737 54.1199 5.0000
  vertex 64.0000 59.0981 5.0000
  vertex 63.6737 58.8801 5.0000
 endloop
endfacet
facet normal -0.555575 -0.831467 0.000000
 outer loop
  vertex 64.0000 53.9019 2.0000
  vertex 64.0000 53.9019 5.0000
  vertex 63.6737 54.1199 5.0000
 endloop
endfacet
facet normal -0.442284 -0.896875 0.000000
 outer loop
  vertex 64.3520 53.7284 2.0000
  vertex 64.3520 53.7284 5.0000
  vertex 64.0000 53.9019 5.0000
 endloop
endfacet
facet normal -0.321446 -0.946928 0.000000
 outer loop
  vertex 64.7235 53.6022 2.0000
  vertex 64.7235 53.6022 5.0000
  vertex 64.3520 53.7284 5.0000
 endloop
endfacet
facet normal -0.195090 -0.980785 0.000000
 outer loop
  vertex 65.1084 53.5257 2.0000
  vertex 65.1084 53.5257 5.0000
  vertex 64.7235 53.6022 5.0000
 endloop
endfacet
facet normal -0.065403 -0.997859 0.000000
 outer loop
  vertex 65.5000 53.5000 2.0000
  vertex 65.5000 53.5000 5.0000
  vertex 65.1084 53.5257 5.0000
 endloop
endfacet
facet normal 0.065403 -0.997859 0.000000
 outer loop
  vertex 65.8916 53.5257 2.0000
  vertex 65.8916 53.5257 5.0000
  vertex 65.5000 53.5000 5.0000
 endloop
endfacet
facet normal 0.195090 -0.980785 0.000000
 outer loop
  vertex 66.2765 53.6022 2.0000
  vertex 66.2765 53.6022 5.0000
  vertex 65.8916 53.5257 5.0000
 endloop
endfacet
facet normal 0.321446 -0.946928 0.000000
 outer loop
  vertex 66.6480 53.7284 2.0000
  vertex 66.6480 53.7284 5.0000
  vertex 66.2765 53.6022 5.0000
 endloop
endfacet
facet normal 0.442284 -0.896875 0.000000
 outer loop
  vertex 67.0000 53.9019 2.0000
  vertex 67.0000 53.9019 5.0000
  vertex 66.6480 53.7284 5.0000
 endloop
endfacet
facet normal 0.555570 -0.831470 0.000000
 outer loop
  vertex 67.3263 54.1199 2.0000
  vertex 67.3263 54.1199 5.0000
  vertex 67.0000 53.9019 5.0000
 endloop
endfacet
facet normal 0.659345 -0.751840 0.000000
 outer loop
  vertex 67.6213 54.3787 2.0000
  vertex 67.6213 54.3787 5.0000
  vertex 67.3263 54.1199 5.0000
 endloop
endfacet
facet normal 0.751845 -0.659340 0.000000
 outer loop
  vertex 67.8801 54.6737 2.0000
  vertex 67.8801 54.6737 5.0000
  vertex 67.6213 54.3787 5.0000
 endloop
endfacet
facet normal 0.831467 -0.555575 0.000000
 outer loop
  vertex 68.0981 55.0000 2.0000
  vertex 68.0981 55.0000 5.0000
  vertex 67.8801 54.6737 5.0000
 endloop
endfacet
facet normal 0.896875 -0.442284 0.000000
 outer loop
  vertex 68.2716 55.3520 2.0000
  vertex 68.2716 55.3520 5.0000
  vertex 68.0981 55.0000 5.0000
 endloop
endfacet
facet normal 0.946931 -0.321437 0.000000
 outer loop
  vertex 68.3978 55.7235 2.0000
  vertex 68.3978 55.7235 5.0000
  vertex 68.2716 55.3520 5.0000
 endloop
endfacet
facet normal 0.980784 -0.195099 0.000000
 outer loop
  vertex 68.4743 56.1084 2.0000
  vertex 68.4743 56.1084 5.0000
  vertex 68.3978 55.7235 5.0000
 endloop
endfacet
facet normal -0.000000 0.000000 1.000000
 outer loop
  vertex 64.3520 53.7284 5.0000
  vertex 64.7235 53.6022 5.0000
  vertex 64.7222 55.7222 5.0000
 endloop
endfacet
facet normal -0.000000 0.000000 1.000000
 outer loop
  vertex 64.7235 53.6022 5.0000
  vertex 65.1084 53.5257 5.0000
  vertex 65.0790 55.4837 5.0000
 endloop
endfacet
facet normal 0.000000 -0.000000 1.000000
 outer loop
  vertex 64.7235 53.6022 5.0000
  vertex 64.8304 55.6273 5.0000
  vertex 64.7222 55.7222 5.0000
 endloop
endfacet
facet normal 0.000000 0.000000 1.000000
 outer loop
  vertex 64.7235 53.6022 5.0000
  vertex 64.9500 55.5474 5.0000
  vertex 64.8304 55.6273 5.0000
 endloop
endfacet
facet normal 0.000000 0.000000 1.000000
 outer loop
  vertex 64.7235 53.6022 5.0000
  vertex 65.0790 55.4837 5.0000
  vertex 64.9500 55.5474 5.0000
 endloop
endfacet
facet normal 0.000000 0.000000 1.000000
 outer loop
  vertex 64.3520 53.7284 5.0000
  vertex 64.4837 56.0790 5.0000
  vertex 64.4375 56.2153 5.0000
 endloop
endfacet
facet normal 0.000000 0.000000 1.000000
 outer loop
  vertex 64.3520 53.7284 5.0000
  vertex 64.4375 56.2153 5.0000
  vertex 64.4094 56.3564 5.0000
 endloop
endfacet
facet normal -0.000000 0.000000 1.000000
 outer loop
  vertex 63.6737 54.1199 5.0000
  vertex 64.0000 53.9019 5.0000
  vertex 64.0000 59.0981 5.0000
 endloop
endfacet
facet normal -0.000000 0.000000 1.000000
 outer loop
  vertex 64.0000 53.9019 5.0000
  vertex 64.3520 53.7284 5.0000
  vertex 64.3520 59.2716 5.0000
 endloop
endfacet
facet normal 0.000000 0.000000 1.000000
 outer loop
  vertex 64.3520 53.7284 5.0000
  vertex 64.4094 56.3564 5.0000
  vertex 64.4000 56.5000 5.0000
 endloop
endfacet
facet normal 0.000000 0.000000 1.000000
 outer loop
  vertex 64.3520 53.7284 5.0000
  vertex 64.7222 55.7222 5.0000
  vertex 64.6273 55.8304 5.0000
 endloop
endfacet
facet normal 0.000000 0.000000 1.000000
 outer loop
  vertex 64.3520 53.7284 5.0000
  vertex 64.6273 55.8304 5.0000
  vertex 64.5474 55.9500 5.0000
 endloop
endfacet
facet normal 0.000000 0.000000 1.000000
 outer loop
  vertex 64.3520 53.7284 5.0000
  vertex 64.5474 55.9500 5.0000
  vertex 64.4837 56.0790 5.0000
 endloop
endfacet
facet normal -0.000000 0.000000 1.000000
 outer loop
  vertex 65.1084 53.5257 5.0000
  vertex 65.5000 53.5000 5.0000
  vertex 65.3564 55.4094 5.0000
 endloop
endfacet
facet normal 0.000000 -0.000000 1.000000
 outer loop
  vertex 65.1084 53.5257 5.0000
  vertex 65.2153 55.4375 5.0000
  vertex 65.0790 55.4837 5.0000
 endloop
endfacet
facet normal 0.000000 0.000000 1.000000
 outer loop
  vertex 65.1084 53.5257 5.0000
  vertex 65.3564 55.4094 5.0000
  vertex 65.2153 55.4375 5.0000
 endloop
endfacet
facet normal 0.000000 -0.000000 1.000000
 outer loop
  vertex 65.5000 53.5000 5.0000
  vertex 65.5000 55.4000 5.0000
  vertex 65.3564 55.4094 5.0000
 endloop
endfacet
facet normal 0.000000 0.000000 1.000000
 outer loop
  vertex 65.5000 53.5000 5.0000
  vertex 65.8916 53.5257 5.0000
  vertex 65.5000 55.4000 5.0000
 endloop
endfacet
facet normal 0.000000 0.000000 1.000000
 outer loop
  vertex 65.8916 53.5257 5.0000
  vertex 66.2765 53.6022 5.0000
  vertex 65.9210 55.4837 5.0000
 endloop
endfacet
facet normal 0.000000 0.000000 1.000000
 outer loop
  vertex 65.8916 53.5257 5.0000
  vertex 65.6436 55.4094 5.0000
  vertex 65.5000 55.4000 5.0000
 endloop
endfacet
facet normal 0.000000 0.000000 1.000000
 outer loop
  vertex 65.8916 53.5257 5.0000
  vertex 65.7847 55.4375 5.0000
  vertex 65.6436 55.4094 5.0000
 endloop
endfacet
facet normal 0.000000 -0.000000 1.000000
 outer loop
  vertex 65.8916 53.5257 5.0000
  vertex 65.9210 55.4837 5.0000
  vertex 65.7847 55.4375 5.0000
 endloop
endfacet
facet normal -0.000000 0.000000 1.000000
 outer loop
  vertex 65.9210 55.4837 5.0000
  vertex 66.2765 53.6022 5.0000
  vertex 66.0500 55.5474 5.0000
 endloop
endfacet
facet normal 0.000000 0.000000 1.000000
 outer loop
  vertex 66.2765 53.6022 5.0000
  vertex 66.6480 53.7284 5.0000
  vertex 66.3727 55.8304 5.0000
 endloop
endfacet
facet normal -0.000000 0.000000 1.000000
 outer loop
  vertex 66.0500 55.5474 5.0000
  vertex 66.2765 53.6022 5.0000
  vertex 66.1696 55.6273 5.0000
 endloop
endfacet
facet normal 0.000000 -0.000000 1.000000
 outer loop
  vertex 66.2765 53.6022 5.0000
  vertex 66.2778 55.7222 5.0000
  vertex 66.1696 55.6273 5.0000
 endloop
endfacet
facet normal 0.000000 0.000000 1.000000
 outer loop
  vertex 66.2765 53.6022 5.0000
  vertex 66.3727 55.8304 5.0000
  vertex 66.2778 55.7222 5.0000
 endloop
endfacet
facet normal 0.000000 0.000000 1.000000
 outer loop
  vertex 66.6480 53.7284 5.0000
  vertex 66.4526 55.9500 5.0000
  vertex 66.3727 55.8304 5.0000
 endloop
endfacet
facet normal 0.000000 0.000000 1.000000
 outer loop
  vertex 66.6480 53.7284 5.0000
  vertex 66.5163 56.0790 5.0000
  vertex 66.4526 55.9500 5.0000
 endloop
endfacet
facet normal 0.000000 0.000000 1.000000
 outer loop
  vertex 66.6480 53.7284 5.0000
  vertex 66.5625 56.2153 5.0000
  vertex 66.5163 56.0790 5.0000
 endloop
endfacet
facet normal 0.000000 0.000000 1.000000
 outer loop
  vertex 66.6480 53.7284 5.0000
  vertex 66.5906 56.3564 5.0000
  vertex 66.5625 56.2153 5.0000
 endloop
endfacet
facet normal 0.000000 0.000000 1.000000
 outer loop
  vertex 66.6480 53.7284 5.0000
  vertex 66.6000 56.5000 5.0000
  vertex 66.5906 56.3564 5.0000
 endloop
endfacet
facet normal 0.000000 0.000000 1.000000
 outer loop
  vertex 66.6480 53.7284 5.0000
  vertex 67.0000 53.9019 5.0000
  vertex 67.0000 59.0981 5.0000
 endloop
endfacet
facet normal 0.000000 0.000000 1.000000
 outer loop
  vertex 67.0000 53.9019 5.0000
  vertex 67.3263 54.1199 5.0000
  vertex 67.3263 58.8801 5.0000
 endloop
endfacet
facet normal 0.000000 0.000000 1.000000
 outer loop
  vertex 67.3263 54.1199 5.0000
  vertex 67.6213 54.3787 5.0000
  vertex 67.6213 58.6213 5.0000
 endloop
endfacet
facet normal 0.000000 0.000000 1.000000
 outer loop
  vertex 67.6213 54.3787 5.0000
  vertex 67.8801 54.6737 5.0000
  vertex 67.8801 58.3263 5.0000
 endloop
endfacet
facet normal 0.000000 0.000000 1.000000
 outer loop
  vertex 67.8801 54.6737 5.0000
  vertex 68.0981 55.0000 5.0000
  vertex 68.0981 58.0000 5.0000
 endloop
endfacet
facet normal -0.442284 0.896875 0.000000
 outer loop
  vertex 64.0000 59.0981 2.0000
  vertex 64.0000 59.0981 5.0000
  vertex 64.3520 59.2716 5.0000
 endloop
endfacet
facet normal -0.321446 0.946928 0.000000
 outer loop
  vertex 64.3520 59.2716 2.0000
  vertex 64.3520 59.2716 5.0000
  vertex 64.7235 59.3978 5.0000
 endloop
endfacet
facet normal -0.195090 0.980785 0.000000
 outer loop
  vertex 64.7235 59.3978 2.0000
  vertex 64.7235 59.3978 5.0000
  vertex 65.1084 59.4743 5.0000
 endloop
endfacet
facet normal -0.065403 0.997859 0.000000
 outer loop
  vertex 65.1084 59.4743 2.0000
  vertex 65.1084 59.4743 5.0000
  vertex 65.5000 59.5000 5.0000
 endloop
endfacet
facet normal 0.065403 0.997859 -0.000000
 outer loop
  vertex 65.5000 59.5000 2.0000
  vertex 65.5000 59.5000 5.0000
  vertex 65.8916 59.4743 5.0000
 endloop
endfacet
facet normal 0.195090 0.980785 -0.000000
 outer loop
  vertex 65.8916 59.4743 2.0000
  vertex 65.8916 59.4743 5.0000
  vertex 66.2765 59.3978 5.0000
 endloop
endfacet
facet normal 0.980784 0.195099 -0.000000
 outer loop
  vertex 68.3978 57.2765 2.0000
  vertex 68.3978 57.2765 5.0000
  vertex 68.4743 56.8916 5.0000
 endloop
endfacet
facet normal 0.946931 0.321437 -0.000000
 outer loop
  vertex 68.2716 57.6480 2.0000
  vertex 68.2716 57.6480 5.0000
  vertex 68.3978 57.2765 5.0000
 endloop
endfacet
facet normal 0.896875 0.442284 -0.000000
 outer loop
  vertex 68.0981 58.0000 2.0000
  vertex 68.0981 58.0000 5.0000
  vertex 68.2716 57.6480 5.0000
 endloop
endfacet
facet normal 0.321446 0.946928 -0.000000
 outer loop
  vertex 66.2765 59.3978 2.0000
  vertex 66.2765 59.3978 5.0000
  vertex 66.6480 59.2716 5.0000
 endloop
endfacet
facet normal 0.442284 0.896875 -0.000000
 outer loop
  vertex 66.6480 59.2716 2.0000
  vertex 66.6480 59.2716 5.0000
  vertex 67.0000 59.0981 5.0000
 endloop
endfacet
facet normal 0.555570 0.831470 -0.000000
 outer loop
  vertex 67.0000 59.0981 2.0000
  vertex 67.0000 59.0981 5.0000
  vertex 67.3263 58.8801 5.0000
 endloop
endfacet
facet normal 0.659345 0.751840 -0.000000
 outer loop
  vertex 67.3263 58.8801 2.0000
  vertex 67.3263 58.8801 5.0000
  vertex 67.6213 58.6213 5.0000
 endloop
endfacet
facet normal 0.751845 0.659340 -0.000000
 outer loop
  vertex 67.6213 58.6213 2.0000
  vertex 67.6213 58.6213 5.0000
  vertex 67.8801 58.3263 5.0000
 endloop
endfacet
facet normal 0.831467 0.555575 -0.000000
 outer loop
  vertex 67.8801 58.3263 2.0000
  vertex 67.8801 58.3263 5.0000
  vertex 68.0981 58.0000 5.0000
 endloop
endfacet
facet normal 0.997859 -0.065403 0.000000
 outer loop
  vertex 68.5000 56.5000 2.0000
  vertex 68.5000 56.5000 5.0000
  vertex 68.4743 56.1084 5.0000
 endloop
endfacet
facet normal 0.997859 0.065403 -0.000000
 outer loop
  vertex 68.4743 56.8916 2.0000
  vertex 68.4743 56.8916 5.0000
  vertex 68.5000 56.5000 5.0000
 endloop
endfacet
facet normal 0.000000 0.000000 1.000000
 outer loop
  vertex 64.3520 53.7284 5.0000
  vertex 64.4000 56.5000 5.0000
  vertex 64.3520 59.2716 5.0000
 endloop
endfacet
facet normal 0.000000 0.000000 1.000000
 outer loop
  vertex 64.0000 53.9019 5.0000
  vertex 64.3520 59.2716 5.0000
  vertex 64.0000 59.0981 5.0000
 endloop
endfacet
facet normal 0.000000 -0.000000 1.000000
 outer loop
  vertex 64.4000 56.5000 5.0000
  vertex 64.4094 56.6436 5.0000
  vertex 64.3520 59.2716 5.0000
 endloop
endfacet
facet normal 0.000000 -0.000000 1.000000
 outer loop
  vertex 64.4094 56.6436 5.0000
  vertex 64.4375 56.7847 5.0000
  vertex 64.3520 59.2716 5.0000
 endloop
endfacet
facet normal 0.000000 -0.000000 1.000000
 outer loop
  vertex 64.4375 56.7847 5.0000
  vertex 64.4837 56.9210 5.0000
  vertex 64.3520 59.2716 5.0000
 endloop
endfacet
facet normal 0.000000 -0.000000 1.000000
 outer loop
  vertex 64.4837 56.9210 5.0000
  vertex 64.5474 57.0500 5.0000
  vertex 64.3520 59.2716 5.0000
 endloop
endfacet
facet normal 0.000000 -0.000000 1.000000
 outer loop
  vertex 64.5474 57.0500 5.0000
  vertex 64.6273 57.1696 5.0000
  vertex 64.3520 59.2716 5.0000
 endloop
endfacet
facet normal 0.000000 0.000000 1.000000
 outer loop
  vertex 64.6273 57.1696 5.0000
  vertex 64.7222 57.2778 5.0000
  vertex 64.7235 59.3978 5.0000
 endloop
endfacet
facet normal 0.000000 0.000000 1.000000
 outer loop
  vertex 64.7222 57.2778 5.0000
  vertex 64.8304 57.3727 5.0000
  vertex 64.7235 59.3978 5.0000
 endloop
endfacet
facet normal 0.000000 -0.000000 1.000000
 outer loop
  vertex 64.8304 57.3727 5.0000
  vertex 64.9500 57.4526 5.0000
  vertex 64.7235 59.3978 5.0000
 endloop
endfacet
facet normal 0.000000 -0.000000 1.000000
 outer loop
  vertex 64.9500 57.4526 5.0000
  vertex 65.0790 57.5163 5.0000
  vertex 64.7235 59.3978 5.0000
 endloop
endfacet
facet normal 0.000000 -0.000000 1.000000
 outer loop
  vertex 64.6273 57.1696 5.0000
  vertex 64.7235 59.3978 5.0000
  vertex 64.3520 59.2716 5.0000
 endloop
endfacet
facet normal 0.000000 -0.000000 1.000000
 outer loop
  vertex 65.0790 57.5163 5.0000
  vertex 65.1084 59.4743 5.0000
  vertex 64.7235 59.3978 5.0000
 endloop
endfacet
facet normal 0.000000 0.000000 1.000000
 outer loop
  vertex 65.0790 57.5163 5.0000
  vertex 65.2153 57.5625 5.0000
  vertex 65.1084 59.4743 5.0000
 endloop
endfacet
facet normal 0.000000 -0.000000 1.000000
 outer loop
  vertex 65.2153 57.5625 5.0000
  vertex 65.3564 57.5906 5.0000
  vertex 65.1084 59.4743 5.0000
 endloop
endfacet
facet normal 0.000000 -0.000000 1.000000
 outer loop
  vertex 65.3564 57.5906 5.0000
  vertex 65.5000 57.6000 5.0000
  vertex 65.1084 59.4743 5.0000
 endloop
endfacet
facet normal -0.000000 0.000000 1.000000
 outer loop
  vertex 65.5000 57.6000 5.0000
  vertex 65.6436 57.5906 5.0000
  vertex 65.5000 59.5000 5.0000
 endloop
endfacet
facet normal 0.000000 -0.000000 1.000000
 outer loop
  vertex 65.5000 57.6000 5.0000
  vertex 65.5000 59.5000 5.0000
  vertex 65.1084 59.4743 5.0000
 endloop
endfacet
facet normal -0.000000 0.000000 1.000000
 outer loop
  vertex 65.6436 57.5906 5.0000
  vertex 65.7847 57.5625 5.0000
  vertex 65.8916 59.4743 5.0000
 endloop
endfacet
facet normal -0.000000 0.000000 1.000000
 outer loop
  vertex 65.7847 57.5625 5.0000
  vertex 65.9210 57.5163 5.0000
  vertex 65.8916 59.4743 5.0000
 endloop
endfacet
facet normal 0.000000 -0.000000 1.000000
 outer loop
  vertex 66.0500 57.4526 5.0000
  vertex 66.2765 59.3978 5.0000
  vertex 65.9210 57.5163 5.0000
 endloop
endfacet
facet normal 0.000000 -0.000000 1.000000
 outer loop
  vertex 65.6436 57.5906 5.0000
  vertex 65.8916 59.4743 5.0000
  vertex 65.5000 59.5000 5.0000
 endloop
endfacet
facet normal 0.000000 -0.000000 1.000000
 outer loop
  vertex 65.9210 57.5163 5.0000
  vertex 66.2765 59.3978 5.0000
  vertex 65.8916 59.4743 5.0000
 endloop
endfacet
facet normal 0.000000 -0.000000 1.000000
 outer loop
  vertex 66.6480 53.7284 5.0000
  vertex 66.6480 59.2716 5.0000
  vertex 66.6000 56.5000 5.0000
 endloop
endfacet
facet normal 0.000000 -0.000000 1.000000
 outer loop
  vertex 66.6000 56.5000 5.0000
  vertex 66.6480 59.2716 5.0000
  vertex 66.5906 56.6436 5.0000
 endloop
endfacet
facet normal 0.000000 -0.000000 1.000000
 outer loop
  vertex 66.3727 57.1696 5.0000
  vertex 66.6480 59.2716 5.0000
  vertex 66.2778 57.2778 5.0000
 endloop
endfacet
facet normal 0.000000 -0.000000 1.000000
 outer loop
  vertex 66.5625 56.7847 5.0000
  vertex 66.6480 59.2716 5.0000
  vertex 66.5163 56.9210 5.0000
 endloop
endfacet
facet normal 0.000000 -0.000000 1.000000
 outer loop
  vertex 66.5163 56.9210 5.0000
  vertex 66.6480 59.2716 5.0000
  vertex 66.4526 57.0500 5.0000
 endloop
endfacet
facet normal 0.000000 -0.000000 1.000000
 outer loop
  vertex 66.5906 56.6436 5.0000
  vertex 66.6480 59.2716 5.0000
  vertex 66.5625 56.7847 5.0000
 endloop
endfacet
facet normal -0.000000 0.000000 1.000000
 outer loop
  vertex 66.3727 57.1696 5.0000
  vertex 66.4526 57.0500 5.0000
  vertex 66.6480 59.2716 5.0000
 endloop
endfacet
facet normal 0.000000 0.000000 1.000000
 outer loop
  vertex 66.6480 53.7284 5.0000
  vertex 67.0000 59.0981 5.0000
  vertex 66.6480 59.2716 5.0000
 endloop
endfacet
facet normal 0.000000 0.000000 1.000000
 outer loop
  vertex 67.0000 53.9019 5.0000
  vertex 67.3263 58.8801 5.0000
  vertex 67.0000 59.0981 5.0000
 endloop
endfacet
facet normal 0.000000 0.000000 1.000000
 outer loop
  vertex 68.0981 55.0000 5.0000
  vertex 68.2716 55.3520 5.0000
  vertex 68.2716 57.6480 5.0000
 endloop
endfacet
facet normal 0.000000 0.000000 1.000000
 outer loop
  vertex 68.2716 55.3520 5.0000
  vertex 68.3978 55.7235 5.0000
  vertex 68.3978 57.2765 5.0000
 endloop
endfacet
facet normal 0.000000 0.000000 1.000000
 outer loop
  vertex 68.3978 55.7235 5.0000
  vertex 68.4743 56.8916 5.0000
  vertex 68.3978 57.2765 5.0000
 endloop
endfacet
facet normal 0.000000 0.000000 1.000000
 outer loop
  vertex 68.0981 55.0000 5.0000
  vertex 68.2716 57.6480 5.0000
  vertex 68.0981 58.0000 5.0000
 endloop
endfacet
facet normal 0.000000 0.000000 1.000000
 outer loop
  vertex 68.2716 55.3520 5.0000
  vertex 68.3978 57.2765 5.0000
  vertex 68.2716 57.6480 5.0000
 endloop
endfacet
facet normal 0.000000 0.000000 1.000000
 outer loop
  vertex 67.3263 54.1199 5.0000
  vertex 67.6213 58.6213 5.0000
  vertex 67.3263 58.8801 5.0000
 endloop
endfacet
facet normal 0.000000 0.000000 1.000000
 outer loop
  vertex 67.6213 54.3787 5.0000
  vertex 67.8801 58.3263 5.0000
  vertex 67.6213 58.6213 5.0000
 endloop
endfacet
facet normal 0.000000 0.000000 1.000000
 outer loop
  vertex 67.8801 54.6737 5.0000
  vertex 68.0981 58.0000 5.0000
  vertex 67.8801 58.3263 5.0000
 endloop
endfacet
facet normal -0.000000 0.000000 1.000000
 outer loop
  vertex 66.0500 57.4526 5.0000
  vertex 66.1696 57.3727 5.0000
  vertex 66.2765 59.3978 5.0000
 endloop
endfacet
facet normal -0.000000 0.000000 1.000000
 outer loop
  vertex 66.1696 57.3727 5.0000
  vertex 66.2778 57.2778 5.0000
  vertex 66.2765 59.3978 5.0000
 endloop
endfacet
facet normal 0.000000 -0.000000 1.000000
 outer loop
  vertex 66.2778 57.2778 5.0000
  vertex 66.6480 59.2716 5.0000
  vertex 66.2765 59.3978 5.0000
 endloop
endfacet
facet normal 0.000000 0.000000 1.000000
 outer loop
  vertex 68.3978 55.7235 5.0000
  vertex 68.4743 56.1084 5.0000
  vertex 68.4743 56.8916 5.0000
 endloop
endfacet
facet normal 0.000000 0.000000 1.000000
 outer loop
  vertex 68.4743 56.1084 5.0000
  vertex 68.5000 56.5000 5.0000
  vertex 68.4743 56.8916 5.0000
 endloop
endfacet
facet normal 0.831463 0.555581 -0.000000
 outer loop
  vertex 64.5474 55.9500 0.0000
  vertex 64.5474 55.9500 5.0000
  vertex 64.6273 55.8304 0.0000
 endloop
endfacet
facet normal 0.751842 0.659343 0.000000
 outer loop
  vertex 64.7222 55.7222 0.0000
  vertex 64.6273 55.8304 0.0000
  vertex 64.6273 55.8304 5.0000
 endloop
endfacet
facet normal 0.555581 0.831463 -0.000000
 outer loop
  vertex 64.8304 55.6273 0.0000
  vertex 64.8304 55.6273 5.0000
  vertex 64.9500 55.5474 0.0000
 endloop
endfacet
facet normal 0.659356 0.751831 -0.000000
 outer loop
  vertex 64.7222 55.7222 0.0000
  vertex 64.7222 55.7222 5.0000
  vertex 64.8304 55.6273 0.0000
 endloop
endfacet
facet normal 0.442265 0.896884 -0.000000
 outer loop
  vertex 64.9500 55.5474 0.0000
  vertex 64.9500 55.5474 5.0000
  vertex 65.0790 55.4837 0.0000
 endloop
endfacet
facet normal 0.321448 0.946927 -0.000000
 outer loop
  vertex 65.0790 55.4837 0.0000
  vertex 65.0790 55.4837 5.0000
  vertex 65.2153 55.4375 0.0000
 endloop
endfacet
facet normal 0.195076 0.980788 -0.000000
 outer loop
  vertex 65.2153 55.4375 0.0000
  vertex 65.2153 55.4375 5.0000
  vertex 65.3564 55.4094 0.0000
 endloop
endfacet
facet normal 0.065405 0.997859 -0.000000
 outer loop
  vertex 65.3564 55.4094 0.0000
  vertex 65.3564 55.4094 5.0000
  vertex 65.5000 55.4000 0.0000
 endloop
endfacet
facet normal -0.065405 0.997859 0.000000
 outer loop
  vertex 65.5000 55.4000 0.0000
  vertex 65.5000 55.4000 5.0000
  vertex 65.6436 55.4094 0.0000
 endloop
endfacet
facet normal -0.195076 0.980788 0.000000
 outer loop
  vertex 65.6436 55.4094 0.0000
  vertex 65.6436 55.4094 5.0000
  vertex 65.7847 55.4375 0.0000
 endloop
endfacet
facet normal -0.321448 0.946927 0.000000
 outer loop
  vertex 65.7847 55.4375 0.0000
  vertex 65.7847 55.4375 5.0000
  vertex 65.9210 55.4837 0.0000
 endloop
endfacet
facet normal -0.442265 0.896884 0.000000
 outer loop
  vertex 65.9210 55.4837 0.0000
  vertex 65.9210 55.4837 5.0000
  vertex 66.0500 55.5474 0.0000
 endloop
endfacet
facet normal -0.555581 0.831463 0.000000
 outer loop
  vertex 66.0500 55.5474 0.0000
  vertex 66.0500 55.5474 5.0000
  vertex 66.1696 55.6273 0.0000
 endloop
endfacet
facet normal -0.659356 0.751831 0.000000
 outer loop
  vertex 66.1696 55.6273 0.0000
  vertex 66.1696 55.6273 5.0000
  vertex 66.2778 55.7222 0.0000
 endloop
endfacet
facet normal -0.751842 0.659343 0.000000
 outer loop
  vertex 66.2778 55.7222 0.0000
  vertex 66.2778 55.7222 5.0000
  vertex 66.3727 55.8304 0.0000
 endloop
endfacet
facet normal -0.831463 0.555581 0.000000
 outer loop
  vertex 66.3727 55.8304 0.0000
  vertex 66.3727 55.8304 5.0000
  vertex 66.4526 55.9500 0.0000
 endloop
endfacet
facet normal -0.896879 0.442276 0.000000
 outer loop
  vertex 66.4526 55.9500 0.0000
  vertex 66.4526 55.9500 5.0000
  vertex 66.5163 56.0790 0.0000
 endloop
endfacet
facet normal 0.980779 0.195122 0.000000
 outer loop
  vertex 64.4375 56.2153 0.0000
  vertex 64.4094 56.3564 0.0000
  vertex 64.4094 56.3564 5.0000
 endloop
endfacet
facet normal 0.997861 0.065379 0.000000
 outer loop
  vertex 64.4094 56.3564 0.0000
  vertex 64.4000 56.5000 0.0000
  vertex 64.4000 56.5000 5.0000
 endloop
endfacet
facet normal 0.997861 -0.065379 0.000000
 outer loop
  vertex 64.4000 56.5000 0.0000
  vertex 64.4094 56.6436 0.0000
  vertex 64.4094 56.6436 5.0000
 endloop
endfacet
facet normal 0.980779 -0.195122 0.000000
 outer loop
  vertex 64.4094 56.6436 0.0000
  vertex 64.4375 56.7847 0.0000
  vertex 64.4375 56.7847 5.0000
 endloop
endfacet
facet normal 0.896879 0.442276 0.000000
 outer loop
  vertex 64.5474 55.9500 0.0000
  vertex 64.4837 56.0790 0.0000
  vertex 64.4837 56.0790 5.0000
 endloop
endfacet
facet normal 0.946932 0.321433 -0.000000
 outer loop
  vertex 64.4375 56.2153 0.0000
  vertex 64.4375 56.2153 5.0000
  vertex 64.4837 56.0790 0.0000
 endloop
endfacet
facet normal 0.946932 -0.321433 0.000000
 outer loop
  vertex 64.4375 56.7847 0.0000
  vertex 64.4837 56.9210 0.0000
  vertex 64.4837 56.9210 5.0000
 endloop
endfacet
facet normal 0.896879 -0.442276 0.000000
 outer loop
  vertex 64.4837 56.9210 0.0000
  vertex 64.5474 57.0500 0.0000
  vertex 64.5474 57.0500 5.0000
 endloop
endfacet
facet normal 0.831463 -0.555581 0.000000
 outer loop
  vertex 64.5474 57.0500 0.0000
  vertex 64.6273 57.1696 0.0000
  vertex 64.6273 57.1696 5.0000
 endloop
endfacet
facet normal 0.751842 -0.659343 0.000000
 outer loop
  vertex 64.6273 57.1696 0.0000
  vertex 64.7222 57.2778 0.0000
  vertex 64.7222 57.2778 5.0000
 endloop
endfacet
facet normal 0.659356 -0.751831 0.000000
 outer loop
  vertex 64.7222 57.2778 0.0000
  vertex 64.8304 57.3727 0.0000
  vertex 64.8304 57.3727 5.0000
 endloop
endfacet
facet normal 0.555581 -0.831463 0.000000
 outer loop
  vertex 64.8304 57.3727 0.0000
  vertex 64.9500 57.4526 0.0000
  vertex 64.9500 57.4526 5.0000
 endloop
endfacet
facet normal 0.442265 -0.896884 0.000000
 outer loop
  vertex 64.9500 57.4526 0.0000
  vertex 65.0790 57.5163 0.0000
  vertex 65.0790 57.5163 5.0000
 endloop
endfacet
facet normal 0.321448 -0.946927 0.000000
 outer loop
  vertex 65.0790 57.5163 0.0000
  vertex 65.2153 57.5625 0.0000
  vertex 65.2153 57.5625 5.0000
 endloop
endfacet
facet normal 0.195076 -0.980788 0.000000
 outer loop
  vertex 65.2153 57.5625 0.0000
  vertex 65.3564 57.5906 0.0000
  vertex 65.3564 57.5906 5.0000
 endloop
endfacet
facet normal 0.065405 -0.997859 0.000000
 outer loop
  vertex 65.3564 57.5906 0.0000
  vertex 65.5000 57.6000 0.0000
  vertex 65.5000 57.6000 5.0000
 endloop
endfacet
facet normal -0.442265 -0.896884 0.000000
 outer loop
  vertex 66.0500 57.4526 0.0000
  vertex 66.0500 57.4526 5.0000
  vertex 65.9210 57.5163 0.0000
 endloop
endfacet
facet normal -0.555581 -0.831463 0.000000
 outer loop
  vertex 66.0500 57.4526 0.0000
  vertex 66.1696 57.3727 0.0000
  vertex 66.1696 57.3727 5.0000
 endloop
endfacet
facet normal -0.065405 -0.997859 0.000000
 outer loop
  vertex 65.5000 57.6000 0.0000
  vertex 65.6436 57.5906 0.0000
  vertex 65.6436 57.5906 5.0000
 endloop
endfacet
facet normal -0.195076 -0.980788 0.000000
 outer loop
  vertex 65.6436 57.5906 0.0000
  vertex 65.7847 57.5625 0.0000
  vertex 65.7847 57.5625 5.0000
 endloop
endfacet
facet normal -0.321448 -0.946927 0.000000
 outer loop
  vertex 65.7847 57.5625 0.0000
  vertex 65.9210 57.5163 0.0000
  vertex 65.9210 57.5163 5.0000
 endloop
endfacet
facet normal -0.946932 0.321433 0.000000
 outer loop
  vertex 66.5163 56.0790 0.0000
  vertex 66.5163 56.0790 5.0000
  vertex 66.5625 56.2153 0.0000
 endloop
endfacet
facet normal -0.980779 0.195122 0.000000
 outer loop
  vertex 66.5625 56.2153 0.0000
  vertex 66.5625 56.2153 5.0000
  vertex 66.5906 56.3564 0.0000
 endloop
endfacet
facet normal -0.997861 0.065379 0.000000
 outer loop
  vertex 66.5906 56.3564 0.0000
  vertex 66.5906 56.3564 5.0000
  vertex 66.6000 56.5000 0.0000
 endloop
endfacet
facet normal -0.980779 -0.195122 0.000000
 outer loop
  vertex 66.5906 56.6436 0.0000
  vertex 66.5906 56.6436 5.0000
  vertex 66.5625 56.7847 0.0000
 endloop
endfacet
facet normal -0.997861 -0.065379 0.000000
 outer loop
  vertex 66.6000 56.5000 0.0000
  vertex 66.6000 56.5000 5.0000
  vertex 66.5906 56.6436 0.0000
 endloop
endfacet
facet normal -0.946932 -0.321433 0.000000
 outer loop
  vertex 66.5625 56.7847 0.0000
  vertex 66.5625 56.7847 5.0000
  vertex 66.5163 56.9210 0.0000
 endloop
endfacet
facet normal -0.896879 -0.442276 0.000000
 outer loop
  vertex 66.5163 56.9210 0.0000
  vertex 66.5163 56.9210 5.0000
  vertex 66.4526 57.0500 0.0000
 endloop
endfacet
facet normal -0.831463 -0.555581 0.000000
 outer loop
  vertex 66.3727 57.1696 0.0000
  vertex 66.4526 57.0500 0.0000
  vertex 66.4526 57.0500 5.0000
 endloop
endfacet
facet normal -0.751842 -0.659343 0.000000
 outer loop
  vertex 66.3727 57.1696 0.0000
  vertex 66.3727 57.1696 5.0000
  vertex 66.2778 57.2778 0.0000
 endloop
endfacet
facet normal -0.659356 -0.751831 0.000000
 outer loop
  vertex 66.1696 57.3727 0.0000
  vertex 66.2778 57.2778 0.0000
  vertex 66.2778 57.2778 5.0000
 endloop
endfacet
facet normal 0.896879 0.442276 -0.000000
 outer loop
  vertex 64.5474 55.9500 0.0000
  vertex 64.4837 56.0790 5.0000
  vertex 64.5474 55.9500 5.0000
 endloop
endfacet
facet normal 0.831463 0.555581 -0.000000
 outer loop
  vertex 64.6273 55.8304 0.0000
  vertex 64.5474 55.9500 5.0000
  vertex 64.6273 55.8304 5.0000
 endloop
endfacet
facet normal 0.751842 0.659343 -0.000000
 outer loop
  vertex 64.7222 55.7222 0.0000
  vertex 64.6273 55.8304 5.0000
  vertex 64.7222 55.7222 5.0000
 endloop
endfacet
facet normal 0.659356 0.751831 -0.000000
 outer loop
  vertex 64.8304 55.6273 0.0000
  vertex 64.7222 55.7222 5.0000
  vertex 64.8304 55.6273 5.0000
 endloop
endfacet
facet normal 0.555581 0.831463 -0.000000
 outer loop
  vertex 64.9500 55.5474 0.0000
  vertex 64.8304 55.6273 5.0000
  vertex 64.9500 55.5474 5.0000
 endloop
endfacet
facet normal 0.321448 0.946927 -0.000000
 outer loop
  vertex 65.2153 55.4375 0.0000
  vertex 65.0790 55.4837 5.0000
  vertex 65.2153 55.4375 5.0000
 endloop
endfacet
facet normal 0.195076 0.980788 -0.000000
 outer loop
  vertex 65.3564 55.4094 0.0000
  vertex 65.2153 55.4375 5.0000
  vertex 65.3564 55.4094 5.0000
 endloop
endfacet
facet normal 0.065405 0.997859 -0.000000
 outer loop
  vertex 65.5000 55.4000 0.0000
  vertex 65.3564 55.4094 5.0000
  vertex 65.5000 55.4000 5.0000
 endloop
endfacet
facet normal 0.442265 0.896884 -0.000000
 outer loop
  vertex 65.0790 55.4837 0.0000
  vertex 64.9500 55.5474 5.0000
  vertex 65.0790 55.4837 5.0000
 endloop
endfacet
facet normal -0.065405 0.997859 0.000000
 outer loop
  vertex 65.6436 55.4094 0.0000
  vertex 65.5000 55.4000 5.0000
  vertex 65.6436 55.4094 5.0000
 endloop
endfacet
facet normal -0.195076 0.980788 0.000000
 outer loop
  vertex 65.7847 55.4375 0.0000
  vertex 65.6436 55.4094 5.0000
  vertex 65.7847 55.4375 5.0000
 endloop
endfacet
facet normal -0.321448 0.946927 0.000000
 outer loop
  vertex 65.9210 55.4837 0.0000
  vertex 65.7847 55.4375 5.0000
  vertex 65.9210 55.4837 5.0000
 endloop
endfacet
facet normal -0.442265 0.896884 0.000000
 outer loop
  vertex 66.0500 55.5474 0.0000
  vertex 65.9210 55.4837 5.0000
  vertex 66.0500 55.5474 5.0000
 endloop
endfacet
facet normal -0.555581 0.831463 0.000000
 outer loop
  vertex 66.1696 55.6273 0.0000
  vertex 66.0500 55.5474 5.0000
  vertex 66.1696 55.6273 5.0000
 endloop
endfacet
facet normal -0.659356 0.751831 0.000000
 outer loop
  vertex 66.2778 55.7222 0.0000
  vertex 66.1696 55.6273 5.0000
  vertex 66.2778 55.7222 5.0000
 endloop
endfacet
facet normal -0.751842 0.659343 0.000000
 outer loop
  vertex 66.3727 55.8304 0.0000
  vertex 66.2778 55.7222 5.0000
  vertex 66.3727 55.8304 5.0000
 endloop
endfacet
facet normal -0.831463 0.555581 0.000000
 outer loop
  vertex 66.4526 55.9500 0.0000
  vertex 66.3727 55.8304 5.0000
  vertex 66.4526 55.9500 5.0000
 endloop
endfacet
facet normal 0.980779 0.195122 -0.000000
 outer loop
  vertex 64.4375 56.2153 0.0000
  vertex 64.4094 56.3564 5.0000
  vertex 64.4375 56.2153 5.0000
 endloop
endfacet
facet normal 0.997861 0.065379 -0.000000
 outer loop
  vertex 64.4094 56.3564 0.0000
  vertex 64.4000 56.5000 5.0000
  vertex 64.4094 56.3564 5.0000
 endloop
endfacet
facet normal 0.997861 -0.065379 0.000000
 outer loop
  vertex 64.4000 56.5000 0.0000
  vertex 64.4094 56.6436 5.0000
  vertex 64.4000 56.5000 5.0000
 endloop
endfacet
facet normal 0.980779 -0.195122 0.000000
 outer loop
  vertex 64.4094 56.6436 0.0000
  vertex 64.4375 56.7847 5.0000
  vertex 64.4094 56.6436 5.0000
 endloop
endfacet
facet normal 0.946932 0.321433 -0.000000
 outer loop
  vertex 64.4837 56.0790 0.0000
  vertex 64.4375 56.2153 5.0000
  vertex 64.4837 56.0790 5.0000
 endloop
endfacet
facet normal 0.946932 -0.321433 0.000000
 outer loop
  vertex 64.4375 56.7847 0.0000
  vertex 64.4837 56.9210 5.0000
  vertex 64.4375 56.7847 5.0000
 endloop
endfacet
facet normal 0.896879 -0.442276 0.000000
 outer loop
  vertex 64.4837 56.9210 0.0000
  vertex 64.5474 57.0500 5.0000
  vertex 64.4837 56.9210 5.0000
 endloop
endfacet
facet normal 0.831463 -0.555581 0.000000
 outer loop
  vertex 64.5474 57.0500 0.0000
  vertex 64.6273 57.1696 5.0000
  vertex 64.5474 57.0500 5.0000
 endloop
endfacet
facet normal 0.751842 -0.659343 0.000000
 outer loop
  vertex 64.6273 57.1696 0.0000
  vertex 64.7222 57.2778 5.0000
  vertex 64.6273 57.1696 5.0000
 endloop
endfacet
facet normal 0.659356 -0.751831 0.000000
 outer loop
  vertex 64.7222 57.2778 0.0000
  vertex 64.8304 57.3727 5.0000
  vertex 64.7222 57.2778 5.0000
 endloop
endfacet
facet normal 0.555581 -0.831463 0.000000
 outer loop
  vertex 64.8304 57.3727 0.0000
  vertex 64.9500 57.4526 5.0000
  vertex 64.8304 57.3727 5.0000
 endloop
endfacet
facet normal 0.442265 -0.896884 0.000000
 outer loop
  vertex 64.9500 57.4526 0.0000
  vertex 65.0790 57.5163 5.0000
  vertex 64.9500 57.4526 5.0000
 endloop
endfacet
facet normal 0.321448 -0.946927 0.000000
 outer loop
  vertex 65.0790 57.5163 0.0000
  vertex 65.2153 57.5625 5.0000
  vertex 65.0790 57.5163 5.0000
 endloop
endfacet
facet normal 0.195076 -0.980788 0.000000
 outer loop
  vertex 65.2153 57.5625 0.0000
  vertex 65.3564 57.5906 5.0000
  vertex 65.2153 57.5625 5.0000
 endloop
endfacet
facet normal 0.065405 -0.997859 0.000000
 outer loop
  vertex 65.3564 57.5906 0.0000
  vertex 65.5000 57.6000 5.0000
  vertex 65.3564 57.5906 5.0000
 endloop
endfacet
facet normal -0.065405 -0.997859 0.000000
 outer loop
  vertex 65.5000 57.6000 0.0000
  vertex 65.6436 57.5906 5.0000
  vertex 65.5000 57.6000 5.0000
 endloop
endfacet
facet normal -0.442265 -0.896884 0.000000
 outer loop
  vertex 65.9210 57.5163 0.0000
  vertex 66.0500 57.4526 5.0000
  vertex 65.9210 57.5163 5.0000
 endloop
endfacet
facet normal -0.555581 -0.831463 0.000000
 outer loop
  vertex 66.0500 57.4526 0.0000
  vertex 66.1696 57.3727 5.0000
  vertex 66.0500 57.4526 5.0000
 endloop
endfacet
facet normal -0.195076 -0.980788 0.000000
 outer loop
  vertex 65.6436 57.5906 0.0000
  vertex 65.7847 57.5625 5.0000
  vertex 65.6436 57.5906 5.0000
 endloop
endfacet
facet normal -0.321448 -0.946927 0.000000
 outer loop
  vertex 65.7847 57.5625 0.0000
  vertex 65.9210 57.5163 5.0000
  vertex 65.7847 57.5625 5.0000
 endloop
endfacet
facet normal -0.896879 0.442276 0.000000
 outer loop
  vertex 66.5163 56.0790 0.0000
  vertex 66.4526 55.9500 5.0000
  vertex 66.5163 56.0790 5.0000
 endloop
endfacet
facet normal -0.946932 0.321433 0.000000
 outer loop
  vertex 66.5625 56.2153 0.0000
  vertex 66.5163 56.0790 5.0000
  vertex 66.5625 56.2153 5.0000
 endloop
endfacet
facet normal -0.980779 0.195122 0.000000
 outer loop
  vertex 66.5906 56.3564 0.0000
  vertex 66.5625 56.2153 5.0000
  vertex 66.5906 56.3564 5.0000
 endloop
endfacet
facet normal -0.997861 0.065379 0.000000
 outer loop
  vertex 66.6000 56.5000 0.0000
  vertex 66.5906 56.3564 5.0000
  vertex 66.6000 56.5000 5.0000
 endloop
endfacet
facet normal -0.980779 -0.195122 0.000000
 outer loop
  vertex 66.5625 56.7847 0.0000
  vertex 66.5906 56.6436 5.0000
  vertex 66.5625 56.7847 5.0000
 endloop
endfacet
facet normal -0.997861 -0.065379 0.000000
 outer loop
  vertex 66.5906 56.6436 0.0000
  vertex 66.6000 56.5000 5.0000
  vertex 66.5906 56.6436 5.0000
 endloop
endfacet
facet normal -0.946932 -0.321433 0.000000
 outer loop
  vertex 66.5163 56.9210 0.0000
  vertex 66.5625 56.7847 5.0000
  vertex 66.5163 56.9210 5.0000
 endloop
endfacet
facet normal -0.751842 -0.659343 0.000000
 outer loop
  vertex 66.2778 57.2778 0.0000
  vertex 66.3727 57.1696 5.0000
  vertex 66.2778 57.2778 5.0000
 endloop
endfacet
facet normal -0.831463 -0.555581 0.000000
 outer loop
  vertex 66.3727 57.1696 0.0000
  vertex 66.4526 57.0500 5.0000
  vertex 66.3727 57.1696 5.0000
 endloop
endfacet
facet normal -0.659356 -0.751831 0.000000
 outer loop
  vertex 66.1696 57.3727 0.0000
  vertex 66.2778 57.2778 5.0000
  vertex 66.1696 57.3727 5.0000
 endloop
endfacet
facet normal -0.896879 -0.442276 0.000000
 outer loop
  vertex 66.4526 57.0500 0.0000
  vertex 66.5163 56.9210 5.0000
  vertex 66.4526 57.0500 5.0000
 endloop
endfacet
facet normal 0.000000 0.000000 -1.000000
 outer loop
  vertex 0.0000 0.0000 0.0000
  vertex 0.0000 1.7574 0.0000
  vertex 1.7574 0.0000 0.0000
 endloop
endfacet
facet normal 0.000000 0.000000 -1.000000
 outer loop
  vertex 0.0000 1.7574 0.0000
  vertex 1.9936 0.2064 0.0000
  vertex 1.7574 0.0000 0.0000
 endloop
endfacet
facet normal 0.000000 0.000000 -1.000000
 outer loop
  vertex 0.0000 1.7574 0.0000
  vertex 1.7574 7.7645 0.0000
  vertex 1.9936 0.2064 0.0000
 endloop
endfacet
facet normal -1.000000 0.000000 0.000000
 outer loop
  vertex 0.0000 0.0000 0.0000
  vertex 0.0000 1.7574 2.0000
  vertex 0.0000 1.7574 0.0000
 endloop
endfacet
facet normal 0.000000 -1.000000 0.000000
 outer loop
  vertex 0.0000 0.0000 0.0000
  vertex 1.7574 0.0000 0.0000
  vertex 1.7574 0.0000 2.0000
 endloop
endfacet
facet normal -1.000000 0.000000 0.000000
 outer loop
  vertex 0.0000 0.0000 0.0000
  vertex 0.0000 0.0000 7.0000
  vertex 0.0000 1.7574 2.0000
 endloop
endfacet
facet normal 0.000000 -1.000000 0.000000
 outer loop
  vertex 0.0000 0.0000 0.0000
  vertex 1.7574 0.0000 2.0000
  vertex 0.0000 0.0000 7.0000
 endloop
endfacet
facet normal 0.000000 -1.000000 0.000000
 outer loop
  vertex 1.7574 0.0000 2.0000
  vertex 2.0000 0.0000 2.0000
  vertex 2.0000 0.0000 7.0000
 endloop
endfacet
facet normal 0.000000 -1.000000 0.000000
 outer loop
  vertex 1.7574 0.0000 2.0000
  vertex 2.0000 0.0000 7.0000
  vertex 0.0000 0.0000 7.0000
 endloop
endfacet
facet normal 1.000000 0.000000 0.000000
 outer loop
  vertex 2.0000 0.0000 2.0000
  vertex 2.0000 63.2937 2.0000
  vertex 2.0000 0.0000 7.0000
 endloop
endfacet
facet normal -1.000000 0.000000 0.000000
 outer loop
  vertex 0.0000 1.7574 2.0000
  vertex 0.0000 0.0000 7.0000
  vertex 0.0000 64.0000 7.0000
 endloop
endfacet
facet normal 0.000000 0.000000 1.000000
 outer loop
  vertex 0.0000 0.0000 7.0000
  vertex 2.0000 0.0000 7.0000
  vertex 0.0000 64.0000 7.0000
 endloop
endfacet
facet normal 0.000000 0.000000 -1.000000
 outer loop
  vertex 1.7574 7.7645 0.0000
  vertex 0.9232 34.4566 0.0000
  vertex 2.0000 61.0456 0.0000
 endloop
endfacet
facet normal 0.000000 0.000000 -1.000000
 outer loop
  vertex 0.9232 34.4566 0.0000
  vertex 0.0000 62.2426 0.0000
  vertex 0.0000 64.0000 0.0000
 endloop
endfacet
facet normal 0.000000 0.000000 -1.000000
 outer loop
  vertex 0.9232 34.4566 0.0000
  vertex 2.0000 63.7222 0.0000
  vertex 2.0000 61.0456 0.0000
 endloop
endfacet
facet normal 0.000000 0.000000 -1.000000
 outer loop
  vertex 0.9232 34.4566 0.0000
  vertex 0.0000 64.0000 0.0000
  vertex 1.7574 64.0000 0.0000
 endloop
endfacet
facet normal 0.000000 0.000000 -1.000000
 outer loop
  vertex 0.9232 34.4566 0.0000
  vertex 1.7574 64.0000 0.0000
  vertex 2.0000 63.7222 0.0000
 endloop
endfacet
facet normal -1.000000 0.000000 0.000000
 outer loop
  vertex 0.0000 62.2426 0.0000
  vertex 0.0000 62.2426 2.0000
  vertex 0.0000 64.0000 0.0000
 endloop
endfacet
facet normal 0.000000 1.000000 0.000000
 outer loop
  vertex 0.0000 64.0000 0.0000
  vertex 1.7574 64.0000 2.0000
  vertex 1.7574 64.0000 0.0000
 endloop
endfacet
facet normal -1.000000 0.000000 0.000000
 outer loop
  vertex 0.0000 64.0000 0.0000
  vertex 0.0000 62.2426 2.0000
  vertex 0.0000 64.0000 7.0000
 endloop
endfacet
facet normal 0.000000 1.000000 0.000000
 outer loop
  vertex 0.0000 64.0000 0.0000
  vertex 2.0000 64.0000 7.0000
  vertex 1.7574 64.0000 2.0000
 endloop
endfacet
facet normal -1.000000 0.000000 0.000000
 outer loop
  vertex 0.0000 1.7574 2.0000
  vertex 0.0000 64.0000 7.0000
  vertex 0.0000 62.2426 2.0000
 endloop
endfacet
facet normal 1.000000 -0.000000 0.000000
 outer loop
  vertex 2.0000 0.0000 7.0000
  vertex 2.0000 63.2937 2.0000
  vertex 2.0000 64.0000 7.0000
 endloop
endfacet
facet normal 0.000000 -0.000000 1.000000
 outer loop
  vertex 2.0000 0.0000 7.0000
  vertex 2.0000 64.0000 7.0000
  vertex 0.0000 64.0000 7.0000
 endloop
endfacet
facet normal 0.000000 1.000000 0.000000
 outer loop
  vertex 1.7574 64.0000 2.0000
  vertex 2.0000 64.0000 7.0000
  vertex 2.0000 64.0000 2.0000
 endloop
endfacet
facet normal 1.000000 0.000000 0.000000
 outer loop
  vertex 2.0000 63.2937 2.0000
  vertex 2.0000 64.0000 2.0000
  vertex 2.0000 64.0000 7.0000
 endloop
endfacet
facet normal 0.000000 1.000000 0.000000
 outer loop
  vertex 0.0000 64.0000 0.0000
  vertex 0.0000 64.0000 7.0000
  vertex 2.0000 64.0000 7.0000
 endloop
endfacet
facet normal 0.000000 0.000000 -1.000000
 outer loop
  vertex 71.0000 0.0172 0.0000
  vertex 71.0000 0.3837 0.0000
  vertex 71.2426 0.0000 0.0000
 endloop
endfacet
facet normal 0.000000 0.000000 -1.000000
 outer loop
  vertex 71.0000 0.3837 0.0000
  vertex 72.9467 1.7041 0.0000
  vertex 71.2426 0.0000 0.0000
 endloop
endfacet
facet normal 0.000000 0.000000 -1.000000
 outer loop
  vertex 71.2426 0.0000 0.0000
  vertex 72.9467 1.7041 0.0000
  vertex 73.0000 0.0000 0.0000
 endloop
endfacet
facet normal 0.000000 0.000000 -1.000000
 outer loop
  vertex 73.0000 0.0000 0.0000
  vertex 72.9467 1.7041 0.0000
  vertex 73.0000 1.7574 0.0000
 endloop
endfacet
facet normal 0.000000 -1.000000 0.000000
 outer loop
  vertex 71.2426 0.0000 0.0000
  vertex 73.0000 0.0000 0.0000
  vertex 71.2426 0.0000 2.0000
 endloop
endfacet
facet normal 1.000000 0.000000 0.000000
 outer loop
  vertex 73.0000 0.0000 0.0000
  vertex 73.0000 1.7574 0.0000
  vertex 73.0000 1.7574 2.0000
 endloop
endfacet
facet normal 0.000000 0.000000 -1.000000
 outer loop
  vertex 71.0000 0.3837 0.0000
  vertex 72.0768 29.5434 0.0000
  vertex 72.9467 1.7041 0.0000
 endloop
endfacet
facet normal 0.000000 -1.000000 0.000000
 outer loop
  vertex 73.0000 0.0000 0.0000
  vertex 71.0000 0.0000 7.0000
  vertex 71.2426 0.0000 2.0000
 endloop
endfacet
facet normal 1.000000 0.000000 0.000000
 outer loop
  vertex 73.0000 0.0000 0.0000
  vertex 73.0000 1.7574 2.0000
  vertex 73.0000 0.0000 7.0000
 endloop
endfacet
facet normal 0.000000 -1.000000 0.000000
 outer loop
  vertex 71.0000 0.0000 2.0000
  vertex 71.2426 0.0000 2.0000
  vertex 71.0000 0.0000 7.0000
 endloop
endfacet
facet normal 0.000000 -1.000000 0.000000
 outer loop
  vertex 73.0000 0.0000 0.0000
  vertex 73.0000 0.0000 7.0000
  vertex 71.0000 0.0000 7.0000
 endloop
endfacet
facet normal 1.000000 0.000000 -0.000000
 outer loop
  vertex 73.0000 1.7574 2.0000
  vertex 73.0000 62.2426 2.0000
  vertex 73.0000 0.0000 7.0000
 endloop
endfacet
facet normal -1.000000 0.000000 0.000000
 outer loop
  vertex 71.0000 0.0000 2.0000
  vertex 71.0000 0.0000 7.0000
  vertex 71.0000 64.0000 7.0000
 endloop
endfacet
facet normal 0.000000 0.000000 1.000000
 outer loop
  vertex 71.0000 0.0000 7.0000
  vertex 73.0000 0.0000 7.0000
  vertex 71.0000 64.0000 7.0000
 endloop
endfacet
facet normal 0.000000 0.000000 -1.000000
 outer loop
  vertex 71.0008 63.9757 0.0000
  vertex 73.0000 62.2426 0.0000
  vertex 71.0102 63.6740 0.0000
 endloop
endfacet
facet normal 0.000000 0.000000 -1.000000
 outer loop
  vertex 71.0008 63.9757 0.0000
  vertex 71.2426 64.0000 0.0000
  vertex 73.0000 62.2426 0.0000
 endloop
endfacet
facet normal 0.000000 0.000000 -1.000000
 outer loop
  vertex 71.2426 64.0000 0.0000
  vertex 73.0000 64.0000 0.0000
  vertex 73.0000 62.2426 0.0000
 endloop
endfacet
facet normal 0.000000 1.000000 0.000000
 outer loop
  vertex 71.2426 64.0000 0.0000
  vertex 71.2426 64.0000 2.0000
  vertex 73.0000 64.0000 0.0000
 endloop
endfacet
facet normal 1.000000 0.000000 0.000000
 outer loop
  vertex 73.0000 62.2426 0.0000
  vertex 73.0000 64.0000 0.0000
  vertex 73.0000 62.2426 2.0000
 endloop
endfacet
facet normal 0.000000 1.000000 -0.000000
 outer loop
  vertex 73.0000 64.0000 0.0000
  vertex 71.2426 64.0000 2.0000
  vertex 73.0000 64.0000 7.0000
 endloop
endfacet
facet normal 1.000000 0.000000 -0.000000
 outer loop
  vertex 73.0000 64.0000 0.0000
  vertex 73.0000 64.0000 7.0000
  vertex 73.0000 62.2426 2.0000
 endloop
endfacet
facet normal -1.000000 0.000000 0.000000
 outer loop
  vertex 71.0000 0.0000 2.0000
  vertex 71.0000 64.0000 7.0000
  vertex 71.0000 64.0000 2.0000
 endloop
endfacet
facet normal 1.000000 -0.000000 0.000000
 outer loop
  vertex 73.0000 0.0000 7.0000
  vertex 73.0000 62.2426 2.0000
  vertex 73.0000 64.0000 7.0000
 endloop
endfacet
facet normal 0.000000 -0.000000 1.000000
 outer loop
  vertex 73.0000 0.0000 7.0000
  vertex 73.0000 64.0000 7.0000
  vertex 71.0000 64.0000 7.0000
 endloop
endfacet
facet normal 0.000000 1.000000 0.000000
 outer loop
  vertex 71.0000 64.0000 2.0000
  vertex 71.0000 64.0000 7.0000
  vertex 71.2426 64.0000 2.0000
 endloop
endfacet
facet normal 0.000000 1.000000 -0.000000
 outer loop
  vertex 71.2426 64.0000 2.0000
  vertex 71.0000 64.0000 7.0000
  vertex 73.0000 64.0000 7.0000
 endloop
endfacet
facet normal 0.707107 0.707107 -0.000000
 outer loop
  vertex 25.5000 51.1716 0.0000
  vertex 25.5000 51.1716 2.0000
  vertex 26.6716 50.0000 0.0000
 endloop
endfacet
facet normal 0.707107 0.707107 -0.000000
 outer loop
  vertex 26.6716 50.0000 0.0000
  vertex 25.5000 51.1716 2.0000
  vertex 26.6716 50.0000 2.0000
 endloop
endfacet
facet normal 1.000000 0.000000 0.000000
 outer loop
  vertex 25.5000 51.1716 0.0000
  vertex 25.5000 64.0000 2.0000
  vertex 25.5000 51.1716 2.0000
 endloop
endfacet
facet normal 1.000000 0.000000 0.000000
 outer loop
  vertex 25.5000 51.1716 0.0000
  vertex 25.5000 64.0000 0.0000
  vertex 25.5000 64.0000 2.0000
 endloop
endfacet
facet normal 0.000000 1.000000 0.000000
 outer loop
  vertex 26.6716 50.0000 0.0000
  vertex 31.5858 50.0000 2.0000
  vertex 46.3284 50.0000 0.0000
 endloop
endfacet
facet normal 0.000000 1.000000 0.000000
 outer loop
  vertex 26.6716 50.0000 0.0000
  vertex 26.6716 50.0000 2.0000
  vertex 31.5858 50.0000 2.0000
 endloop
endfacet
facet normal -0.000000 1.000000 0.000000
 outer loop
  vertex 31.5858 50.0000 2.0000
  vertex 46.3284 50.0000 2.0000
  vertex 46.3284 50.0000 0.0000
 endloop
endfacet
facet normal -0.707107 0.707107 0.000000
 outer loop
  vertex 46.3284 50.0000 0.0000
  vertex 46.3284 50.0000 2.0000
  vertex 47.5000 51.1716 0.0000
 endloop
endfacet
facet normal -1.000000 0.000000 0.000000
 outer loop
  vertex 47.5000 51.1716 0.0000
  vertex 47.5000 51.1716 2.0000
  vertex 47.5000 64.0000 0.0000
 endloop
endfacet
facet normal -0.707107 0.707107 0.000000
 outer loop
  vertex 47.5000 51.1716 0.0000
  vertex 46.3284 50.0000 2.0000
  vertex 47.5000 51.1716 2.0000
 endloop
endfacet
facet normal -1.000000 0.000000 0.000000
 outer loop
  vertex 47.5000 64.0000 0.0000
  vertex 47.5000 51.1716 2.0000
  vertex 47.5000 64.0000 2.0000
 endloop
endfacet
facet normal 0.707107 0.707107 -0.000000
 outer loop
  vertex 12.0000 17.8787 0.0000
  vertex 12.0000 17.8787 2.0000
  vertex 12.8787 17.0000 0.0000
 endloop
endfacet
facet normal 1.000000 0.000000 0.000000
 outer loop
  vertex 12.0000 17.8787 0.0000
  vertex 12.0000 21.1213 0.0000
  vertex 12.0000 21.1213 2.0000
 endloop
endfacet
facet normal 0.707107 -0.707107 0.000000
 outer loop
  vertex 12.0000 21.1213 0.0000
  vertex 12.8787 22.0000 0.0000
  vertex 12.8787 22.0000 2.0000
 endloop
endfacet
facet normal 0.000000 1.000000 0.000000
 outer loop
  vertex 12.8787 17.0000 0.0000
  vertex 12.8787 17.0000 2.0000
  vertex 20.1213 17.0000 0.0000
 endloop
endfacet
facet normal 0.000000 -1.000000 0.000000
 outer loop
  vertex 12.8787 22.0000 0.0000
  vertex 20.1213 22.0000 0.0000
  vertex 20.1213 22.0000 2.0000
 endloop
endfacet
facet normal 0.707107 0.707107 -0.000000
 outer loop
  vertex 12.8787 17.0000 0.0000
  vertex 12.0000 17.8787 2.0000
  vertex 12.8787 17.0000 2.0000
 endloop
endfacet
facet normal 1.000000 0.000000 0.000000
 outer loop
  vertex 12.0000 17.8787 0.0000
  vertex 12.0000 21.1213 2.0000
  vertex 12.0000 17.8787 2.0000
 endloop
endfacet
facet normal 0.707107 -0.707107 0.000000
 outer loop
  vertex 12.0000 21.1213 0.0000
  vertex 12.8787 22.0000 2.0000
  vertex 12.0000 21.1213 2.0000
 endloop
endfacet
facet normal -0.000000 1.000000 0.000000
 outer loop
  vertex 12.8787 17.0000 2.0000
  vertex 20.1213 17.0000 2.0000
  vertex 20.1213 17.0000 0.0000
 endloop
endfacet
facet normal 0.000000 -1.000000 0.000000
 outer loop
  vertex 12.8787 22.0000 0.0000
  vertex 20.1213 22.0000 2.0000
  vertex 12.8787 22.0000 2.0000
 endloop
endfacet
facet normal -0.707107 0.707107 0.000000
 outer loop
  vertex 20.1213 17.0000 0.0000
  vertex 20.1213 17.0000 2.0000
  vertex 21.0000 17.8787 0.0000
 endloop
endfacet
facet normal -1.000000 0.000000 0.000000
 outer loop
  vertex 21.0000 17.8787 0.0000
  vertex 21.0000 17.8787 2.0000
  vertex 21.0000 21.1213 0.0000
 endloop
endfacet
facet normal -0.707107 -0.707107 0.000000
 outer loop
  vertex 20.1213 22.0000 0.0000
  vertex 21.0000 21.1213 0.0000
  vertex 21.0000 21.1213 2.0000
 endloop
endfacet
facet normal -0.707107 0.707107 0.000000
 outer loop
  vertex 21.0000 17.8787 0.0000
  vertex 20.1213 17.0000 2.0000
  vertex 21.0000 17.8787 2.0000
 endloop
endfacet
facet normal -0.707107 -0.707107 0.000000
 outer loop
  vertex 20.1213 22.0000 0.0000
  vertex 21.0000 21.1213 2.0000
  vertex 20.1213 22.0000 2.0000
 endloop
endfacet
facet normal -1.000000 0.000000 0.000000
 outer loop
  vertex 21.0000 21.1213 0.0000
  vertex 21.0000 17.8787 2.0000
  vertex 21.0000 21.1213 2.0000
 endloop
endfacet
facet normal 0.707107 0.707107 -0.000000
 outer loop
  vertex 12.0000 28.8787 0.0000
  vertex 12.0000 28.8787 2.0000
  vertex 12.8787 28.0000 0.0000
 endloop
endfacet
facet normal 1.000000 0.000000 0.000000
 outer loop
  vertex 12.0000 28.8787 0.0000
  vertex 12.0000 32.1213 0.0000
  vertex 12.0000 32.1213 2.0000
 endloop
endfacet
facet normal 0.000000 1.000000 0.000000
 outer loop
  vertex 12.8787 28.0000 0.0000
  vertex 12.8787 28.0000 2.0000
  vertex 20.1213 28.0000 0.0000
 endloop
endfacet
facet normal 1.000000 0.000000 0.000000
 outer loop
  vertex 12.0000 28.8787 0.0000
  vertex 12.0000 32.1213 2.0000
  vertex 12.0000 28.8787 2.0000
 endloop
endfacet
facet normal 0.707107 0.707107 -0.000000
 outer loop
  vertex 12.8787 28.0000 0.0000
  vertex 12.0000 28.8787 2.0000
  vertex 12.8787 28.0000 2.0000
 endloop
endfacet
facet normal -0.000000 1.000000 0.000000
 outer loop
  vertex 12.8787 28.0000 2.0000
  vertex 20.1213 28.0000 2.0000
  vertex 20.1213 28.0000 0.0000
 endloop
endfacet
facet normal -0.707107 0.707107 0.000000
 outer loop
  vertex 20.1213 28.0000 0.0000
  vertex 20.1213 28.0000 2.0000
  vertex 21.0000 28.8787 0.0000
 endloop
endfacet
facet normal -1.000000 0.000000 0.000000
 outer loop
  vertex 21.0000 28.8787 0.0000
  vertex 21.0000 28.8787 2.0000
  vertex 21.0000 32.1213 0.0000
 endloop
endfacet
facet normal -0.707107 0.707107 0.000000
 outer loop
  vertex 21.0000 28.8787 0.0000
  vertex 20.1213 28.0000 2.0000
  vertex 21.0000 28.8787 2.0000
 endloop
endfacet
facet normal -1.000000 0.000000 0.000000
 outer loop
  vertex 21.0000 28.8787 2.0000
  vertex 21.0000 32.1213 2.0000
  vertex 21.0000 32.1213 0.0000
 endloop
endfacet
facet normal 0.707108 -0.707106 0.000000
 outer loop
  vertex 12.0000 32.1213 0.0000
  vertex 12.8787 33.0000 0.0000
  vertex 12.8787 33.0000 2.0000
 endloop
endfacet
facet normal 0.000000 -1.000000 0.000000
 outer loop
  vertex 12.8787 33.0000 0.0000
  vertex 20.1213 33.0000 0.0000
  vertex 20.1213 33.0000 2.0000
 endloop
endfacet
facet normal 0.707108 -0.707106 0.000000
 outer loop
  vertex 12.0000 32.1213 0.0000
  vertex 12.8787 33.0000 2.0000
  vertex 12.0000 32.1213 2.0000
 endloop
endfacet
facet normal 0.000000 -1.000000 0.000000
 outer loop
  vertex 12.8787 33.0000 0.0000
  vertex 20.1213 33.0000 2.0000
  vertex 12.8787 33.0000 2.0000
 endloop
endfacet
facet normal -0.707108 -0.707106 0.000000
 outer loop
  vertex 20.1213 33.0000 0.0000
  vertex 21.0000 32.1213 0.0000
  vertex 21.0000 32.1213 2.0000
 endloop
endfacet
facet normal -0.707108 -0.707106 0.000000
 outer loop
  vertex 20.1213 33.0000 0.0000
  vertex 21.0000 32.1213 2.0000
  vertex 20.1213 33.0000 2.0000
 endloop
endfacet
facet normal 0.707108 0.707106 -0.000000
 outer loop
  vertex 12.0000 39.8787 0.0000
  vertex 12.0000 39.8787 2.0000
  vertex 12.8787 39.0000 0.0000
 endloop
endfacet
facet normal 0.000000 1.000000 0.000000
 outer loop
  vertex 12.8787 39.0000 0.0000
  vertex 12.8787 39.0000 2.0000
  vertex 20.1213 39.0000 0.0000
 endloop
endfacet
facet normal 0.707108 0.707106 -0.000000
 outer loop
  vertex 12.8787 39.0000 0.0000
  vertex 12.0000 39.8787 2.0000
  vertex 12.8787 39.0000 2.0000
 endloop
endfacet
facet normal -0.000000 1.000000 0.000000
 outer loop
  vertex 12.8787 39.0000 2.0000
  vertex 20.1213 39.0000 2.0000
  vertex 20.1213 39.0000 0.0000
 endloop
endfacet
facet normal 1.000000 0.000000 0.000000
 outer loop
  vertex 12.0000 39.8787 0.0000
  vertex 12.0000 43.1213 0.0000
  vertex 12.0000 43.1213 2.0000
 endloop
endfacet
facet normal 0.707108 -0.707106 0.000000
 outer loop
  vertex 12.0000 43.1213 0.0000
  vertex 12.8787 44.0000 0.0000
  vertex 12.8787 44.0000 2.0000
 endloop
endfacet
facet normal 0.000000 -1.000000 0.000000
 outer loop
  vertex 12.8787 44.0000 0.0000
  vertex 20.1213 44.0000 0.0000
  vertex 20.1213 44.0000 2.0000
 endloop
endfacet
facet normal 1.000000 0.000000 0.000000
 outer loop
  vertex 12.0000 39.8787 0.0000
  vertex 12.0000 43.1213 2.0000
  vertex 12.0000 39.8787 2.0000
 endloop
endfacet
facet normal 0.707108 -0.707106 0.000000
 outer loop
  vertex 12.0000 43.1213 0.0000
  vertex 12.8787 44.0000 2.0000
  vertex 12.0000 43.1213 2.0000
 endloop
endfacet
facet normal 0.000000 -1.000000 0.000000
 outer loop
  vertex 12.8787 44.0000 0.0000
  vertex 20.1213 44.0000 2.0000
  vertex 12.8787 44.0000 2.0000
 endloop
endfacet
facet normal -0.707108 0.707106 0.000000
 outer loop
  vertex 20.1213 39.0000 0.0000
  vertex 20.1213 39.0000 2.0000
  vertex 21.0000 39.8787 0.0000
 endloop
endfacet
facet normal -0.707108 0.707106 0.000000
 outer loop
  vertex 21.0000 39.8787 0.0000
  vertex 20.1213 39.0000 2.0000
  vertex 21.0000 39.8787 2.0000
 endloop
endfacet
facet normal -1.000000 0.000000 0.000000
 outer loop
  vertex 21.0000 39.8787 0.0000
  vertex 21.0000 39.8787 2.0000
  vertex 21.0000 43.1213 0.0000
 endloop
endfacet
facet normal -0.707108 -0.707106 0.000000
 outer loop
  vertex 21.0000 43.1213 0.0000
  vertex 21.0000 43.1213 2.0000
  vertex 20.1213 44.0000 0.0000
 endloop
endfacet
facet normal -0.707108 -0.707106 0.000000
 outer loop
  vertex 20.1213 44.0000 0.0000
  vertex 21.0000 43.1213 2.0000
  vertex 20.1213 44.0000 2.0000
 endloop
endfacet
facet normal -1.000000 0.000000 0.000000
 outer loop
  vertex 21.0000 43.1213 0.0000
  vertex 21.0000 39.8787 2.0000
  vertex 21.0000 43.1213 2.0000
 endloop
endfacet
facet normal 0.707107 0.707107 -0.000000
 outer loop
  vertex 25.0000 17.8787 0.0000
  vertex 25.0000 17.8787 2.0000
  vertex 25.8787 17.0000 0.0000
 endloop
endfacet
facet normal 1.000000 0.000000 0.000000
 outer loop
  vertex 25.0000 17.8787 0.0000
  vertex 25.0000 21.1213 0.0000
  vertex 25.0000 21.1213 2.0000
 endloop
endfacet
facet normal 0.707107 -0.707107 0.000000
 outer loop
  vertex 25.0000 21.1213 0.0000
  vertex 25.8787 22.0000 0.0000
  vertex 25.8787 22.0000 2.0000
 endloop
endfacet
facet normal 1.000000 0.000000 0.000000
 outer loop
  vertex 25.0000 17.8787 0.0000
  vertex 25.0000 21.1213 2.0000
  vertex 25.0000 17.8787 2.0000
 endloop
endfacet
facet normal 0.707107 0.707107 -0.000000
 outer loop
  vertex 25.8787 17.0000 0.0000
  vertex 25.0000 17.8787 2.0000
  vertex 25.8787 17.0000 2.0000
 endloop
endfacet
facet normal 0.707107 -0.707107 0.000000
 outer loop
  vertex 25.0000 21.1213 0.0000
  vertex 25.8787 22.0000 2.0000
  vertex 25.0000 21.1213 2.0000
 endloop
endfacet
facet normal 0.000000 1.000000 0.000000
 outer loop
  vertex 25.8787 17.0000 0.0000
  vertex 25.8787 17.0000 2.0000
  vertex 33.1213 17.0000 0.0000
 endloop
endfacet
facet normal 0.000000 -1.000000 0.000000
 outer loop
  vertex 25.8787 22.0000 0.0000
  vertex 26.3026 22.0000 0.0000
  vertex 33.1213 22.0000 2.0000
 endloop
endfacet
facet normal 0.000000 -1.000000 0.000000
 outer loop
  vertex 26.3026 22.0000 0.0000
  vertex 33.1213 22.0000 0.0000
  vertex 33.1213 22.0000 2.0000
 endloop
endfacet
facet normal -0.707106 0.707108 0.000000
 outer loop
  vertex 33.1213 17.0000 0.0000
  vertex 33.1213 17.0000 2.0000
  vertex 34.0000 17.8787 0.0000
 endloop
endfacet
facet normal -1.000000 0.000000 0.000000
 outer loop
  vertex 34.0000 17.8787 0.0000
  vertex 34.0000 17.8787 2.0000
  vertex 34.0000 21.1213 0.0000
 endloop
endfacet
facet normal -0.707106 -0.707108 0.000000
 outer loop
  vertex 34.0000 21.1213 0.0000
  vertex 34.0000 21.1213 2.0000
  vertex 33.1213 22.0000 0.0000
 endloop
endfacet
facet normal 0.000000 1.000000 -0.000000
 outer loop
  vertex 33.1213 17.0000 0.0000
  vertex 25.8787 17.0000 2.0000
  vertex 33.1213 17.0000 2.0000
 endloop
endfacet
facet normal 0.000000 -1.000000 0.000000
 outer loop
  vertex 25.8787 22.0000 0.0000
  vertex 33.1213 22.0000 2.0000
  vertex 25.8787 22.0000 2.0000
 endloop
endfacet
facet normal -0.707106 0.707108 0.000000
 outer loop
  vertex 34.0000 17.8787 0.0000
  vertex 33.1213 17.0000 2.0000
  vertex 34.0000 17.8787 2.0000
 endloop
endfacet
facet normal -1.000000 0.000000 0.000000
 outer loop
  vertex 34.0000 21.1213 0.0000
  vertex 34.0000 17.8787 2.0000
  vertex 34.0000 21.1213 2.0000
 endloop
endfacet
facet normal -0.707106 -0.707108 0.000000
 outer loop
  vertex 33.1213 22.0000 0.0000
  vertex 34.0000 21.1213 2.0000
  vertex 33.1213 22.0000 2.0000
 endloop
endfacet
facet normal 1.000000 0.000000 0.000000
 outer loop
  vertex 25.0000 28.8787 0.0000
  vertex 25.0000 32.1213 0.0000
  vertex 25.0000 32.1213 2.0000
 endloop
endfacet
facet normal 0.707107 0.707107 -0.000000
 outer loop
  vertex 25.0000 28.8787 0.0000
  vertex 25.0000 28.8787 2.0000
  vertex 25.8787 28.0000 0.0000
 endloop
endfacet
facet normal 1.000000 0.000000 0.000000
 outer loop
  vertex 25.0000 28.8787 0.0000
  vertex 25.0000 32.1213 2.0000
  vertex 25.0000 28.8787 2.0000
 endloop
endfacet
facet normal 0.707107 0.707107 -0.000000
 outer loop
  vertex 25.8787 28.0000 0.0000
  vertex 25.0000 28.8787 2.0000
  vertex 25.8787 28.0000 2.0000
 endloop
endfacet
facet normal 0.000000 1.000000 0.000000
 outer loop
  vertex 25.8787 28.0000 0.0000
  vertex 25.8787 28.0000 2.0000
  vertex 32.4827 28.0000 0.0000
 endloop
endfacet
facet normal 0.000000 1.000000 -0.000000
 outer loop
  vertex 32.4827 28.0000 0.0000
  vertex 32.0989 28.0000 2.0000
  vertex 33.1213 28.0000 0.0000
 endloop
endfacet
facet normal -0.707106 0.707108 0.000000
 outer loop
  vertex 33.1213 28.0000 0.0000
  vertex 33.1213 28.0000 2.0000
  vertex 34.0000 28.8787 0.0000
 endloop
endfacet
facet normal -1.000000 0.000000 0.000000
 outer loop
  vertex 34.0000 28.8787 0.0000
  vertex 34.0000 28.8787 2.0000
  vertex 34.0000 32.1213 0.0000
 endloop
endfacet
facet normal 0.000000 1.000000 0.000000
 outer loop
  vertex 32.4827 28.0000 0.0000
  vertex 25.8787 28.0000 2.0000
  vertex 32.0989 28.0000 2.0000
 endloop
endfacet
facet normal 0.000000 1.000000 -0.000000
 outer loop
  vertex 33.1213 28.0000 0.0000
  vertex 32.0989 28.0000 2.0000
  vertex 33.1213 28.0000 2.0000
 endloop
endfacet
facet normal -0.707106 0.707108 0.000000
 outer loop
  vertex 34.0000 28.8787 0.0000
  vertex 33.1213 28.0000 2.0000
  vertex 34.0000 28.8787 2.0000
 endloop
endfacet
facet normal -1.000000 0.000000 0.000000
 outer loop
  vertex 34.0000 28.8787 2.0000
  vertex 34.0000 32.1213 2.0000
  vertex 34.0000 32.1213 0.0000
 endloop
endfacet
facet normal 0.707108 -0.707106 0.000000
 outer loop
  vertex 25.0000 32.1213 0.0000
  vertex 25.8787 33.0000 0.0000
  vertex 25.8787 33.0000 2.0000
 endloop
endfacet
facet normal 0.707108 -0.707106 0.000000
 outer loop
  vertex 25.0000 32.1213 0.0000
  vertex 25.8787 33.0000 2.0000
  vertex 25.0000 32.1213 2.0000
 endloop
endfacet
facet normal 0.000000 -1.000000 0.000000
 outer loop
  vertex 25.8787 33.0000 0.0000
  vertex 33.1213 33.0000 0.0000
  vertex 33.1213 33.0000 2.0000
 endloop
endfacet
facet normal -0.707107 -0.707107 0.000000
 outer loop
  vertex 34.0000 32.1213 0.0000
  vertex 34.0000 32.1213 2.0000
  vertex 33.1213 33.0000 0.0000
 endloop
endfacet
facet normal 0.000000 -1.000000 0.000000
 outer loop
  vertex 25.8787 33.0000 0.0000
  vertex 33.1213 33.0000 2.0000
  vertex 25.8787 33.0000 2.0000
 endloop
endfacet
facet normal -0.707107 -0.707107 0.000000
 outer loop
  vertex 33.1213 33.0000 0.0000
  vertex 34.0000 32.1213 2.0000
  vertex 33.1213 33.0000 2.0000
 endloop
endfacet
facet normal 0.707108 0.707106 -0.000000
 outer loop
  vertex 25.0000 39.8787 0.0000
  vertex 25.0000 39.8787 2.0000
  vertex 25.8787 39.0000 0.0000
 endloop
endfacet
facet normal 0.707108 0.707106 -0.000000
 outer loop
  vertex 25.8787 39.0000 0.0000
  vertex 25.0000 39.8787 2.0000
  vertex 25.8787 39.0000 2.0000
 endloop
endfacet
facet normal 1.000000 0.000000 0.000000
 outer loop
  vertex 25.0000 39.8787 0.0000
  vertex 25.0000 43.1213 0.0000
  vertex 25.0000 43.1213 2.0000
 endloop
endfacet
facet normal 0.707108 -0.707106 0.000000
 outer loop
  vertex 25.0000 43.1213 0.0000
  vertex 25.8787 44.0000 0.0000
  vertex 25.8787 44.0000 2.0000
 endloop
endfacet
facet normal 1.000000 0.000000 0.000000
 outer loop
  vertex 25.0000 39.8787 0.0000
  vertex 25.0000 43.1213 2.0000
  vertex 25.0000 39.8787 2.0000
 endloop
endfacet
facet normal 0.707108 -0.707106 0.000000
 outer loop
  vertex 25.0000 43.1213 0.0000
  vertex 25.8787 44.0000 2.0000
  vertex 25.0000 43.1213 2.0000
 endloop
endfacet
facet normal 0.000000 1.000000 0.000000
 outer loop
  vertex 25.8787 39.0000 0.0000
  vertex 25.8787 39.0000 2.0000
  vertex 33.1213 39.0000 0.0000
 endloop
endfacet
facet normal -0.707107 0.707107 0.000000
 outer loop
  vertex 33.1213 39.0000 0.0000
  vertex 33.1213 39.0000 2.0000
  vertex 34.0000 39.8787 0.0000
 endloop
endfacet
facet normal 0.000000 1.000000 -0.000000
 outer loop
  vertex 33.1213 39.0000 0.0000
  vertex 25.8787 39.0000 2.0000
  vertex 33.1213 39.0000 2.0000
 endloop
endfacet
facet normal -0.707107 0.707107 0.000000
 outer loop
  vertex 34.0000 39.8787 0.0000
  vertex 33.1213 39.0000 2.0000
  vertex 34.0000 39.8787 2.0000
 endloop
endfacet
facet normal 0.000000 -1.000000 0.000000
 outer loop
  vertex 25.8787 44.0000 0.0000
  vertex 33.1213 44.0000 0.0000
  vertex 33.1213 44.0000 2.0000
 endloop
endfacet
facet normal -1.000000 0.000000 0.000000
 outer loop
  vertex 34.0000 39.8787 0.0000
  vertex 34.0000 39.8787 2.0000
  vertex 34.0000 43.1213 0.0000
 endloop
endfacet
facet normal -0.707107 -0.707107 0.000000
 outer loop
  vertex 34.0000 43.1213 0.0000
  vertex 34.0000 43.1213 2.0000
  vertex 33.1213 44.0000 0.0000
 endloop
endfacet
facet normal 0.000000 -1.000000 0.000000
 outer loop
  vertex 25.8787 44.0000 0.0000
  vertex 33.1213 44.0000 2.0000
  vertex 25.8787 44.0000 2.0000
 endloop
endfacet
facet normal -1.000000 0.000000 0.000000
 outer loop
  vertex 34.0000 43.1213 0.0000
  vertex 34.0000 39.8787 2.0000
  vertex 34.0000 43.1213 2.0000
 endloop
endfacet
facet normal -0.707107 -0.707107 0.000000
 outer loop
  vertex 33.1213 44.0000 0.0000
  vertex 34.0000 43.1213 2.0000
  vertex 33.1213 44.0000 2.0000
 endloop
endfacet
facet normal 0.707106 0.707108 -0.000000
 outer loop
  vertex 38.0000 17.8787 0.0000
  vertex 38.0000 17.8787 2.0000
  vertex 38.8787 17.0000 0.0000
 endloop
endfacet
facet normal 1.000000 0.000000 0.000000
 outer loop
  vertex 38.0000 17.8787 0.0000
  vertex 38.0000 21.1213 0.0000
  vertex 38.0000 21.1213 2.0000
 endloop
endfacet
facet normal 0.707106 -0.707108 0.000000
 outer loop
  vertex 38.0000 21.1213 0.0000
  vertex 38.8787 22.0000 0.0000
  vertex 38.8787 22.0000 2.0000
 endloop
endfacet
facet normal 0.000000 1.000000 0.000000
 outer loop
  vertex 38.8787 17.0000 0.0000
  vertex 38.8787 17.0000 2.0000
  vertex 46.1213 17.0000 0.0000
 endloop
endfacet
facet normal 0.000000 -1.000000 0.000000
 outer loop
  vertex 38.8787 22.0000 0.0000
  vertex 46.1213 22.0000 0.0000
  vertex 46.1213 22.0000 2.0000
 endloop
endfacet
facet normal 0.707106 0.707108 -0.000000
 outer loop
  vertex 38.8787 17.0000 0.0000
  vertex 38.0000 17.8787 2.0000
  vertex 38.8787 17.0000 2.0000
 endloop
endfacet
facet normal 1.000000 0.000000 0.000000
 outer loop
  vertex 38.0000 17.8787 0.0000
  vertex 38.0000 21.1213 2.0000
  vertex 38.0000 17.8787 2.0000
 endloop
endfacet
facet normal 0.707106 -0.707108 0.000000
 outer loop
  vertex 38.0000 21.1213 0.0000
  vertex 38.8787 22.0000 2.0000
  vertex 38.0000 21.1213 2.0000
 endloop
endfacet
facet normal 0.000000 1.000000 -0.000000
 outer loop
  vertex 46.1213 17.0000 0.0000
  vertex 38.8787 17.0000 2.0000
  vertex 46.1213 17.0000 2.0000
 endloop
endfacet
facet normal 0.000000 -1.000000 0.000000
 outer loop
  vertex 38.8787 22.0000 0.0000
  vertex 46.1213 22.0000 2.0000
  vertex 38.8787 22.0000 2.0000
 endloop
endfacet
facet normal -0.707106 0.707108 0.000000
 outer loop
  vertex 46.1213 17.0000 0.0000
  vertex 46.1213 17.0000 2.0000
  vertex 47.0000 17.8787 0.0000
 endloop
endfacet
facet normal -1.000000 0.000000 0.000000
 outer loop
  vertex 47.0000 17.8787 0.0000
  vertex 47.0000 17.8787 2.0000
  vertex 47.0000 21.1213 0.0000
 endloop
endfacet
facet normal -0.707106 -0.707108 0.000000
 outer loop
  vertex 47.0000 21.1213 0.0000
  vertex 47.0000 21.1213 2.0000
  vertex 46.1213 22.0000 0.0000
 endloop
endfacet
facet normal -0.707106 0.707108 0.000000
 outer loop
  vertex 47.0000 17.8787 0.0000
  vertex 46.1213 17.0000 2.0000
  vertex 47.0000 17.8787 2.0000
 endloop
endfacet
facet normal -0.707106 -0.707108 0.000000
 outer loop
  vertex 46.1213 22.0000 0.0000
  vertex 47.0000 21.1213 2.0000
  vertex 46.1213 22.0000 2.0000
 endloop
endfacet
facet normal -1.000000 0.000000 0.000000
 outer loop
  vertex 47.0000 21.1213 0.0000
  vertex 47.0000 17.8787 2.0000
  vertex 47.0000 21.1213 2.0000
 endloop
endfacet
facet normal 0.707106 0.707108 -0.000000
 outer loop
  vertex 38.0000 28.8787 0.0000
  vertex 38.0000 28.8787 2.0000
  vertex 38.8787 28.0000 0.0000
 endloop
endfacet
facet normal 1.000000 0.000000 0.000000
 outer loop
  vertex 38.0000 28.8787 0.0000
  vertex 38.0000 32.1213 0.0000
  vertex 38.0000 32.1213 2.0000
 endloop
endfacet
facet normal 0.000000 1.000000 0.000000
 outer loop
  vertex 38.8787 28.0000 0.0000
  vertex 38.8787 28.0000 2.0000
  vertex 46.1213 28.0000 0.0000
 endloop
endfacet
facet normal 0.707106 0.707108 -0.000000
 outer loop
  vertex 38.8787 28.0000 0.0000
  vertex 38.0000 28.8787 2.0000
  vertex 38.8787 28.0000 2.0000
 endloop
endfacet
facet normal 1.000000 0.000000 0.000000
 outer loop
  vertex 38.0000 28.8787 0.0000
  vertex 38.0000 32.1213 2.0000
  vertex 38.0000 28.8787 2.0000
 endloop
endfacet
facet normal 0.000000 1.000000 -0.000000
 outer loop
  vertex 46.1213 28.0000 0.0000
  vertex 38.8787 28.0000 2.0000
  vertex 46.1213 28.0000 2.0000
 endloop
endfacet
facet normal -0.707106 0.707108 0.000000
 outer loop
  vertex 46.1213 28.0000 0.0000
  vertex 46.1213 28.0000 2.0000
  vertex 47.0000 28.8787 0.0000
 endloop
endfacet
facet normal -1.000000 0.000000 0.000000
 outer loop
  vertex 47.0000 28.8787 0.0000
  vertex 47.0000 28.8787 2.0000
  vertex 47.0000 32.1213 0.0000
 endloop
endfacet
facet normal -0.707106 0.707108 0.000000
 outer loop
  vertex 47.0000 28.8787 0.0000
  vertex 46.1213 28.0000 2.0000
  vertex 47.0000 28.8787 2.0000
 endloop
endfacet
facet normal -1.000000 0.000000 0.000000
 outer loop
  vertex 47.0000 28.8787 2.0000
  vertex 47.0000 32.1213 2.0000
  vertex 47.0000 32.1213 0.0000
 endloop
endfacet
facet normal 0.707107 -0.707107 0.000000
 outer loop
  vertex 38.0000 32.1213 0.0000
  vertex 38.8787 33.0000 0.0000
  vertex 38.8787 33.0000 2.0000
 endloop
endfacet
facet normal 0.000000 -1.000000 0.000000
 outer loop
  vertex 38.8787 33.0000 0.0000
  vertex 46.1213 33.0000 0.0000
  vertex 46.1213 33.0000 2.0000
 endloop
endfacet
facet normal 0.707107 -0.707107 0.000000
 outer loop
  vertex 38.0000 32.1213 0.0000
  vertex 38.8787 33.0000 2.0000
  vertex 38.0000 32.1213 2.0000
 endloop
endfacet
facet normal 0.000000 -1.000000 0.000000
 outer loop
  vertex 38.8787 33.0000 0.0000
  vertex 46.1213 33.0000 2.0000
  vertex 38.8787 33.0000 2.0000
 endloop
endfacet
facet normal -0.707107 -0.707107 0.000000
 outer loop
  vertex 46.1213 33.0000 0.0000
  vertex 47.0000 32.1213 0.0000
  vertex 47.0000 32.1213 2.0000
 endloop
endfacet
facet normal -0.707107 -0.707107 0.000000
 outer loop
  vertex 46.1213 33.0000 0.0000
  vertex 47.0000 32.1213 2.0000
  vertex 46.1213 33.0000 2.0000
 endloop
endfacet
facet normal 0.707107 0.707107 -0.000000
 outer loop
  vertex 38.0000 39.8787 0.0000
  vertex 38.0000 39.8787 2.0000
  vertex 38.8787 39.0000 0.0000
 endloop
endfacet
facet normal 0.000000 1.000000 0.000000
 outer loop
  vertex 38.8787 39.0000 0.0000
  vertex 38.8787 39.0000 2.0000
  vertex 45.7023 39.0000 0.0000
 endloop
endfacet
facet normal 0.000000 1.000000 -0.000000
 outer loop
  vertex 45.7023 39.0000 0.0000
  vertex 44.7248 39.0000 2.0000
  vertex 46.1213 39.0000 0.0000
 endloop
endfacet
facet normal 0.707107 0.707107 -0.000000
 outer loop
  vertex 38.8787 39.0000 0.0000
  vertex 38.0000 39.8787 2.0000
  vertex 38.8787 39.0000 2.0000
 endloop
endfacet
facet normal 0.000000 1.000000 0.000000
 outer loop
  vertex 45.7023 39.0000 0.0000
  vertex 38.8787 39.0000 2.0000
  vertex 44.7248 39.0000 2.0000
 endloop
endfacet
facet normal 1.000000 0.000000 0.000000
 outer loop
  vertex 38.0000 39.8787 0.0000
  vertex 38.0000 43.1213 0.0000
  vertex 38.0000 43.1213 2.0000
 endloop
endfacet
facet normal 0.707107 -0.707107 0.000000
 outer loop
  vertex 38.0000 43.1213 0.0000
  vertex 38.8787 44.0000 0.0000
  vertex 38.8787 44.0000 2.0000
 endloop
endfacet
facet normal 0.000000 -1.000000 0.000000
 outer loop
  vertex 38.8787 44.0000 0.0000
  vertex 46.1213 44.0000 0.0000
  vertex 46.1213 44.0000 2.0000
 endloop
endfacet
facet normal 1.000000 0.000000 0.000000
 outer loop
  vertex 38.0000 39.8787 0.0000
  vertex 38.0000 43.1213 2.0000
  vertex 38.0000 39.8787 2.0000
 endloop
endfacet
facet normal 0.707107 -0.707107 0.000000
 outer loop
  vertex 38.0000 43.1213 0.0000
  vertex 38.8787 44.0000 2.0000
  vertex 38.0000 43.1213 2.0000
 endloop
endfacet
facet normal 0.000000 -1.000000 0.000000
 outer loop
  vertex 38.8787 44.0000 0.0000
  vertex 46.1213 44.0000 2.0000
  vertex 38.8787 44.0000 2.0000
 endloop
endfacet
facet normal -0.707107 0.707107 0.000000
 outer loop
  vertex 46.1213 39.0000 0.0000
  vertex 46.1213 39.0000 2.0000
  vertex 47.0000 39.8787 0.0000
 endloop
endfacet
facet normal 0.000000 1.000000 -0.000000
 outer loop
  vertex 46.1213 39.0000 0.0000
  vertex 44.7248 39.0000 2.0000
  vertex 46.1213 39.0000 2.0000
 endloop
endfacet
facet normal -0.707107 0.707107 0.000000
 outer loop
  vertex 47.0000 39.8787 0.0000
  vertex 46.1213 39.0000 2.0000
  vertex 47.0000 39.8787 2.0000
 endloop
endfacet
facet normal -1.000000 0.000000 0.000000
 outer loop
  vertex 47.0000 39.8787 0.0000
  vertex 47.0000 39.8787 2.0000
  vertex 47.0000 43.1213 0.0000
 endloop
endfacet
facet normal -0.707107 -0.707107 0.000000
 outer loop
  vertex 47.0000 43.1213 0.0000
  vertex 47.0000 43.1213 2.0000
  vertex 46.1213 44.0000 0.0000
 endloop
endfacet
facet normal -0.707107 -0.707107 0.000000
 outer loop
  vertex 46.1213 44.0000 0.0000
  vertex 47.0000 43.1213 2.0000
  vertex 46.1213 44.0000 2.0000
 endloop
endfacet
facet normal -1.000000 0.000000 0.000000
 outer loop
  vertex 47.0000 43.1213 0.0000
  vertex 47.0000 39.8787 2.0000
  vertex 47.0000 43.1213 2.0000
 endloop
endfacet
facet normal 0.707106 0.707108 -0.000000
 outer loop
  vertex 51.0000 17.8787 0.0000
  vertex 51.0000 17.8787 2.0000
  vertex 51.8787 17.0000 0.0000
 endloop
endfacet
facet normal 0.000000 1.000000 0.000000
 outer loop
  vertex 51.8787 17.0000 0.0000
  vertex 51.8787 17.0000 2.0000
  vertex 59.1213 17.0000 0.0000
 endloop
endfacet
facet normal 1.000000 0.000000 0.000000
 outer loop
  vertex 51.0000 17.8787 0.0000
  vertex 51.0000 21.1213 0.0000
  vertex 51.0000 21.1213 2.0000
 endloop
endfacet
facet normal 0.707106 -0.707108 0.000000
 outer loop
  vertex 51.0000 21.1213 0.0000
  vertex 51.8787 22.0000 0.0000
  vertex 51.8787 22.0000 2.0000
 endloop
endfacet
facet normal 0.707106 0.707108 -0.000000
 outer loop
  vertex 51.8787 17.0000 0.0000
  vertex 51.0000 17.8787 2.0000
  vertex 51.8787 17.0000 2.0000
 endloop
endfacet
facet normal 1.000000 0.000000 0.000000
 outer loop
  vertex 51.0000 17.8787 0.0000
  vertex 51.0000 21.1213 2.0000
  vertex 51.0000 17.8787 2.0000
 endloop
endfacet
facet normal 0.707106 -0.707108 0.000000
 outer loop
  vertex 51.0000 21.1213 0.0000
  vertex 51.8787 22.0000 2.0000
  vertex 51.0000 21.1213 2.0000
 endloop
endfacet
facet normal 0.000000 -1.000000 0.000000
 outer loop
  vertex 51.8787 22.0000 0.0000
  vertex 59.1213 22.0000 2.0000
  vertex 51.8787 22.0000 2.0000
 endloop
endfacet
facet normal 0.000000 -1.000000 0.000000
 outer loop
  vertex 51.8787 22.0000 0.0000
  vertex 59.1213 22.0000 0.0000
  vertex 59.1213 22.0000 2.0000
 endloop
endfacet
facet normal -0.707106 0.707108 0.000000
 outer loop
  vertex 59.1213 17.0000 0.0000
  vertex 59.1213 17.0000 2.0000
  vertex 60.0000 17.8787 0.0000
 endloop
endfacet
facet normal -1.000000 0.000000 0.000000
 outer loop
  vertex 60.0000 17.8787 0.0000
  vertex 60.0000 17.8787 2.0000
  vertex 60.0000 21.1213 0.0000
 endloop
endfacet
facet normal -0.707106 -0.707108 0.000000
 outer loop
  vertex 59.1213 22.0000 0.0000
  vertex 60.0000 21.1213 0.0000
  vertex 60.0000 21.1213 2.0000
 endloop
endfacet
facet normal -0.000000 1.000000 0.000000
 outer loop
  vertex 51.8787 17.0000 2.0000
  vertex 59.1213 17.0000 2.0000
  vertex 59.1213 17.0000 0.0000
 endloop
endfacet
facet normal -0.707106 0.707108 0.000000
 outer loop
  vertex 60.0000 17.8787 0.0000
  vertex 59.1213 17.0000 2.0000
  vertex 60.0000 17.8787 2.0000
 endloop
endfacet
facet normal -1.000000 0.000000 0.000000
 outer loop
  vertex 60.0000 21.1213 0.0000
  vertex 60.0000 17.8787 2.0000
  vertex 60.0000 21.1213 2.0000
 endloop
endfacet
facet normal -0.707106 -0.707108 0.000000
 outer loop
  vertex 59.1213 22.0000 0.0000
  vertex 60.0000 21.1213 2.0000
  vertex 59.1213 22.0000 2.0000
 endloop
endfacet
facet normal 0.707106 0.707108 -0.000000
 outer loop
  vertex 51.0000 28.8787 0.0000
  vertex 51.0000 28.8787 2.0000
  vertex 51.8787 28.0000 0.0000
 endloop
endfacet
facet normal 1.000000 0.000000 0.000000
 outer loop
  vertex 51.0000 28.8787 0.0000
  vertex 51.0000 32.1213 0.0000
  vertex 51.0000 32.1213 2.0000
 endloop
endfacet
facet normal 0.000000 1.000000 0.000000
 outer loop
  vertex 51.8787 28.0000 0.0000
  vertex 51.8787 28.0000 2.0000
  vertex 59.1213 28.0000 0.0000
 endloop
endfacet
facet normal 1.000000 0.000000 0.000000
 outer loop
  vertex 51.0000 28.8787 0.0000
  vertex 51.0000 32.1213 2.0000
  vertex 51.0000 28.8787 2.0000
 endloop
endfacet
facet normal 0.707106 0.707108 -0.000000
 outer loop
  vertex 51.8787 28.0000 0.0000
  vertex 51.0000 28.8787 2.0000
  vertex 51.8787 28.0000 2.0000
 endloop
endfacet
facet normal -0.707106 0.707108 0.000000
 outer loop
  vertex 59.1213 28.0000 0.0000
  vertex 59.1213 28.0000 2.0000
  vertex 60.0000 28.8787 0.0000
 endloop
endfacet
facet normal -1.000000 0.000000 0.000000
 outer loop
  vertex 60.0000 28.8787 0.0000
  vertex 60.0000 28.8787 2.0000
  vertex 60.0000 32.1213 0.0000
 endloop
endfacet
facet normal -0.000000 1.000000 0.000000
 outer loop
  vertex 51.8787 28.0000 2.0000
  vertex 59.1213 28.0000 2.0000
  vertex 59.1213 28.0000 0.0000
 endloop
endfacet
facet normal -0.707106 0.707108 0.000000
 outer loop
  vertex 60.0000 28.8787 0.0000
  vertex 59.1213 28.0000 2.0000
  vertex 60.0000 28.8787 2.0000
 endloop
endfacet
facet normal -1.000000 0.000000 0.000000
 outer loop
  vertex 60.0000 28.8787 2.0000
  vertex 60.0000 32.1213 2.0000
  vertex 60.0000 32.1213 0.0000
 endloop
endfacet
facet normal 0.707107 -0.707107 0.000000
 outer loop
  vertex 51.0000 32.1213 0.0000
  vertex 51.8787 33.0000 0.0000
  vertex 51.8787 33.0000 2.0000
 endloop
endfacet
facet normal 0.707107 -0.707107 0.000000
 outer loop
  vertex 51.0000 32.1213 0.0000
  vertex 51.8787 33.0000 2.0000
  vertex 51.0000 32.1213 2.0000
 endloop
endfacet
facet normal 0.000000 -1.000000 0.000000
 outer loop
  vertex 51.8787 33.0000 0.0000
  vertex 59.1213 33.0000 2.0000
  vertex 51.8787 33.0000 2.0000
 endloop
endfacet
facet normal 0.000000 -1.000000 0.000000
 outer loop
  vertex 51.8787 33.0000 0.0000
  vertex 59.1213 33.0000 0.0000
  vertex 59.1213 33.0000 2.0000
 endloop
endfacet
facet normal -0.707107 -0.707107 0.000000
 outer loop
  vertex 59.1213 33.0000 0.0000
  vertex 60.0000 32.1213 0.0000
  vertex 60.0000 32.1213 2.0000
 endloop
endfacet
facet normal -0.707107 -0.707107 0.000000
 outer loop
  vertex 59.1213 33.0000 0.0000
  vertex 60.0000 32.1213 2.0000
  vertex 59.1213 33.0000 2.0000
 endloop
endfacet
facet normal 0.707107 0.707107 -0.000000
 outer loop
  vertex 51.0000 39.8787 0.0000
  vertex 51.0000 39.8787 2.0000
  vertex 51.8787 39.0000 0.0000
 endloop
endfacet
facet normal 0.000000 1.000000 0.000000
 outer loop
  vertex 51.8787 39.0000 0.0000
  vertex 51.8787 39.0000 2.0000
  vertex 59.1213 39.0000 0.0000
 endloop
endfacet
facet normal 0.707107 0.707107 -0.000000
 outer loop
  vertex 51.8787 39.0000 0.0000
  vertex 51.0000 39.8787 2.0000
  vertex 51.8787 39.0000 2.0000
 endloop
endfacet
facet normal 1.000000 0.000000 0.000000
 outer loop
  vertex 51.0000 39.8787 0.0000
  vertex 51.0000 43.1213 0.0000
  vertex 51.0000 43.1213 2.0000
 endloop
endfacet
facet normal 0.707107 -0.707107 0.000000
 outer loop
  vertex 51.0000 43.1213 0.0000
  vertex 51.8787 44.0000 0.0000
  vertex 51.8787 44.0000 2.0000
 endloop
endfacet
facet normal 1.000000 0.000000 0.000000
 outer loop
  vertex 51.0000 39.8787 0.0000
  vertex 51.0000 43.1213 2.0000
  vertex 51.0000 39.8787 2.0000
 endloop
endfacet
facet normal 0.707107 -0.707107 0.000000
 outer loop
  vertex 51.0000 43.1213 0.0000
  vertex 51.8787 44.0000 2.0000
  vertex 51.0000 43.1213 2.0000
 endloop
endfacet
facet normal 0.000000 -1.000000 0.000000
 outer loop
  vertex 51.8787 44.0000 0.0000
  vertex 59.1213 44.0000 2.0000
  vertex 51.8787 44.0000 2.0000
 endloop
endfacet
facet normal -0.707107 0.707107 0.000000
 outer loop
  vertex 59.1213 39.0000 0.0000
  vertex 59.1213 39.0000 2.0000
  vertex 60.0000 39.8787 0.0000
 endloop
endfacet
facet normal -0.000000 1.000000 0.000000
 outer loop
  vertex 51.8787 39.0000 2.0000
  vertex 59.1213 39.0000 2.0000
  vertex 59.1213 39.0000 0.0000
 endloop
endfacet
facet normal -0.707107 0.707107 0.000000
 outer loop
  vertex 60.0000 39.8787 0.0000
  vertex 59.1213 39.0000 2.0000
  vertex 60.0000 39.8787 2.0000
 endloop
endfacet
facet normal 0.000000 -1.000000 0.000000
 outer loop
  vertex 51.8787 44.0000 0.0000
  vertex 59.1213 44.0000 0.0000
  vertex 59.1213 44.0000 2.0000
 endloop
endfacet
facet normal -1.000000 0.000000 0.000000
 outer loop
  vertex 60.0000 39.8787 0.0000
  vertex 60.0000 39.8787 2.0000
  vertex 60.0000 43.1213 0.0000
 endloop
endfacet
facet normal -0.707107 -0.707107 0.000000
 outer loop
  vertex 59.1213 44.0000 0.0000
  vertex 60.0000 43.1213 0.0000
  vertex 60.0000 43.1213 2.0000
 endloop
endfacet
facet normal -1.000000 0.000000 0.000000
 outer loop
  vertex 60.0000 43.1213 0.0000
  vertex 60.0000 39.8787 2.0000
  vertex 60.0000 43.1213 2.0000
 endloop
endfacet
facet normal -0.707107 -0.707107 0.000000
 outer loop
  vertex 59.1213 44.0000 0.0000
  vertex 60.0000 43.1213 2.0000
  vertex 59.1213 44.0000 2.0000
 endloop
endfacet
facet normal 0.751839 0.659347 -0.000000
 outer loop
  vertex 2.6513 30.9651 0.0000
  vertex 2.6513 30.9651 0.4000
  vertex 2.7979 30.7979 0.0000
 endloop
endfacet
facet normal 0.442290 0.896872 0.000000
 outer loop
  vertex 3.3494 30.4294 0.0000
  vertex 3.1500 30.5278 0.0000
  vertex 3.1500 30.5278 0.4000
 endloop
endfacet
facet normal 0.321444 0.946929 -0.000000
 outer loop
  vertex 3.3494 30.4294 0.0000
  vertex 3.3494 30.4294 0.4000
  vertex 3.5600 30.3579 0.0000
 endloop
endfacet
facet normal 0.659348 0.751838 -0.000000
 outer loop
  vertex 2.7979 30.7979 0.0000
  vertex 2.7979 30.7979 0.4000
  vertex 2.9651 30.6513 0.0000
 endloop
endfacet
facet normal 0.555565 0.831473 -0.000000
 outer loop
  vertex 2.9651 30.6513 0.0000
  vertex 2.9651 30.6513 0.4000
  vertex 3.1500 30.5278 0.0000
 endloop
endfacet
facet normal 0.946930 0.321439 0.000000
 outer loop
  vertex 2.4294 31.3494 0.0000
  vertex 2.3579 31.5600 0.0000
  vertex 2.3579 31.5600 0.4000
 endloop
endfacet
facet normal 0.896872 0.442290 0.000000
 outer loop
  vertex 2.5278 31.1500 0.0000
  vertex 2.4294 31.3494 0.0000
  vertex 2.4294 31.3494 0.4000
 endloop
endfacet
facet normal 0.831470 0.555569 0.000000
 outer loop
  vertex 2.6513 30.9651 0.0000
  vertex 2.5278 31.1500 0.0000
  vertex 2.5278 31.1500 0.4000
 endloop
endfacet
facet normal 0.980785 0.195091 0.000000
 outer loop
  vertex 2.3579 31.5600 0.0000
  vertex 2.3145 31.7781 0.0000
  vertex 2.3145 31.7781 0.4000
 endloop
endfacet
facet normal 0.997859 0.065403 0.000000
 outer loop
  vertex 2.3145 31.7781 0.0000
  vertex 2.3000 32.0000 0.0000
  vertex 2.3000 32.0000 0.4000
 endloop
endfacet
facet normal 0.195083 0.980787 -0.000000
 outer loop
  vertex 3.5600 30.3579 0.0000
  vertex 3.5600 30.3579 0.4000
  vertex 3.7781 30.3145 0.0000
 endloop
endfacet
facet normal 0.065411 0.997858 -0.000000
 outer loop
  vertex 3.7781 30.3145 0.0000
  vertex 3.7781 30.3145 0.4000
  vertex 4.0000 30.3000 0.0000
 endloop
endfacet
facet normal -0.065411 0.997858 0.000000
 outer loop
  vertex 4.0000 30.3000 0.0000
  vertex 4.0000 30.3000 0.4000
  vertex 4.2219 30.3145 0.0000
 endloop
endfacet
facet normal -0.195083 0.980787 0.000000
 outer loop
  vertex 4.2219 30.3145 0.0000
  vertex 4.2219 30.3145 0.4000
  vertex 4.4400 30.3579 0.0000
 endloop
endfacet
facet normal -0.321444 0.946929 0.000000
 outer loop
  vertex 4.4400 30.3579 0.0000
  vertex 4.4400 30.3579 0.4000
  vertex 4.6506 30.4294 0.0000
 endloop
endfacet
facet normal 0.751839 0.659347 -0.000000
 outer loop
  vertex 2.7979 30.7979 0.0000
  vertex 2.6513 30.9651 0.4000
  vertex 2.7979 30.7979 0.4000
 endloop
endfacet
facet normal 0.442290 0.896872 -0.000000
 outer loop
  vertex 3.3494 30.4294 0.0000
  vertex 3.1500 30.5278 0.4000
  vertex 3.3494 30.4294 0.4000
 endloop
endfacet
facet normal 0.659348 0.751838 -0.000000
 outer loop
  vertex 2.9651 30.6513 0.0000
  vertex 2.7979 30.7979 0.4000
  vertex 2.9651 30.6513 0.4000
 endloop
endfacet
facet normal 0.555565 0.831473 -0.000000
 outer loop
  vertex 3.1500 30.5278 0.0000
  vertex 2.9651 30.6513 0.4000
  vertex 3.1500 30.5278 0.4000
 endloop
endfacet
facet normal 0.896872 0.442290 -0.000000
 outer loop
  vertex 2.5278 31.1500 0.0000
  vertex 2.4294 31.3494 0.4000
  vertex 2.5278 31.1500 0.4000
 endloop
endfacet
facet normal 0.946930 0.321439 -0.000000
 outer loop
  vertex 2.4294 31.3494 0.0000
  vertex 2.3579 31.5600 0.4000
  vertex 2.4294 31.3494 0.4000
 endloop
endfacet
facet normal 0.831470 0.555569 -0.000000
 outer loop
  vertex 2.6513 30.9651 0.0000
  vertex 2.5278 31.1500 0.4000
  vertex 2.6513 30.9651 0.4000
 endloop
endfacet
facet normal 0.980785 0.195091 -0.000000
 outer loop
  vertex 2.3579 31.5600 0.0000
  vertex 2.3145 31.7781 0.4000
  vertex 2.3579 31.5600 0.4000
 endloop
endfacet
facet normal 0.997859 0.065403 -0.000000
 outer loop
  vertex 2.3145 31.7781 0.0000
  vertex 2.3000 32.0000 0.4000
  vertex 2.3145 31.7781 0.4000
 endloop
endfacet
facet normal 0.321444 0.946929 -0.000000
 outer loop
  vertex 3.5600 30.3579 0.0000
  vertex 3.3494 30.4294 0.4000
  vertex 3.5600 30.3579 0.4000
 endloop
endfacet
facet normal 0.195083 0.980787 -0.000000
 outer loop
  vertex 3.7781 30.3145 0.0000
  vertex 3.5600 30.3579 0.4000
  vertex 3.7781 30.3145 0.4000
 endloop
endfacet
facet normal 0.065411 0.997858 -0.000000
 outer loop
  vertex 4.0000 30.3000 0.0000
  vertex 3.7781 30.3145 0.4000
  vertex 4.0000 30.3000 0.4000
 endloop
endfacet
facet normal -0.065411 0.997858 0.000000
 outer loop
  vertex 4.2219 30.3145 0.0000
  vertex 4.0000 30.3000 0.4000
  vertex 4.2219 30.3145 0.4000
 endloop
endfacet
facet normal -0.195083 0.980787 0.000000
 outer loop
  vertex 4.4400 30.3579 0.0000
  vertex 4.2219 30.3145 0.4000
  vertex 4.4400 30.3579 0.4000
 endloop
endfacet
facet normal -0.442290 0.896872 0.000000
 outer loop
  vertex 4.6506 30.4294 0.0000
  vertex 4.6506 30.4294 0.4000
  vertex 4.8500 30.5278 0.0000
 endloop
endfacet
facet normal -0.555565 0.831473 0.000000
 outer loop
  vertex 4.8500 30.5278 0.0000
  vertex 4.8500 30.5278 0.4000
  vertex 5.0349 30.6513 0.0000
 endloop
endfacet
facet normal -0.659347 0.751839 0.000000
 outer loop
  vertex 5.0349 30.6513 0.0000
  vertex 5.0349 30.6513 0.4000
  vertex 5.2021 30.7979 0.0000
 endloop
endfacet
facet normal -0.751840 0.659346 0.000000
 outer loop
  vertex 5.2021 30.7979 0.0000
  vertex 5.2021 30.7979 0.4000
  vertex 5.3487 30.9651 0.0000
 endloop
endfacet
facet normal -0.831469 0.555571 0.000000
 outer loop
  vertex 5.3487 30.9651 0.0000
  vertex 5.3487 30.9651 0.4000
  vertex 5.4722 31.1500 0.0000
 endloop
endfacet
facet normal -0.896873 0.442289 0.000000
 outer loop
  vertex 5.4722 31.1500 0.0000
  vertex 5.4722 31.1500 0.4000
  vertex 5.5706 31.3494 0.0000
 endloop
endfacet
facet normal -0.946930 0.321440 0.000000
 outer loop
  vertex 5.5706 31.3494 0.0000
  vertex 5.5706 31.3494 0.4000
  vertex 5.6421 31.5600 0.0000
 endloop
endfacet
facet normal -0.980785 0.195090 0.000000
 outer loop
  vertex 5.6421 31.5600 0.0000
  vertex 5.6421 31.5600 0.4000
  vertex 5.6855 31.7781 0.0000
 endloop
endfacet
facet normal -0.997859 0.065402 0.000000
 outer loop
  vertex 5.6855 31.7781 0.0000
  vertex 5.6855 31.7781 0.4000
  vertex 5.7000 32.0000 0.0000
 endloop
endfacet
facet normal -0.321444 0.946929 0.000000
 outer loop
  vertex 4.4400 30.3579 0.4000
  vertex 4.6506 30.4294 0.4000
  vertex 4.6506 30.4294 0.0000
 endloop
endfacet
facet normal -0.442290 0.896872 0.000000
 outer loop
  vertex 4.8500 30.5278 0.0000
  vertex 4.6506 30.4294 0.4000
  vertex 4.8500 30.5278 0.4000
 endloop
endfacet
facet normal -0.555565 0.831473 0.000000
 outer loop
  vertex 5.0349 30.6513 0.0000
  vertex 4.8500 30.5278 0.4000
  vertex 5.0349 30.6513 0.4000
 endloop
endfacet
facet normal -0.659347 0.751839 0.000000
 outer loop
  vertex 5.2021 30.7979 0.0000
  vertex 5.0349 30.6513 0.4000
  vertex 5.2021 30.7979 0.4000
 endloop
endfacet
facet normal -0.751840 0.659346 0.000000
 outer loop
  vertex 5.3487 30.9651 0.0000
  vertex 5.2021 30.7979 0.4000
  vertex 5.3487 30.9651 0.4000
 endloop
endfacet
facet normal -0.831469 0.555571 0.000000
 outer loop
  vertex 5.4722 31.1500 0.0000
  vertex 5.3487 30.9651 0.4000
  vertex 5.4722 31.1500 0.4000
 endloop
endfacet
facet normal -0.896873 0.442289 0.000000
 outer loop
  vertex 5.5706 31.3494 0.0000
  vertex 5.4722 31.1500 0.4000
  vertex 5.5706 31.3494 0.4000
 endloop
endfacet
facet normal -0.946930 0.321440 0.000000
 outer loop
  vertex 5.6421 31.5600 0.0000
  vertex 5.5706 31.3494 0.4000
  vertex 5.6421 31.5600 0.4000
 endloop
endfacet
facet normal -0.980785 0.195090 0.000000
 outer loop
  vertex 5.6855 31.7781 0.0000
  vertex 5.6421 31.5600 0.4000
  vertex 5.6855 31.7781 0.4000
 endloop
endfacet
facet normal -0.997859 0.065402 0.000000
 outer loop
  vertex 5.6855 31.7781 0.4000
  vertex 5.7000 32.0000 0.4000
  vertex 5.7000 32.0000 0.0000
 endloop
endfacet
facet normal 0.831472 0.555566 -0.000000
 outer loop
  vertex 2.6513 30.9651 1.9931
  vertex 2.6101 31.0268 2.0000
  vertex 2.6513 30.9651 2.0000
 endloop
endfacet
facet normal 0.751839 0.659347 -0.000000
 outer loop
  vertex 2.6513 30.9651 1.9931
  vertex 2.6513 30.9651 2.0000
  vertex 2.7979 30.7979 2.0000
 endloop
endfacet
facet normal 0.442290 0.896872 0.000000
 outer loop
  vertex 3.3494 30.4294 2.0000
  vertex 3.1500 30.5278 1.9931
  vertex 3.1500 30.5278 2.0000
 endloop
endfacet
facet normal 0.659348 0.751838 0.000000
 outer loop
  vertex 2.7979 30.7979 2.0000
  vertex 2.9651 30.6513 2.0000
  vertex 2.9651 30.6513 1.9931
 endloop
endfacet
facet normal 0.555561 0.831476 -0.000000
 outer loop
  vertex 2.9651 30.6513 1.9931
  vertex 2.9651 30.6513 2.0000
  vertex 3.0268 30.6101 2.0000
 endloop
endfacet
facet normal 0.555561 0.831476 0.000000
 outer loop
  vertex 3.0883 30.5690 2.0000
  vertex 3.1500 30.5278 2.0000
  vertex 3.1500 30.5278 1.9931
 endloop
endfacet
facet normal 0.896872 0.442289 -0.000000
 outer loop
  vertex 2.5278 31.1500 1.9931
  vertex 2.4294 31.3494 2.0000
  vertex 2.5278 31.1500 2.0000
 endloop
endfacet
facet normal 0.831472 0.555566 -0.000000
 outer loop
  vertex 2.5278 31.1500 1.9931
  vertex 2.5278 31.1500 2.0000
  vertex 2.5690 31.0883 2.0000
 endloop
endfacet
facet normal 0.946930 0.321439 0.000000
 outer loop
  vertex 2.4294 31.3494 2.0000
  vertex 2.3579 31.5600 1.9931
  vertex 2.3579 31.5600 2.0000
 endloop
endfacet
facet normal 0.980785 0.195091 -0.000000
 outer loop
  vertex 2.3579 31.5600 1.9931
  vertex 2.3434 31.6328 2.0000
  vertex 2.3579 31.5600 2.0000
 endloop
endfacet
facet normal 0.980784 0.195096 0.000000
 outer loop
  vertex 2.3290 31.7053 2.0000
  vertex 2.3145 31.7781 1.9931
  vertex 2.3145 31.7781 2.0000
 endloop
endfacet
facet normal 0.997859 0.065403 -0.000000
 outer loop
  vertex 2.3145 31.7781 1.9931
  vertex 2.3000 32.0000 2.0000
  vertex 2.3145 31.7781 2.0000
 endloop
endfacet
facet normal 0.321444 0.946929 0.000000
 outer loop
  vertex 3.3494 30.4294 2.0000
  vertex 3.5600 30.3579 2.0000
  vertex 3.5600 30.3579 1.9931
 endloop
endfacet
facet normal 0.195079 0.980788 -0.000000
 outer loop
  vertex 3.5600 30.3579 1.9931
  vertex 3.5600 30.3579 2.0000
  vertex 3.6328 30.3434 2.0000
 endloop
endfacet
facet normal 0.195079 0.980788 0.000000
 outer loop
  vertex 3.7053 30.3290 2.0000
  vertex 3.7781 30.3145 2.0000
  vertex 3.7781 30.3145 1.9931
 endloop
endfacet
facet normal 0.065411 0.997858 -0.000000
 outer loop
  vertex 3.7781 30.3145 1.9931
  vertex 3.7781 30.3145 2.0000
  vertex 4.0000 30.3000 2.0000
 endloop
endfacet
facet normal -0.065411 0.997858 0.000000
 outer loop
  vertex 4.2219 30.3145 1.9931
  vertex 4.0000 30.3000 2.0000
  vertex 4.2219 30.3145 2.0000
 endloop
endfacet
facet normal -0.195080 0.980787 0.000000
 outer loop
  vertex 4.2219 30.3145 1.9931
  vertex 4.2219 30.3145 2.0000
  vertex 4.2947 30.3290 2.0000
 endloop
endfacet
facet normal -0.195080 0.980787 0.000000
 outer loop
  vertex 4.4400 30.3579 1.9931
  vertex 4.3672 30.3434 2.0000
  vertex 4.4400 30.3579 2.0000
 endloop
endfacet
facet normal -0.321444 0.946929 0.000000
 outer loop
  vertex 4.4400 30.3579 1.9931
  vertex 4.4400 30.3579 2.0000
  vertex 4.6506 30.4294 2.0000
 endloop
endfacet
facet normal -0.442290 0.896872 0.000000
 outer loop
  vertex 4.6506 30.4294 2.0000
  vertex 4.8500 30.5278 2.0000
  vertex 4.8500 30.5278 1.9931
 endloop
endfacet
facet normal -0.555560 0.831477 0.000000
 outer loop
  vertex 4.8500 30.5278 1.9931
  vertex 4.8500 30.5278 2.0000
  vertex 4.9117 30.5690 2.0000
 endloop
endfacet
facet normal -0.555563 0.831475 0.000000
 outer loop
  vertex 5.0349 30.6513 1.9931
  vertex 4.9732 30.6101 2.0000
  vertex 5.0349 30.6513 2.0000
 endloop
endfacet
facet normal -0.659347 0.751839 0.000000
 outer loop
  vertex 5.0349 30.6513 1.9931
  vertex 5.0349 30.6513 2.0000
  vertex 5.2021 30.7979 2.0000
 endloop
endfacet
facet normal -0.751840 0.659346 0.000000
 outer loop
  vertex 5.3487 30.9651 1.9931
  vertex 5.2021 30.7979 2.0000
  vertex 5.3487 30.9651 2.0000
 endloop
endfacet
facet normal -0.831471 0.555569 0.000000
 outer loop
  vertex 5.3487 30.9651 1.9931
  vertex 5.3487 30.9651 2.0000
  vertex 5.3899 31.0268 2.0000
 endloop
endfacet
facet normal -0.831471 0.555569 0.000000
 outer loop
  vertex 5.4722 31.1500 1.9931
  vertex 5.4310 31.0883 2.0000
  vertex 5.4722 31.1500 2.0000
 endloop
endfacet
facet normal -0.896873 0.442289 0.000000
 outer loop
  vertex 5.4722 31.1500 1.9931
  vertex 5.4722 31.1500 2.0000
  vertex 5.5706 31.3494 2.0000
 endloop
endfacet
facet normal -0.946930 0.321440 0.000000
 outer loop
  vertex 5.5706 31.3494 2.0000
  vertex 5.6421 31.5600 2.0000
  vertex 5.6421 31.5600 1.9931
 endloop
endfacet
facet normal -0.980786 0.195085 0.000000
 outer loop
  vertex 5.6421 31.5600 1.9931
  vertex 5.6421 31.5600 2.0000
  vertex 5.6566 31.6328 2.0000
 endloop
endfacet
facet normal -0.980784 0.195096 0.000000
 outer loop
  vertex 5.6710 31.7053 2.0000
  vertex 5.6855 31.7781 2.0000
  vertex 5.6855 31.7781 1.9931
 endloop
endfacet
facet normal -0.997859 0.065402 0.000000
 outer loop
  vertex 5.6855 31.7781 1.9931
  vertex 5.6855 31.7781 2.0000
  vertex 5.7000 32.0000 2.0000
 endloop
endfacet
facet normal 0.997859 -0.065404 0.000000
 outer loop
  vertex 2.3000 32.0000 0.0000
  vertex 2.3145 32.2219 0.0000
  vertex 2.3145 32.2219 0.4000
 endloop
endfacet
facet normal 0.980785 -0.195091 0.000000
 outer loop
  vertex 2.3145 32.2219 0.0000
  vertex 2.3579 32.4400 0.0000
  vertex 2.3579 32.4400 0.4000
 endloop
endfacet
facet normal 0.946931 -0.321437 0.000000
 outer loop
  vertex 2.3579 32.4400 0.0000
  vertex 2.4294 32.6506 0.0000
  vertex 2.4294 32.6506 0.4000
 endloop
endfacet
facet normal 0.896871 -0.442293 0.000000
 outer loop
  vertex 2.4294 32.6506 0.0000
  vertex 2.5278 32.8500 0.0000
  vertex 2.5278 32.8500 0.4000
 endloop
endfacet
facet normal 0.831470 -0.555569 0.000000
 outer loop
  vertex 2.5278 32.8500 0.0000
  vertex 2.6513 33.0349 0.0000
  vertex 2.6513 33.0349 0.4000
 endloop
endfacet
facet normal 0.751839 -0.659347 0.000000
 outer loop
  vertex 2.6513 33.0349 0.0000
  vertex 2.7979 33.2021 0.0000
  vertex 2.7979 33.2021 0.4000
 endloop
endfacet
facet normal 0.659353 -0.751834 0.000000
 outer loop
  vertex 2.7979 33.2021 0.0000
  vertex 2.9651 33.3487 0.0000
  vertex 2.9651 33.3487 0.4000
 endloop
endfacet
facet normal 0.555571 -0.831469 0.000000
 outer loop
  vertex 2.9651 33.3487 0.0000
  vertex 3.1500 33.4722 0.0000
  vertex 3.1500 33.4722 0.4000
 endloop
endfacet
facet normal 0.442283 -0.896875 0.000000
 outer loop
  vertex 3.1500 33.4722 0.0000
  vertex 3.3494 33.5706 0.0000
  vertex 3.3494 33.5706 0.4000
 endloop
endfacet
facet normal 0.321444 -0.946929 0.000000
 outer loop
  vertex 3.3494 33.5706 0.0000
  vertex 3.5600 33.6421 0.0000
  vertex 3.5600 33.6421 0.4000
 endloop
endfacet
facet normal 0.195083 -0.980787 0.000000
 outer loop
  vertex 3.5600 33.6421 0.0000
  vertex 3.7781 33.6855 0.0000
  vertex 3.7781 33.6855 0.4000
 endloop
endfacet
facet normal 0.065411 -0.997858 0.000000
 outer loop
  vertex 3.7781 33.6855 0.0000
  vertex 4.0000 33.7000 0.0000
  vertex 4.0000 33.7000 0.4000
 endloop
endfacet
facet normal -0.065411 -0.997858 0.000000
 outer loop
  vertex 4.0000 33.7000 0.0000
  vertex 4.2219 33.6855 0.0000
  vertex 4.2219 33.6855 0.4000
 endloop
endfacet
facet normal -0.195083 -0.980787 0.000000
 outer loop
  vertex 4.2219 33.6855 0.0000
  vertex 4.4400 33.6421 0.0000
  vertex 4.4400 33.6421 0.4000
 endloop
endfacet
facet normal 0.997859 -0.065404 0.000000
 outer loop
  vertex 2.3000 32.0000 0.0000
  vertex 2.3145 32.2219 0.4000
  vertex 2.3000 32.0000 0.4000
 endloop
endfacet
facet normal 0.980785 -0.195091 0.000000
 outer loop
  vertex 2.3145 32.2219 0.0000
  vertex 2.3579 32.4400 0.4000
  vertex 2.3145 32.2219 0.4000
 endloop
endfacet
facet normal 0.946931 -0.321437 0.000000
 outer loop
  vertex 2.3579 32.4400 0.0000
  vertex 2.4294 32.6506 0.4000
  vertex 2.3579 32.4400 0.4000
 endloop
endfacet
facet normal 0.896871 -0.442293 0.000000
 outer loop
  vertex 2.4294 32.6506 0.0000
  vertex 2.5278 32.8500 0.4000
  vertex 2.4294 32.6506 0.4000
 endloop
endfacet
facet normal 0.831470 -0.555569 0.000000
 outer loop
  vertex 2.5278 32.8500 0.0000
  vertex 2.6513 33.0349 0.4000
  vertex 2.5278 32.8500 0.4000
 endloop
endfacet
facet normal 0.751839 -0.659347 0.000000
 outer loop
  vertex 2.6513 33.0349 0.0000
  vertex 2.7979 33.2021 0.4000
  vertex 2.6513 33.0349 0.4000
 endloop
endfacet
facet normal 0.659353 -0.751834 0.000000
 outer loop
  vertex 2.7979 33.2021 0.0000
  vertex 2.9651 33.3487 0.4000
  vertex 2.7979 33.2021 0.4000
 endloop
endfacet
facet normal 0.555571 -0.831469 0.000000
 outer loop
  vertex 2.9651 33.3487 0.0000
  vertex 3.1500 33.4722 0.4000
  vertex 2.9651 33.3487 0.4000
 endloop
endfacet
facet normal 0.442283 -0.896875 0.000000
 outer loop
  vertex 3.1500 33.4722 0.0000
  vertex 3.3494 33.5706 0.4000
  vertex 3.1500 33.4722 0.4000
 endloop
endfacet
facet normal 0.321444 -0.946929 0.000000
 outer loop
  vertex 3.3494 33.5706 0.0000
  vertex 3.5600 33.6421 0.4000
  vertex 3.3494 33.5706 0.4000
 endloop
endfacet
facet normal 0.195083 -0.980787 0.000000
 outer loop
  vertex 3.5600 33.6421 0.0000
  vertex 3.7781 33.6855 0.4000
  vertex 3.5600 33.6421 0.4000
 endloop
endfacet
facet normal 0.065411 -0.997858 0.000000
 outer loop
  vertex 3.7781 33.6855 0.0000
  vertex 4.0000 33.7000 0.4000
  vertex 3.7781 33.6855 0.4000
 endloop
endfacet
facet normal -0.065411 -0.997858 0.000000
 outer loop
  vertex 4.0000 33.7000 0.0000
  vertex 4.2219 33.6855 0.4000
  vertex 4.0000 33.7000 0.4000
 endloop
endfacet
facet normal -0.195083 -0.980787 0.000000
 outer loop
  vertex 4.2219 33.6855 0.0000
  vertex 4.4400 33.6421 0.4000
  vertex 4.2219 33.6855 0.4000
 endloop
endfacet
facet normal -0.321444 -0.946929 0.000000
 outer loop
  vertex 4.4400 33.6421 0.0000
  vertex 4.6506 33.5706 0.4000
  vertex 4.4400 33.6421 0.4000
 endloop
endfacet
facet normal -0.997859 -0.065403 0.000000
 outer loop
  vertex 5.7000 32.0000 0.0000
  vertex 5.7000 32.0000 0.4000
  vertex 5.6855 32.2219 0.0000
 endloop
endfacet
facet normal -0.980785 -0.195090 0.000000
 outer loop
  vertex 5.6855 32.2219 0.0000
  vertex 5.6855 32.2219 0.4000
  vertex 5.6421 32.4400 0.0000
 endloop
endfacet
facet normal -0.896871 -0.442292 0.000000
 outer loop
  vertex 5.5706 32.6506 0.0000
  vertex 5.5706 32.6506 0.4000
  vertex 5.4722 32.8500 0.0000
 endloop
endfacet
facet normal -0.946931 -0.321438 0.000000
 outer loop
  vertex 5.6421 32.4400 0.0000
  vertex 5.6421 32.4400 0.4000
  vertex 5.5706 32.6506 0.0000
 endloop
endfacet
facet normal -0.831469 -0.555571 0.000000
 outer loop
  vertex 5.4722 32.8500 0.0000
  vertex 5.4722 32.8500 0.4000
  vertex 5.3487 33.0349 0.0000
 endloop
endfacet
facet normal -0.555571 -0.831469 0.000000
 outer loop
  vertex 4.8500 33.4722 0.0000
  vertex 5.0349 33.3487 0.0000
  vertex 5.0349 33.3487 0.4000
 endloop
endfacet
facet normal -0.321444 -0.946929 0.000000
 outer loop
  vertex 4.4400 33.6421 0.0000
  vertex 4.6506 33.5706 0.0000
  vertex 4.6506 33.5706 0.4000
 endloop
endfacet
facet normal -0.442283 -0.896875 0.000000
 outer loop
  vertex 4.8500 33.4722 0.0000
  vertex 4.8500 33.4722 0.4000
  vertex 4.6506 33.5706 0.0000
 endloop
endfacet
facet normal -0.751840 -0.659346 0.000000
 outer loop
  vertex 5.2021 33.2021 0.0000
  vertex 5.3487 33.0349 0.0000
  vertex 5.3487 33.0349 0.4000
 endloop
endfacet
facet normal -0.659352 -0.751834 0.000000
 outer loop
  vertex 5.0349 33.3487 0.0000
  vertex 5.2021 33.2021 0.0000
  vertex 5.2021 33.2021 0.4000
 endloop
endfacet
facet normal -0.997859 -0.065403 0.000000
 outer loop
  vertex 5.6855 32.2219 0.0000
  vertex 5.7000 32.0000 0.4000
  vertex 5.6855 32.2219 0.4000
 endloop
endfacet
facet normal -0.980785 -0.195090 0.000000
 outer loop
  vertex 5.6421 32.4400 0.0000
  vertex 5.6855 32.2219 0.4000
  vertex 5.6421 32.4400 0.4000
 endloop
endfacet
facet normal -0.831469 -0.555571 0.000000
 outer loop
  vertex 5.3487 33.0349 0.0000
  vertex 5.4722 32.8500 0.4000
  vertex 5.3487 33.0349 0.4000
 endloop
endfacet
facet normal -0.946931 -0.321438 0.000000
 outer loop
  vertex 5.5706 32.6506 0.0000
  vertex 5.6421 32.4400 0.4000
  vertex 5.5706 32.6506 0.4000
 endloop
endfacet
facet normal -0.896871 -0.442292 0.000000
 outer loop
  vertex 5.4722 32.8500 0.0000
  vertex 5.5706 32.6506 0.4000
  vertex 5.4722 32.8500 0.4000
 endloop
endfacet
facet normal -0.555571 -0.831469 0.000000
 outer loop
  vertex 4.8500 33.4722 0.0000
  vertex 5.0349 33.3487 0.4000
  vertex 4.8500 33.4722 0.4000
 endloop
endfacet
facet normal -0.659352 -0.751834 0.000000
 outer loop
  vertex 5.0349 33.3487 0.0000
  vertex 5.2021 33.2021 0.4000
  vertex 5.0349 33.3487 0.4000
 endloop
endfacet
facet normal -0.442283 -0.896875 0.000000
 outer loop
  vertex 4.6506 33.5706 0.0000
  vertex 4.8500 33.4722 0.4000
  vertex 4.6506 33.5706 0.4000
 endloop
endfacet
facet normal -0.751840 -0.659346 0.000000
 outer loop
  vertex 5.2021 33.2021 0.0000
  vertex 5.3487 33.0349 0.4000
  vertex 5.2021 33.2021 0.4000
 endloop
endfacet
facet normal 0.997859 -0.065404 0.000000
 outer loop
  vertex 2.3145 32.2219 1.9931
  vertex 2.3145 32.2219 2.0000
  vertex 2.3000 32.0000 2.0000
 endloop
endfacet
facet normal 0.980785 -0.195091 0.000000
 outer loop
  vertex 2.3145 32.2219 1.9931
  vertex 2.3290 32.2947 2.0000
  vertex 2.3145 32.2219 2.0000
 endloop
endfacet
facet normal 0.980785 -0.195091 0.000000
 outer loop
  vertex 2.3579 32.4400 1.9931
  vertex 2.3579 32.4400 2.0000
  vertex 2.3434 32.3672 2.0000
 endloop
endfacet
facet normal 0.946931 -0.321437 0.000000
 outer loop
  vertex 2.3579 32.4400 1.9931
  vertex 2.4294 32.6506 2.0000
  vertex 2.3579 32.4400 2.0000
 endloop
endfacet
facet normal 0.896871 -0.442293 0.000000
 outer loop
  vertex 2.4294 32.6506 2.0000
  vertex 2.5278 32.8500 1.9931
  vertex 2.5278 32.8500 2.0000
 endloop
endfacet
facet normal 0.831480 -0.555555 0.000000
 outer loop
  vertex 2.5278 32.8500 1.9931
  vertex 2.5690 32.9117 2.0000
  vertex 2.5278 32.8500 2.0000
 endloop
endfacet
facet normal 0.831464 -0.555578 0.000000
 outer loop
  vertex 2.6101 32.9732 2.0000
  vertex 2.6513 33.0349 1.9931
  vertex 2.6513 33.0349 2.0000
 endloop
endfacet
facet normal 0.751839 -0.659347 0.000000
 outer loop
  vertex 2.6513 33.0349 1.9931
  vertex 2.7979 33.2021 2.0000
  vertex 2.6513 33.0349 2.0000
 endloop
endfacet
facet normal 0.659353 -0.751834 0.000000
 outer loop
  vertex 2.7979 33.2021 2.0000
  vertex 2.9651 33.3487 1.9931
  vertex 2.9651 33.3487 2.0000
 endloop
endfacet
facet normal 0.555579 -0.831464 0.000000
 outer loop
  vertex 2.9651 33.3487 1.9931
  vertex 3.0268 33.3899 2.0000
  vertex 2.9651 33.3487 2.0000
 endloop
endfacet
facet normal 0.555579 -0.831464 0.000000
 outer loop
  vertex 3.0883 33.4310 2.0000
  vertex 3.1500 33.4722 1.9931
  vertex 3.1500 33.4722 2.0000
 endloop
endfacet
facet normal 0.442283 -0.896875 0.000000
 outer loop
  vertex 3.1500 33.4722 1.9931
  vertex 3.3494 33.5706 2.0000
  vertex 3.1500 33.4722 2.0000
 endloop
endfacet
facet normal 0.321444 -0.946929 0.000000
 outer loop
  vertex 3.3494 33.5706 2.0000
  vertex 3.5600 33.6421 1.9931
  vertex 3.5600 33.6421 2.0000
 endloop
endfacet
facet normal 0.195079 -0.980788 0.000000
 outer loop
  vertex 3.5600 33.6421 1.9931
  vertex 3.6328 33.6566 2.0000
  vertex 3.5600 33.6421 2.0000
 endloop
endfacet
facet normal 0.195079 -0.980788 0.000000
 outer loop
  vertex 3.7053 33.6710 2.0000
  vertex 3.7781 33.6855 1.9931
  vertex 3.7781 33.6855 2.0000
 endloop
endfacet
facet normal 0.065411 -0.997858 0.000000
 outer loop
  vertex 3.7781 33.6855 1.9931
  vertex 4.0000 33.7000 2.0000
  vertex 3.7781 33.6855 2.0000
 endloop
endfacet
facet normal -0.065411 -0.997858 0.000000
 outer loop
  vertex 4.2219 33.6855 1.9931
  vertex 4.2219 33.6855 2.0000
  vertex 4.0000 33.7000 2.0000
 endloop
endfacet
facet normal -0.195080 -0.980787 0.000000
 outer loop
  vertex 4.2219 33.6855 1.9931
  vertex 4.2947 33.6710 2.0000
  vertex 4.2219 33.6855 2.0000
 endloop
endfacet
facet normal -0.195080 -0.980787 0.000000
 outer loop
  vertex 4.4400 33.6421 1.9931
  vertex 4.4400 33.6421 2.0000
  vertex 4.3672 33.6566 2.0000
 endloop
endfacet
facet normal -0.321444 -0.946929 0.000000
 outer loop
  vertex 4.4400 33.6421 1.9931
  vertex 4.6506 33.5706 2.0000
  vertex 4.4400 33.6421 2.0000
 endloop
endfacet
facet normal -0.997859 -0.065403 0.000000
 outer loop
  vertex 5.6855 32.2219 1.9931
  vertex 5.7000 32.0000 2.0000
  vertex 5.6855 32.2219 2.0000
 endloop
endfacet
facet normal -0.980785 -0.195091 0.000000
 outer loop
  vertex 5.6855 32.2219 1.9931
  vertex 5.6855 32.2219 2.0000
  vertex 5.6710 32.2947 2.0000
 endloop
endfacet
facet normal -0.980786 -0.195085 0.000000
 outer loop
  vertex 5.6421 32.4400 1.9931
  vertex 5.6566 32.3672 2.0000
  vertex 5.6421 32.4400 2.0000
 endloop
endfacet
facet normal -0.946931 -0.321438 0.000000
 outer loop
  vertex 5.6421 32.4400 1.9931
  vertex 5.6421 32.4400 2.0000
  vertex 5.5706 32.6506 2.0000
 endloop
endfacet
facet normal -0.831479 -0.555557 0.000000
 outer loop
  vertex 5.4722 32.8500 1.9931
  vertex 5.4722 32.8500 2.0000
  vertex 5.4310 32.9117 2.0000
 endloop
endfacet
facet normal -0.896871 -0.442292 0.000000
 outer loop
  vertex 5.5706 32.6506 2.0000
  vertex 5.4722 32.8500 2.0000
  vertex 5.4722 32.8500 1.9931
 endloop
endfacet
facet normal -0.555578 -0.831465 0.000000
 outer loop
  vertex 4.8500 33.4722 1.9931
  vertex 4.9117 33.4310 2.0000
  vertex 4.8500 33.4722 2.0000
 endloop
endfacet
facet normal -0.555580 -0.831463 0.000000
 outer loop
  vertex 5.0349 33.3487 1.9931
  vertex 5.0349 33.3487 2.0000
  vertex 4.9732 33.3899 2.0000
 endloop
endfacet
facet normal -0.659352 -0.751834 0.000000
 outer loop
  vertex 5.0349 33.3487 1.9931
  vertex 5.2021 33.2021 2.0000
  vertex 5.0349 33.3487 2.0000
 endloop
endfacet
facet normal -0.442283 -0.896875 0.000000
 outer loop
  vertex 4.8500 33.4722 1.9931
  vertex 4.8500 33.4722 2.0000
  vertex 4.6506 33.5706 2.0000
 endloop
endfacet
facet normal -0.751840 -0.659346 0.000000
 outer loop
  vertex 5.3487 33.0349 1.9931
  vertex 5.3487 33.0349 2.0000
  vertex 5.2021 33.2021 2.0000
 endloop
endfacet
facet normal -0.831463 -0.555580 0.000000
 outer loop
  vertex 5.3899 32.9732 2.0000
  vertex 5.3487 33.0349 2.0000
  vertex 5.3487 33.0349 1.9931
 endloop
endfacet
facet normal 0.000000 -0.000000 1.000000
 outer loop
  vertex 0.8588 30.6989 0.4000
  vertex 0.8588 33.3011 0.4000
  vertex 0.6653 31.3367 0.4000
 endloop
endfacet
facet normal -0.000000 0.000000 1.000000
 outer loop
  vertex 0.8588 30.6989 0.4000
  vertex 1.1730 30.1111 0.4000
  vertex 1.1730 33.8889 0.4000
 endloop
endfacet
facet normal 0.000000 0.000000 1.000000
 outer loop
  vertex 2.1111 29.1730 0.4000
  vertex 2.3579 31.5600 0.4000
  vertex 2.3145 31.7781 0.4000
 endloop
endfacet
facet normal 0.000000 -0.000000 1.000000
 outer loop
  vertex 1.5958 29.5958 0.4000
  vertex 1.5958 34.4042 0.4000
  vertex 1.1730 30.1111 0.4000
 endloop
endfacet
facet normal -0.000000 0.000000 1.000000
 outer loop
  vertex 1.5958 29.5958 0.4000
  vertex 2.1111 29.1730 0.4000
  vertex 2.1111 34.8270 0.4000
 endloop
endfacet
facet normal 0.000000 0.000000 1.000000
 outer loop
  vertex 2.1111 29.1730 0.4000
  vertex 2.3145 31.7781 0.4000
  vertex 2.1111 34.8270 0.4000
 endloop
endfacet
facet normal -0.000000 0.000000 1.000000
 outer loop
  vertex 2.1111 29.1730 0.4000
  vertex 2.6989 28.8588 0.4000
  vertex 2.7979 30.7979 0.4000
 endloop
endfacet
facet normal -0.000000 0.000000 1.000000
 outer loop
  vertex 2.6989 28.8588 0.4000
  vertex 3.3367 28.6653 0.4000
  vertex 3.3494 30.4294 0.4000
 endloop
endfacet
facet normal 0.000000 0.000000 1.000000
 outer loop
  vertex 2.6989 28.8588 0.4000
  vertex 3.3494 30.4294 0.4000
  vertex 3.1500 30.5278 0.4000
 endloop
endfacet
facet normal 0.000000 0.000000 1.000000
 outer loop
  vertex 3.3367 28.6653 0.4000
  vertex 3.5600 30.3579 0.4000
  vertex 3.3494 30.4294 0.4000
 endloop
endfacet
facet normal -0.000000 0.000000 1.000000
 outer loop
  vertex 3.3367 28.6653 0.4000
  vertex 4.0000 28.6000 0.4000
  vertex 3.7781 30.3145 0.4000
 endloop
endfacet
facet normal 0.000000 0.000000 1.000000
 outer loop
  vertex 3.3367 28.6653 0.4000
  vertex 3.7781 30.3145 0.4000
  vertex 3.5600 30.3579 0.4000
 endloop
endfacet
facet normal 0.000000 -0.000000 1.000000
 outer loop
  vertex 4.0000 28.6000 0.4000
  vertex 4.0000 30.3000 0.4000
  vertex 3.7781 30.3145 0.4000
 endloop
endfacet
facet normal 0.000000 0.000000 1.000000
 outer loop
  vertex 4.0000 28.6000 0.4000
  vertex 4.6633 28.6653 0.4000
  vertex 4.2219 30.3145 0.4000
 endloop
endfacet
facet normal 0.000000 0.000000 1.000000
 outer loop
  vertex 4.0000 28.6000 0.4000
  vertex 4.2219 30.3145 0.4000
  vertex 4.0000 30.3000 0.4000
 endloop
endfacet
facet normal -0.000000 0.000000 1.000000
 outer loop
  vertex 4.2219 30.3145 0.4000
  vertex 4.6633 28.6653 0.4000
  vertex 4.4400 30.3579 0.4000
 endloop
endfacet
facet normal 0.000000 0.000000 1.000000
 outer loop
  vertex 2.1111 29.1730 0.4000
  vertex 2.7979 30.7979 0.4000
  vertex 2.6513 30.9651 0.4000
 endloop
endfacet
facet normal 0.000000 0.000000 1.000000
 outer loop
  vertex 2.1111 29.1730 0.4000
  vertex 2.6513 30.9651 0.4000
  vertex 2.5278 31.1500 0.4000
 endloop
endfacet
facet normal 0.000000 0.000000 1.000000
 outer loop
  vertex 2.6989 28.8588 0.4000
  vertex 2.9651 30.6513 0.4000
  vertex 2.7979 30.7979 0.4000
 endloop
endfacet
facet normal 0.000000 0.000000 1.000000
 outer loop
  vertex 2.1111 29.1730 0.4000
  vertex 2.5278 31.1500 0.4000
  vertex 2.4294 31.3494 0.4000
 endloop
endfacet
facet normal 0.000000 0.000000 1.000000
 outer loop
  vertex 2.1111 29.1730 0.4000
  vertex 2.4294 31.3494 0.4000
  vertex 2.3579 31.5600 0.4000
 endloop
endfacet
facet normal 0.000000 0.000000 1.000000
 outer loop
  vertex 2.6989 28.8588 0.4000
  vertex 3.1500 30.5278 0.4000
  vertex 2.9651 30.6513 0.4000
 endloop
endfacet
facet normal 0.000000 0.000000 1.000000
 outer loop
  vertex 4.6633 28.6653 0.4000
  vertex 5.3011 28.8588 0.4000
  vertex 4.8500 30.5278 0.4000
 endloop
endfacet
facet normal -0.000000 0.000000 1.000000
 outer loop
  vertex 4.4400 30.3579 0.4000
  vertex 4.6633 28.6653 0.4000
  vertex 4.6506 30.4294 0.4000
 endloop
endfacet
facet normal 0.000000 -0.000000 1.000000
 outer loop
  vertex 4.6633 28.6653 0.4000
  vertex 4.8500 30.5278 0.4000
  vertex 4.6506 30.4294 0.4000
 endloop
endfacet
facet normal 0.000000 0.000000 1.000000
 outer loop
  vertex 5.3011 28.8588 0.4000
  vertex 5.8889 29.1730 0.4000
  vertex 5.5706 31.3494 0.4000
 endloop
endfacet
facet normal 0.000000 0.000000 1.000000
 outer loop
  vertex 5.3011 28.8588 0.4000
  vertex 5.0349 30.6513 0.4000
  vertex 4.8500 30.5278 0.4000
 endloop
endfacet
facet normal 0.000000 0.000000 1.000000
 outer loop
  vertex 5.3011 28.8588 0.4000
  vertex 5.2021 30.7979 0.4000
  vertex 5.0349 30.6513 0.4000
 endloop
endfacet
facet normal 0.000000 -0.000000 1.000000
 outer loop
  vertex 5.3011 28.8588 0.4000
  vertex 5.3487 30.9651 0.4000
  vertex 5.2021 30.7979 0.4000
 endloop
endfacet
facet normal 0.000000 0.000000 1.000000
 outer loop
  vertex 5.3011 28.8588 0.4000
  vertex 5.4722 31.1500 0.4000
  vertex 5.3487 30.9651 0.4000
 endloop
endfacet
facet normal 0.000000 0.000000 1.000000
 outer loop
  vertex 5.3011 28.8588 0.4000
  vertex 5.5706 31.3494 0.4000
  vertex 5.4722 31.1500 0.4000
 endloop
endfacet
facet normal 0.000000 0.000000 1.000000
 outer loop
  vertex 5.8889 29.1730 0.4000
  vertex 5.6421 31.5600 0.4000
  vertex 5.5706 31.3494 0.4000
 endloop
endfacet
facet normal 0.000000 0.000000 1.000000
 outer loop
  vertex 5.8889 29.1730 0.4000
  vertex 5.6855 31.7781 0.4000
  vertex 5.6421 31.5600 0.4000
 endloop
endfacet
facet normal 0.000000 0.000000 1.000000
 outer loop
  vertex 5.8889 29.1730 0.4000
  vertex 5.7000 32.0000 0.4000
  vertex 5.6855 31.7781 0.4000
 endloop
endfacet
facet normal 0.000000 0.000000 1.000000
 outer loop
  vertex 5.8889 29.1730 0.4000
  vertex 5.6855 32.2219 0.4000
  vertex 5.7000 32.0000 0.4000
 endloop
endfacet
facet normal 0.000000 0.000000 1.000000
 outer loop
  vertex 5.8889 29.1730 0.4000
  vertex 6.4042 29.5958 0.4000
  vertex 6.4042 34.4042 0.4000
 endloop
endfacet
facet normal 0.000000 0.000000 1.000000
 outer loop
  vertex 6.4042 29.5958 0.4000
  vertex 6.8270 30.1111 0.4000
  vertex 6.8270 33.8889 0.4000
 endloop
endfacet
facet normal 0.000000 0.000000 1.000000
 outer loop
  vertex 6.8270 30.1111 0.4000
  vertex 7.1412 30.6989 0.4000
  vertex 7.1412 33.3011 0.4000
 endloop
endfacet
facet normal 0.000000 0.000000 1.000000
 outer loop
  vertex 7.1412 30.6989 0.4000
  vertex 7.3347 31.3367 0.4000
  vertex 7.3347 32.6633 0.4000
 endloop
endfacet
facet normal 0.435902 0.531149 -0.726547
 outer loop
  vertex 1.5958 29.5958 0.4000
  vertex 2.7979 30.7979 2.0000
  vertex 2.1111 29.1730 0.4000
 endloop
endfacet
facet normal 0.605983 0.323905 -0.726547
 outer loop
  vertex 0.8588 30.6989 0.4000
  vertex 2.4294 31.3494 2.0000
  vertex 1.1730 30.1111 0.4000
 endloop
endfacet
facet normal 0.531149 0.435902 -0.726547
 outer loop
  vertex 1.5958 29.5958 0.4000
  vertex 1.1730 30.1111 0.4000
  vertex 2.5865 31.0555 2.0000
 endloop
endfacet
facet normal 0.657530 0.199459 -0.726547
 outer loop
  vertex 0.8588 30.6989 0.4000
  vertex 0.6653 31.3367 0.4000
  vertex 2.3327 31.6683 2.0000
 endloop
endfacet
facet normal 0.683809 0.067349 -0.726547
 outer loop
  vertex 0.6653 31.3367 0.4000
  vertex 0.6000 32.0000 0.4000
  vertex 2.3000 32.0000 2.0000
 endloop
endfacet
facet normal 0.323905 0.605983 -0.726547
 outer loop
  vertex 2.1111 29.1730 0.4000
  vertex 3.0555 30.5865 2.0000
  vertex 2.6989 28.8588 0.4000
 endloop
endfacet
facet normal 0.199460 0.657530 -0.726547
 outer loop
  vertex 2.6989 28.8588 0.4000
  vertex 3.3494 30.4294 2.0000
  vertex 3.3367 28.6653 0.4000
 endloop
endfacet
facet normal 0.067350 0.683809 -0.726546
 outer loop
  vertex 3.3367 28.6653 0.4000
  vertex 3.6683 30.3327 2.0000
  vertex 4.0000 28.6000 0.4000
 endloop
endfacet
facet normal -0.067350 0.683809 -0.726546
 outer loop
  vertex 4.0000 28.6000 0.4000
  vertex 4.0000 30.3000 2.0000
  vertex 4.6633 28.6653 0.4000
 endloop
endfacet
facet normal 0.531148 0.435903 -0.726547
 outer loop
  vertex 1.5958 29.5958 0.4000
  vertex 2.5865 31.0555 2.0000
  vertex 2.6101 31.0268 2.0000
 endloop
endfacet
facet normal 0.605983 0.323905 -0.726547
 outer loop
  vertex 1.1730 30.1111 0.4000
  vertex 2.4294 31.3494 2.0000
  vertex 2.5278 31.1500 1.9931
 endloop
endfacet
facet normal 0.605980 0.323912 -0.726546
 outer loop
  vertex 1.1730 30.1111 0.4000
  vertex 2.5690 31.0883 2.0000
  vertex 2.5865 31.0555 2.0000
 endloop
endfacet
facet normal 0.605985 0.323902 -0.726547
 outer loop
  vertex 1.1730 30.1111 0.4000
  vertex 2.5278 31.1500 1.9931
  vertex 2.5690 31.0883 2.0000
 endloop
endfacet
facet normal 0.657530 0.199460 -0.726547
 outer loop
  vertex 0.8588 30.6989 0.4000
  vertex 2.3579 31.5600 1.9931
  vertex 2.4294 31.3494 2.0000
 endloop
endfacet
facet normal 0.657530 0.199459 -0.726547
 outer loop
  vertex 0.8588 30.6989 0.4000
  vertex 2.3434 31.6328 2.0000
  vertex 2.3579 31.5600 1.9931
 endloop
endfacet
facet normal 0.657530 0.199459 -0.726547
 outer loop
  vertex 0.8588 30.6989 0.4000
  vertex 2.3327 31.6683 2.0000
  vertex 2.3434 31.6328 2.0000
 endloop
endfacet
facet normal 0.683808 0.067352 -0.726547
 outer loop
  vertex 0.6653 31.3367 0.4000
  vertex 2.3145 31.7781 1.9931
  vertex 2.3290 31.7053 2.0000
 endloop
endfacet
facet normal 0.683809 0.067343 -0.726546
 outer loop
  vertex 0.6653 31.3367 0.4000
  vertex 2.3290 31.7053 2.0000
  vertex 2.3327 31.6683 2.0000
 endloop
endfacet
facet normal 0.683809 0.067349 -0.726546
 outer loop
  vertex 0.6653 31.3367 0.4000
  vertex 2.3000 32.0000 2.0000
  vertex 2.3145 31.7781 1.9931
 endloop
endfacet
facet normal 0.323898 0.605986 -0.726547
 outer loop
  vertex 2.6989 28.8588 0.4000
  vertex 3.0883 30.5690 2.0000
  vertex 3.1500 30.5278 1.9931
 endloop
endfacet
facet normal 0.323906 0.605983 -0.726546
 outer loop
  vertex 2.6989 28.8588 0.4000
  vertex 3.1500 30.5278 1.9931
  vertex 3.3494 30.4294 2.0000
 endloop
endfacet
facet normal 0.199463 0.657530 -0.726546
 outer loop
  vertex 3.3367 28.6653 0.4000
  vertex 3.3494 30.4294 2.0000
  vertex 3.5600 30.3579 1.9931
 endloop
endfacet
facet normal 0.199452 0.657532 -0.726547
 outer loop
  vertex 3.3367 28.6653 0.4000
  vertex 3.5600 30.3579 1.9931
  vertex 3.6328 30.3434 2.0000
 endloop
endfacet
facet normal 0.199471 0.657528 -0.726546
 outer loop
  vertex 3.3367 28.6653 0.4000
  vertex 3.6328 30.3434 2.0000
  vertex 3.6683 30.3327 2.0000
 endloop
endfacet
facet normal 0.067341 0.683808 -0.726548
 outer loop
  vertex 4.0000 28.6000 0.4000
  vertex 3.7053 30.3290 2.0000
  vertex 3.7781 30.3145 1.9931
 endloop
endfacet
facet normal 0.067354 0.683809 -0.726546
 outer loop
  vertex 4.0000 28.6000 0.4000
  vertex 3.7781 30.3145 1.9931
  vertex 4.0000 30.3000 2.0000
 endloop
endfacet
facet normal 0.067337 0.683808 -0.726548
 outer loop
  vertex 4.0000 28.6000 0.4000
  vertex 3.6683 30.3327 2.0000
  vertex 3.7053 30.3290 2.0000
 endloop
endfacet
facet normal -0.067355 0.683808 -0.726547
 outer loop
  vertex 4.6633 28.6653 0.4000
  vertex 4.0000 30.3000 2.0000
  vertex 4.2219 30.3145 1.9931
 endloop
endfacet
facet normal -0.067341 0.683810 -0.726546
 outer loop
  vertex 4.6633 28.6653 0.4000
  vertex 4.2219 30.3145 1.9931
  vertex 4.2947 30.3290 2.0000
 endloop
endfacet
facet normal -0.067340 0.683810 -0.726546
 outer loop
  vertex 4.6633 28.6653 0.4000
  vertex 4.2947 30.3290 2.0000
  vertex 4.3317 30.3327 2.0000
 endloop
endfacet
facet normal 0.531148 0.435903 -0.726547
 outer loop
  vertex 1.5958 29.5958 0.4000
  vertex 2.6513 30.9651 1.9931
  vertex 2.7979 30.7979 2.0000
 endloop
endfacet
facet normal 0.435904 0.531148 -0.726546
 outer loop
  vertex 2.1111 29.1730 0.4000
  vertex 2.7979 30.7979 2.0000
  vertex 2.9651 30.6513 1.9931
 endloop
endfacet
facet normal 0.435897 0.531153 -0.726547
 outer loop
  vertex 2.1111 29.1730 0.4000
  vertex 2.9651 30.6513 1.9931
  vertex 3.0268 30.6101 2.0000
 endloop
endfacet
facet normal 0.435900 0.531151 -0.726547
 outer loop
  vertex 2.1111 29.1730 0.4000
  vertex 3.0268 30.6101 2.0000
  vertex 3.0555 30.5865 2.0000
 endloop
endfacet
facet normal 0.531151 0.435900 -0.726546
 outer loop
  vertex 1.5958 29.5958 0.4000
  vertex 2.6101 31.0268 2.0000
  vertex 2.6513 30.9651 1.9931
 endloop
endfacet
facet normal 0.323914 0.605980 -0.726545
 outer loop
  vertex 2.6989 28.8588 0.4000
  vertex 3.0555 30.5865 2.0000
  vertex 3.0883 30.5690 2.0000
 endloop
endfacet
facet normal -0.199460 0.657530 -0.726546
 outer loop
  vertex 4.6633 28.6653 0.4000
  vertex 4.3317 30.3327 2.0000
  vertex 5.3011 28.8588 0.4000
 endloop
endfacet
facet normal -0.323905 0.605983 -0.726546
 outer loop
  vertex 5.3011 28.8588 0.4000
  vertex 4.6506 30.4294 2.0000
  vertex 5.8889 29.1730 0.4000
 endloop
endfacet
facet normal -0.435902 0.531149 -0.726547
 outer loop
  vertex 5.8889 29.1730 0.4000
  vertex 4.9445 30.5865 2.0000
  vertex 6.4042 29.5958 0.4000
 endloop
endfacet
facet normal -0.531149 0.435903 -0.726547
 outer loop
  vertex 6.4042 29.5958 0.4000
  vertex 5.2021 30.7979 2.0000
  vertex 6.8270 30.1111 0.4000
 endloop
endfacet
facet normal -0.605983 0.323905 -0.726547
 outer loop
  vertex 6.8270 30.1111 0.4000
  vertex 5.4135 31.0555 2.0000
  vertex 7.1412 30.6989 0.4000
 endloop
endfacet
facet normal -0.657530 0.199459 -0.726547
 outer loop
  vertex 7.1412 30.6989 0.4000
  vertex 5.5706 31.3494 2.0000
  vertex 7.3347 31.3367 0.4000
 endloop
endfacet
facet normal -0.683809 0.067349 -0.726547
 outer loop
  vertex 7.3347 31.3367 0.4000
  vertex 5.6673 31.6683 2.0000
  vertex 7.4000 32.0000 0.4000
 endloop
endfacet
facet normal -0.199471 0.657525 -0.726548
 outer loop
  vertex 5.3011 28.8588 0.4000
  vertex 4.3317 30.3327 2.0000
  vertex 4.3672 30.3434 2.0000
 endloop
endfacet
facet normal -0.199453 0.657534 -0.726545
 outer loop
  vertex 5.3011 28.8588 0.4000
  vertex 4.3672 30.3434 2.0000
  vertex 4.4400 30.3579 1.9931
 endloop
endfacet
facet normal -0.199463 0.657529 -0.726547
 outer loop
  vertex 5.3011 28.8588 0.4000
  vertex 4.4400 30.3579 1.9931
  vertex 4.6506 30.4294 2.0000
 endloop
endfacet
facet normal -0.323906 0.605983 -0.726547
 outer loop
  vertex 5.8889 29.1730 0.4000
  vertex 4.6506 30.4294 2.0000
  vertex 4.8500 30.5278 1.9931
 endloop
endfacet
facet normal -0.323898 0.605988 -0.726546
 outer loop
  vertex 5.8889 29.1730 0.4000
  vertex 4.8500 30.5278 1.9931
  vertex 4.9117 30.5690 2.0000
 endloop
endfacet
facet normal -0.323912 0.605978 -0.726548
 outer loop
  vertex 5.8889 29.1730 0.4000
  vertex 4.9117 30.5690 2.0000
  vertex 4.9445 30.5865 2.0000
 endloop
endfacet
facet normal -0.435899 0.531153 -0.726546
 outer loop
  vertex 6.4042 29.5958 0.4000
  vertex 4.9732 30.6101 2.0000
  vertex 5.0349 30.6513 1.9931
 endloop
endfacet
facet normal -0.435898 0.531153 -0.726546
 outer loop
  vertex 6.4042 29.5958 0.4000
  vertex 4.9445 30.5865 2.0000
  vertex 4.9732 30.6101 2.0000
 endloop
endfacet
facet normal -0.435904 0.531148 -0.726547
 outer loop
  vertex 6.4042 29.5958 0.4000
  vertex 5.0349 30.6513 1.9931
  vertex 5.2021 30.7979 2.0000
 endloop
endfacet
facet normal -0.531149 0.435902 -0.726547
 outer loop
  vertex 6.8270 30.1111 0.4000
  vertex 5.2021 30.7979 2.0000
  vertex 5.3487 30.9651 1.9931
 endloop
endfacet
facet normal -0.531150 0.435902 -0.726546
 outer loop
  vertex 6.8270 30.1111 0.4000
  vertex 5.3487 30.9651 1.9931
  vertex 5.3899 31.0268 2.0000
 endloop
endfacet
facet normal -0.531148 0.435903 -0.726547
 outer loop
  vertex 6.8270 30.1111 0.4000
  vertex 5.3899 31.0268 2.0000
  vertex 5.4135 31.0555 2.0000
 endloop
endfacet
facet normal -0.605981 0.323910 -0.726546
 outer loop
  vertex 7.1412 30.6989 0.4000
  vertex 5.4135 31.0555 2.0000
  vertex 5.4310 31.0883 2.0000
 endloop
endfacet
facet normal -0.605983 0.323905 -0.726547
 outer loop
  vertex 7.1412 30.6989 0.4000
  vertex 5.4310 31.0883 2.0000
  vertex 5.4722 31.1500 1.9931
 endloop
endfacet
facet normal -0.605983 0.323905 -0.726547
 outer loop
  vertex 7.1412 30.6989 0.4000
  vertex 5.4722 31.1500 1.9931
  vertex 5.5706 31.3494 2.0000
 endloop
endfacet
facet normal -0.657530 0.199461 -0.726546
 outer loop
  vertex 7.3347 31.3367 0.4000
  vertex 5.5706 31.3494 2.0000
  vertex 5.6421 31.5600 1.9931
 endloop
endfacet
facet normal -0.657531 0.199455 -0.726547
 outer loop
  vertex 7.3347 31.3367 0.4000
  vertex 5.6421 31.5600 1.9931
  vertex 5.6566 31.6328 2.0000
 endloop
endfacet
facet normal -0.657529 0.199464 -0.726546
 outer loop
  vertex 7.3347 31.3367 0.4000
  vertex 5.6566 31.6328 2.0000
  vertex 5.6673 31.6683 2.0000
 endloop
endfacet
facet normal -0.683808 0.067345 -0.726547
 outer loop
  vertex 5.6673 31.6683 2.0000
  vertex 5.6710 31.7053 2.0000
  vertex 7.4000 32.0000 0.4000
 endloop
endfacet
facet normal -0.683809 0.067352 -0.726546
 outer loop
  vertex 5.6710 31.7053 2.0000
  vertex 5.6855 31.7781 1.9931
  vertex 7.4000 32.0000 0.4000
 endloop
endfacet
facet normal -0.683809 0.067348 -0.726547
 outer loop
  vertex 5.6855 31.7781 1.9931
  vertex 5.7000 32.0000 2.0000
  vertex 7.4000 32.0000 0.4000
 endloop
endfacet
facet normal 0.000000 -0.000000 1.000000
 outer loop
  vertex 0.6653 31.3367 0.4000
  vertex 0.6653 32.6633 0.4000
  vertex 0.6000 32.0000 0.4000
 endloop
endfacet
facet normal 0.000000 0.000000 1.000000
 outer loop
  vertex 0.6653 31.3367 0.4000
  vertex 0.8588 33.3011 0.4000
  vertex 0.6653 32.6633 0.4000
 endloop
endfacet
facet normal 0.000000 0.000000 1.000000
 outer loop
  vertex 0.8588 30.6989 0.4000
  vertex 1.1730 33.8889 0.4000
  vertex 0.8588 33.3011 0.4000
 endloop
endfacet
facet normal 0.000000 0.000000 1.000000
 outer loop
  vertex 1.1730 30.1111 0.4000
  vertex 1.5958 34.4042 0.4000
  vertex 1.1730 33.8889 0.4000
 endloop
endfacet
facet normal 0.000000 0.000000 1.000000
 outer loop
  vertex 1.5958 29.5958 0.4000
  vertex 2.1111 34.8270 0.4000
  vertex 1.5958 34.4042 0.4000
 endloop
endfacet
facet normal 0.000000 0.000000 1.000000
 outer loop
  vertex 2.3145 31.7781 0.4000
  vertex 2.3000 32.0000 0.4000
  vertex 2.1111 34.8270 0.4000
 endloop
endfacet
facet normal 0.000000 0.000000 1.000000
 outer loop
  vertex 2.1111 34.8270 0.4000
  vertex 2.3000 32.0000 0.4000
  vertex 2.3145 32.2219 0.4000
 endloop
endfacet
facet normal 0.000000 0.000000 1.000000
 outer loop
  vertex 2.1111 34.8270 0.4000
  vertex 2.3145 32.2219 0.4000
  vertex 2.3579 32.4400 0.4000
 endloop
endfacet
facet normal 0.000000 0.000000 1.000000
 outer loop
  vertex 2.1111 34.8270 0.4000
  vertex 2.3579 32.4400 0.4000
  vertex 2.4294 32.6506 0.4000
 endloop
endfacet
facet normal 0.000000 0.000000 1.000000
 outer loop
  vertex 2.4294 32.6506 0.4000
  vertex 2.5278 32.8500 0.4000
  vertex 2.6989 35.1412 0.4000
 endloop
endfacet
facet normal 0.000000 0.000000 1.000000
 outer loop
  vertex 2.5278 32.8500 0.4000
  vertex 2.6513 33.0349 0.4000
  vertex 2.6989 35.1412 0.4000
 endloop
endfacet
facet normal 0.000000 0.000000 1.000000
 outer loop
  vertex 2.6513 33.0349 0.4000
  vertex 2.7979 33.2021 0.4000
  vertex 2.6989 35.1412 0.4000
 endloop
endfacet
facet normal 0.000000 -0.000000 1.000000
 outer loop
  vertex 2.7979 33.2021 0.4000
  vertex 2.9651 33.3487 0.4000
  vertex 2.6989 35.1412 0.4000
 endloop
endfacet
facet normal 0.000000 -0.000000 1.000000
 outer loop
  vertex 2.9651 33.3487 0.4000
  vertex 3.1500 33.4722 0.4000
  vertex 2.6989 35.1412 0.4000
 endloop
endfacet
facet normal -0.000000 0.000000 1.000000
 outer loop
  vertex 2.1111 34.8270 0.4000
  vertex 2.4294 32.6506 0.4000
  vertex 2.6989 35.1412 0.4000
 endloop
endfacet
facet normal 0.000000 0.000000 1.000000
 outer loop
  vertex 3.1500 33.4722 0.4000
  vertex 3.3494 33.5706 0.4000
  vertex 3.3367 35.3347 0.4000
 endloop
endfacet
facet normal 0.000000 -0.000000 1.000000
 outer loop
  vertex 3.3494 33.5706 0.4000
  vertex 3.5600 33.6421 0.4000
  vertex 3.3367 35.3347 0.4000
 endloop
endfacet
facet normal 0.000000 -0.000000 1.000000
 outer loop
  vertex 3.1500 33.4722 0.4000
  vertex 3.3367 35.3347 0.4000
  vertex 2.6989 35.1412 0.4000
 endloop
endfacet
facet normal 0.000000 -0.000000 1.000000
 outer loop
  vertex 3.5600 33.6421 0.4000
  vertex 3.7781 33.6855 0.4000
  vertex 3.3367 35.3347 0.4000
 endloop
endfacet
facet normal 0.000000 0.000000 1.000000
 outer loop
  vertex 3.7781 33.6855 0.4000
  vertex 4.0000 33.7000 0.4000
  vertex 4.0000 35.4000 0.4000
 endloop
endfacet
facet normal 0.000000 -0.000000 1.000000
 outer loop
  vertex 3.7781 33.6855 0.4000
  vertex 4.0000 35.4000 0.4000
  vertex 3.3367 35.3347 0.4000
 endloop
endfacet
facet normal -0.000000 0.000000 1.000000
 outer loop
  vertex 4.0000 33.7000 0.4000
  vertex 4.2219 33.6855 0.4000
  vertex 4.0000 35.4000 0.4000
 endloop
endfacet
facet normal -0.000000 0.000000 1.000000
 outer loop
  vertex 4.2219 33.6855 0.4000
  vertex 4.4400 33.6421 0.4000
  vertex 4.6633 35.3347 0.4000
 endloop
endfacet
facet normal 0.000000 -0.000000 1.000000
 outer loop
  vertex 4.2219 33.6855 0.4000
  vertex 4.6633 35.3347 0.4000
  vertex 4.0000 35.4000 0.4000
 endloop
endfacet
facet normal -0.000000 0.000000 1.000000
 outer loop
  vertex 4.8500 33.4722 0.4000
  vertex 5.0349 33.3487 0.4000
  vertex 5.3011 35.1412 0.4000
 endloop
endfacet
facet normal 0.000000 -0.000000 1.000000
 outer loop
  vertex 5.6421 32.4400 0.4000
  vertex 5.8889 34.8270 0.4000
  vertex 5.5706 32.6506 0.4000
 endloop
endfacet
facet normal 0.000000 -0.000000 1.000000
 outer loop
  vertex 5.5706 32.6506 0.4000
  vertex 5.8889 34.8270 0.4000
  vertex 5.4722 32.8500 0.4000
 endloop
endfacet
facet normal -0.000000 0.000000 1.000000
 outer loop
  vertex 5.0349 33.3487 0.4000
  vertex 5.2021 33.2021 0.4000
  vertex 5.3011 35.1412 0.4000
 endloop
endfacet
facet normal -0.000000 0.000000 1.000000
 outer loop
  vertex 5.2021 33.2021 0.4000
  vertex 5.3487 33.0349 0.4000
  vertex 5.8889 34.8270 0.4000
 endloop
endfacet
facet normal 0.000000 -0.000000 1.000000
 outer loop
  vertex 5.4722 32.8500 0.4000
  vertex 5.8889 34.8270 0.4000
  vertex 5.3487 33.0349 0.4000
 endloop
endfacet
facet normal 0.000000 -0.000000 1.000000
 outer loop
  vertex 5.8889 29.1730 0.4000
  vertex 5.8889 34.8270 0.4000
  vertex 5.6855 32.2219 0.4000
 endloop
endfacet
facet normal 0.000000 0.000000 1.000000
 outer loop
  vertex 5.8889 29.1730 0.4000
  vertex 6.4042 34.4042 0.4000
  vertex 5.8889 34.8270 0.4000
 endloop
endfacet
facet normal 0.000000 0.000000 1.000000
 outer loop
  vertex 6.4042 29.5958 0.4000
  vertex 6.8270 33.8889 0.4000
  vertex 6.4042 34.4042 0.4000
 endloop
endfacet
facet normal 0.000000 -0.000000 1.000000
 outer loop
  vertex 5.6855 32.2219 0.4000
  vertex 5.8889 34.8270 0.4000
  vertex 5.6421 32.4400 0.4000
 endloop
endfacet
facet normal -0.000000 0.000000 1.000000
 outer loop
  vertex 4.4400 33.6421 0.4000
  vertex 4.6506 33.5706 0.4000
  vertex 4.6633 35.3347 0.4000
 endloop
endfacet
facet normal 0.000000 -0.000000 1.000000
 outer loop
  vertex 4.8500 33.4722 0.4000
  vertex 5.3011 35.1412 0.4000
  vertex 4.6506 33.5706 0.4000
 endloop
endfacet
facet normal 0.000000 0.000000 1.000000
 outer loop
  vertex 4.6506 33.5706 0.4000
  vertex 5.3011 35.1412 0.4000
  vertex 4.6633 35.3347 0.4000
 endloop
endfacet
facet normal 0.000000 0.000000 1.000000
 outer loop
  vertex 5.2021 33.2021 0.4000
  vertex 5.8889 34.8270 0.4000
  vertex 5.3011 35.1412 0.4000
 endloop
endfacet
facet normal 0.000000 0.000000 1.000000
 outer loop
  vertex 6.8270 30.1111 0.4000
  vertex 7.1412 33.3011 0.4000
  vertex 6.8270 33.8889 0.4000
 endloop
endfacet
facet normal 0.000000 0.000000 1.000000
 outer loop
  vertex 7.1412 30.6989 0.4000
  vertex 7.3347 32.6633 0.4000
  vertex 7.1412 33.3011 0.4000
 endloop
endfacet
facet normal 0.000000 0.000000 1.000000
 outer loop
  vertex 7.3347 31.3367 0.4000
  vertex 7.4000 32.0000 0.4000
  vertex 7.3347 32.6633 0.4000
 endloop
endfacet
facet normal 0.683809 -0.067349 -0.726547
 outer loop
  vertex 0.6000 32.0000 0.4000
  vertex 0.6653 32.6633 0.4000
  vertex 2.3327 32.3317 2.0000
 endloop
endfacet
facet normal 0.657530 -0.199459 -0.726547
 outer loop
  vertex 0.6653 32.6633 0.4000
  vertex 0.8588 33.3011 0.4000
  vertex 2.4294 32.6506 2.0000
 endloop
endfacet
facet normal 0.605983 -0.323905 -0.726547
 outer loop
  vertex 0.8588 33.3011 0.4000
  vertex 1.1730 33.8889 0.4000
  vertex 2.5865 32.9445 2.0000
 endloop
endfacet
facet normal 0.531149 -0.435902 -0.726547
 outer loop
  vertex 1.1730 33.8889 0.4000
  vertex 1.5958 34.4042 0.4000
  vertex 2.7979 33.2021 2.0000
 endloop
endfacet
facet normal 0.435902 -0.531149 -0.726547
 outer loop
  vertex 1.5958 34.4042 0.4000
  vertex 2.1111 34.8270 0.4000
  vertex 3.0555 33.4135 2.0000
 endloop
endfacet
facet normal 0.323905 -0.605983 -0.726547
 outer loop
  vertex 2.1111 34.8270 0.4000
  vertex 2.6989 35.1412 0.4000
  vertex 3.3494 33.5706 2.0000
 endloop
endfacet
facet normal 0.199461 -0.657530 -0.726547
 outer loop
  vertex 2.6989 35.1412 0.4000
  vertex 3.3367 35.3347 0.4000
  vertex 3.6683 33.6673 2.0000
 endloop
endfacet
facet normal 0.067350 -0.683808 -0.726547
 outer loop
  vertex 3.3367 35.3347 0.4000
  vertex 4.0000 35.4000 0.4000
  vertex 4.0000 33.7000 2.0000
 endloop
endfacet
facet normal -0.067350 -0.683808 -0.726547
 outer loop
  vertex 4.0000 35.4000 0.4000
  vertex 4.6633 35.3347 0.4000
  vertex 4.3317 33.6673 2.0000
 endloop
endfacet
facet normal 0.683809 -0.067349 -0.726547
 outer loop
  vertex 0.6000 32.0000 0.4000
  vertex 2.3145 32.2219 1.9931
  vertex 2.3000 32.0000 2.0000
 endloop
endfacet
facet normal 0.683809 -0.067351 -0.726546
 outer loop
  vertex 0.6000 32.0000 0.4000
  vertex 2.3290 32.2947 2.0000
  vertex 2.3145 32.2219 1.9931
 endloop
endfacet
facet normal 0.683808 -0.067346 -0.726547
 outer loop
  vertex 0.6000 32.0000 0.4000
  vertex 2.3327 32.3317 2.0000
  vertex 2.3290 32.2947 2.0000
 endloop
endfacet
facet normal 0.657528 -0.199469 -0.726546
 outer loop
  vertex 0.6653 32.6633 0.4000
  vertex 2.3434 32.3672 2.0000
  vertex 2.3327 32.3317 2.0000
 endloop
endfacet
facet normal 0.657530 -0.199459 -0.726547
 outer loop
  vertex 0.6653 32.6633 0.4000
  vertex 2.3579 32.4400 1.9931
  vertex 2.3434 32.3672 2.0000
 endloop
endfacet
facet normal 0.657530 -0.199458 -0.726547
 outer loop
  vertex 0.6653 32.6633 0.4000
  vertex 2.4294 32.6506 2.0000
  vertex 2.3579 32.4400 1.9931
 endloop
endfacet
facet normal 0.605982 -0.323908 -0.726546
 outer loop
  vertex 0.8588 33.3011 0.4000
  vertex 2.5278 32.8500 1.9931
  vertex 2.4294 32.6506 2.0000
 endloop
endfacet
facet normal 0.605987 -0.323894 -0.726548
 outer loop
  vertex 0.8588 33.3011 0.4000
  vertex 2.5690 32.9117 2.0000
  vertex 2.5278 32.8500 1.9931
 endloop
endfacet
facet normal 0.605981 -0.323910 -0.726546
 outer loop
  vertex 0.8588 33.3011 0.4000
  vertex 2.5865 32.9445 2.0000
  vertex 2.5690 32.9117 2.0000
 endloop
endfacet
facet normal 0.531148 -0.435903 -0.726547
 outer loop
  vertex 1.1730 33.8889 0.4000
  vertex 2.6101 32.9732 2.0000
  vertex 2.5865 32.9445 2.0000
 endloop
endfacet
facet normal 0.531144 -0.435909 -0.726546
 outer loop
  vertex 1.1730 33.8889 0.4000
  vertex 2.6513 33.0349 1.9931
  vertex 2.6101 32.9732 2.0000
 endloop
endfacet
facet normal 0.531148 -0.435904 -0.726547
 outer loop
  vertex 1.1730 33.8889 0.4000
  vertex 2.7979 33.2021 2.0000
  vertex 2.6513 33.0349 1.9931
 endloop
endfacet
facet normal 0.435907 -0.531144 -0.726547
 outer loop
  vertex 1.5958 34.4042 0.4000
  vertex 2.9651 33.3487 1.9931
  vertex 2.7979 33.2021 2.0000
 endloop
endfacet
facet normal 0.435907 -0.531144 -0.726548
 outer loop
  vertex 1.5958 34.4042 0.4000
  vertex 3.0268 33.3899 2.0000
  vertex 2.9651 33.3487 1.9931
 endloop
endfacet
facet normal 0.435881 -0.531173 -0.726542
 outer loop
  vertex 1.5958 34.4042 0.4000
  vertex 3.0555 33.4135 2.0000
  vertex 3.0268 33.3899 2.0000
 endloop
endfacet
facet normal 0.323911 -0.605979 -0.726547
 outer loop
  vertex 2.1111 34.8270 0.4000
  vertex 3.0883 33.4310 2.0000
  vertex 3.0555 33.4135 2.0000
 endloop
endfacet
facet normal 0.323912 -0.605979 -0.726547
 outer loop
  vertex 2.1111 34.8270 0.4000
  vertex 3.1500 33.4722 1.9931
  vertex 3.0883 33.4310 2.0000
 endloop
endfacet
facet normal 0.323901 -0.605986 -0.726546
 outer loop
  vertex 2.1111 34.8270 0.4000
  vertex 3.3494 33.5706 2.0000
  vertex 3.1500 33.4722 1.9931
 endloop
endfacet
facet normal 0.199463 -0.657529 -0.726547
 outer loop
  vertex 2.6989 35.1412 0.4000
  vertex 3.5600 33.6421 1.9931
  vertex 3.3494 33.5706 2.0000
 endloop
endfacet
facet normal 0.199452 -0.657535 -0.726545
 outer loop
  vertex 2.6989 35.1412 0.4000
  vertex 3.6328 33.6566 2.0000
  vertex 3.5600 33.6421 1.9931
 endloop
endfacet
facet normal 0.199473 -0.657525 -0.726548
 outer loop
  vertex 2.6989 35.1412 0.4000
  vertex 3.6683 33.6673 2.0000
  vertex 3.6328 33.6566 2.0000
 endloop
endfacet
facet normal 0.067342 -0.683810 -0.726546
 outer loop
  vertex 3.3367 35.3347 0.4000
  vertex 3.7781 33.6855 1.9931
  vertex 3.7053 33.6710 2.0000
 endloop
endfacet
facet normal 0.067337 -0.683810 -0.726546
 outer loop
  vertex 3.3367 35.3347 0.4000
  vertex 3.7053 33.6710 2.0000
  vertex 3.6683 33.6673 2.0000
 endloop
endfacet
facet normal 0.067354 -0.683807 -0.726547
 outer loop
  vertex 3.3367 35.3347 0.4000
  vertex 4.0000 33.7000 2.0000
  vertex 3.7781 33.6855 1.9931
 endloop
endfacet
facet normal -0.067337 -0.683808 -0.726548
 outer loop
  vertex 4.0000 35.4000 0.4000
  vertex 4.3317 33.6673 2.0000
  vertex 4.2947 33.6710 2.0000
 endloop
endfacet
facet normal -0.067354 -0.683808 -0.726546
 outer loop
  vertex 4.0000 35.4000 0.4000
  vertex 4.2219 33.6855 1.9931
  vertex 4.0000 33.7000 2.0000
 endloop
endfacet
facet normal -0.067341 -0.683808 -0.726548
 outer loop
  vertex 4.0000 35.4000 0.4000
  vertex 4.2947 33.6710 2.0000
  vertex 4.2219 33.6855 1.9931
 endloop
endfacet
facet normal -0.199472 -0.657527 -0.726546
 outer loop
  vertex 4.6633 35.3347 0.4000
  vertex 4.3672 33.6566 2.0000
  vertex 4.3317 33.6673 2.0000
 endloop
endfacet
facet normal -0.199453 -0.657532 -0.726547
 outer loop
  vertex 4.6633 35.3347 0.4000
  vertex 4.4400 33.6421 1.9931
  vertex 4.3672 33.6566 2.0000
 endloop
endfacet
facet normal -0.683809 -0.067349 -0.726547
 outer loop
  vertex 7.4000 32.0000 0.4000
  vertex 5.7000 32.0000 2.0000
  vertex 7.3347 32.6633 0.4000
 endloop
endfacet
facet normal -0.657530 -0.199459 -0.726547
 outer loop
  vertex 7.3347 32.6633 0.4000
  vertex 5.6673 32.3317 2.0000
  vertex 7.1412 33.3011 0.4000
 endloop
endfacet
facet normal -0.531149 -0.435903 -0.726547
 outer loop
  vertex 6.8270 33.8889 0.4000
  vertex 5.4135 32.9445 2.0000
  vertex 6.4042 34.4042 0.4000
 endloop
endfacet
facet normal -0.605983 -0.323905 -0.726547
 outer loop
  vertex 6.8270 33.8889 0.4000
  vertex 7.1412 33.3011 0.4000
  vertex 5.5706 32.6506 2.0000
 endloop
endfacet
facet normal -0.199461 -0.657530 -0.726547
 outer loop
  vertex 4.6633 35.3347 0.4000
  vertex 5.3011 35.1412 0.4000
  vertex 4.6506 33.5706 2.0000
 endloop
endfacet
facet normal -0.323905 -0.605983 -0.726547
 outer loop
  vertex 5.3011 35.1412 0.4000
  vertex 5.8889 34.8270 0.4000
  vertex 4.9445 33.4135 2.0000
 endloop
endfacet
facet normal -0.435902 -0.531149 -0.726547
 outer loop
  vertex 5.8889 34.8270 0.4000
  vertex 6.4042 34.4042 0.4000
  vertex 5.2021 33.2021 2.0000
 endloop
endfacet
facet normal -0.323916 -0.605979 -0.726545
 outer loop
  vertex 5.3011 35.1412 0.4000
  vertex 4.9445 33.4135 2.0000
  vertex 4.9117 33.4310 2.0000
 endloop
endfacet
facet normal -0.435876 -0.531168 -0.726548
 outer loop
  vertex 5.8889 34.8270 0.4000
  vertex 4.9732 33.3899 2.0000
  vertex 4.9445 33.4135 2.0000
 endloop
endfacet
facet normal -0.435909 -0.531144 -0.726546
 outer loop
  vertex 5.8889 34.8270 0.4000
  vertex 5.0349 33.3487 1.9931
  vertex 4.9732 33.3899 2.0000
 endloop
endfacet
facet normal -0.435907 -0.531146 -0.726546
 outer loop
  vertex 5.8889 34.8270 0.4000
  vertex 5.2021 33.2021 2.0000
  vertex 5.0349 33.3487 1.9931
 endloop
endfacet
facet normal -0.531149 -0.435903 -0.726547
 outer loop
  vertex 6.4042 34.4042 0.4000
  vertex 5.3487 33.0349 1.9931
  vertex 5.2021 33.2021 2.0000
 endloop
endfacet
facet normal -0.683809 -0.067349 -0.726547
 outer loop
  vertex 7.3347 32.6633 0.4000
  vertex 5.7000 32.0000 2.0000
  vertex 5.6855 32.2219 1.9931
 endloop
endfacet
facet normal -0.683808 -0.067349 -0.726547
 outer loop
  vertex 7.3347 32.6633 0.4000
  vertex 5.6855 32.2219 1.9931
  vertex 5.6710 32.2947 2.0000
 endloop
endfacet
facet normal -0.683809 -0.067343 -0.726546
 outer loop
  vertex 7.3347 32.6633 0.4000
  vertex 5.6710 32.2947 2.0000
  vertex 5.6673 32.3317 2.0000
 endloop
endfacet
facet normal -0.657524 -0.199471 -0.726549
 outer loop
  vertex 7.1412 33.3011 0.4000
  vertex 5.6673 32.3317 2.0000
  vertex 5.6566 32.3672 2.0000
 endloop
endfacet
facet normal -0.657532 -0.199455 -0.726546
 outer loop
  vertex 7.1412 33.3011 0.4000
  vertex 5.6566 32.3672 2.0000
  vertex 5.6421 32.4400 1.9931
 endloop
endfacet
facet normal -0.657530 -0.199458 -0.726547
 outer loop
  vertex 7.1412 33.3011 0.4000
  vertex 5.6421 32.4400 1.9931
  vertex 5.5706 32.6506 2.0000
 endloop
endfacet
facet normal -0.605988 -0.323897 -0.726546
 outer loop
  vertex 6.8270 33.8889 0.4000
  vertex 5.4722 32.8500 1.9931
  vertex 5.4310 32.9117 2.0000
 endloop
endfacet
facet normal -0.605980 -0.323909 -0.726547
 outer loop
  vertex 6.8270 33.8889 0.4000
  vertex 5.4310 32.9117 2.0000
  vertex 5.4135 32.9445 2.0000
 endloop
endfacet
facet normal -0.605982 -0.323907 -0.726547
 outer loop
  vertex 6.8270 33.8889 0.4000
  vertex 5.5706 32.6506 2.0000
  vertex 5.4722 32.8500 1.9931
 endloop
endfacet
facet normal -0.531148 -0.435903 -0.726547
 outer loop
  vertex 6.4042 34.4042 0.4000
  vertex 5.4135 32.9445 2.0000
  vertex 5.3899 32.9732 2.0000
 endloop
endfacet
facet normal -0.531141 -0.435909 -0.726548
 outer loop
  vertex 6.4042 34.4042 0.4000
  vertex 5.3899 32.9732 2.0000
  vertex 5.3487 33.0349 1.9931
 endloop
endfacet
facet normal -0.199463 -0.657529 -0.726546
 outer loop
  vertex 4.6633 35.3347 0.4000
  vertex 4.6506 33.5706 2.0000
  vertex 4.4400 33.6421 1.9931
 endloop
endfacet
facet normal -0.323901 -0.605985 -0.726547
 outer loop
  vertex 5.3011 35.1412 0.4000
  vertex 4.8500 33.4722 1.9931
  vertex 4.6506 33.5706 2.0000
 endloop
endfacet
facet normal -0.323911 -0.605981 -0.726546
 outer loop
  vertex 5.3011 35.1412 0.4000
  vertex 4.9117 33.4310 2.0000
  vertex 4.8500 33.4722 1.9931
 endloop
endfacet
facet normal 0.659357 0.751830 -0.000000
 outer loop
  vertex 67.7979 30.7979 0.0000
  vertex 67.7979 30.7979 0.4000
  vertex 67.9651 30.6513 0.0000
 endloop
endfacet
facet normal 0.751833 0.659353 -0.000000
 outer loop
  vertex 67.6513 30.9651 0.0000
  vertex 67.6513 30.9651 0.4000
  vertex 67.7979 30.7979 0.0000
 endloop
endfacet
facet normal 0.442287 0.896874 0.000000
 outer loop
  vertex 68.3494 30.4294 0.0000
  vertex 68.1500 30.5278 0.0000
  vertex 68.1500 30.5278 0.4000
 endloop
endfacet
facet normal 0.321452 0.946926 -0.000000
 outer loop
  vertex 68.3494 30.4294 0.0000
  vertex 68.3494 30.4294 0.4000
  vertex 68.5600 30.3579 0.0000
 endloop
endfacet
facet normal 0.555557 0.831478 -0.000000
 outer loop
  vertex 67.9651 30.6513 0.0000
  vertex 67.9651 30.6513 0.4000
  vertex 68.1500 30.5278 0.0000
 endloop
endfacet
facet normal 0.831469 0.555571 0.000000
 outer loop
  vertex 67.6513 30.9651 0.0000
  vertex 67.5278 31.1500 0.0000
  vertex 67.5278 31.1500 0.4000
 endloop
endfacet
facet normal 0.946929 0.321444 0.000000
 outer loop
  vertex 67.4294 31.3494 0.0000
  vertex 67.3579 31.5600 0.0000
  vertex 67.3579 31.5600 0.4000
 endloop
endfacet
facet normal 0.896875 0.442283 0.000000
 outer loop
  vertex 67.5278 31.1500 0.0000
  vertex 67.4294 31.3494 0.0000
  vertex 67.4294 31.3494 0.4000
 endloop
endfacet
facet normal 0.980787 0.195083 0.000000
 outer loop
  vertex 67.3579 31.5600 0.0000
  vertex 67.3145 31.7781 0.0000
  vertex 67.3145 31.7781 0.4000
 endloop
endfacet
facet normal 0.997860 0.065393 0.000000
 outer loop
  vertex 67.3145 31.7781 0.0000
  vertex 67.3000 32.0000 0.0000
  vertex 67.3000 32.0000 0.4000
 endloop
endfacet
facet normal 0.751833 0.659353 -0.000000
 outer loop
  vertex 67.7979 30.7979 0.0000
  vertex 67.6513 30.9651 0.4000
  vertex 67.7979 30.7979 0.4000
 endloop
endfacet
facet normal 0.442287 0.896874 -0.000000
 outer loop
  vertex 68.3494 30.4294 0.0000
  vertex 68.1500 30.5278 0.4000
  vertex 68.3494 30.4294 0.4000
 endloop
endfacet
facet normal 0.659357 0.751830 -0.000000
 outer loop
  vertex 67.9651 30.6513 0.0000
  vertex 67.7979 30.7979 0.4000
  vertex 67.9651 30.6513 0.4000
 endloop
endfacet
facet normal 0.555557 0.831478 -0.000000
 outer loop
  vertex 68.1500 30.5278 0.0000
  vertex 67.9651 30.6513 0.4000
  vertex 68.1500 30.5278 0.4000
 endloop
endfacet
facet normal 0.896875 0.442283 -0.000000
 outer loop
  vertex 67.5278 31.1500 0.0000
  vertex 67.4294 31.3494 0.4000
  vertex 67.5278 31.1500 0.4000
 endloop
endfacet
facet normal 0.946929 0.321444 -0.000000
 outer loop
  vertex 67.4294 31.3494 0.0000
  vertex 67.3579 31.5600 0.4000
  vertex 67.4294 31.3494 0.4000
 endloop
endfacet
facet normal 0.831469 0.555571 -0.000000
 outer loop
  vertex 67.6513 30.9651 0.0000
  vertex 67.5278 31.1500 0.4000
  vertex 67.6513 30.9651 0.4000
 endloop
endfacet
facet normal 0.980787 0.195083 -0.000000
 outer loop
  vertex 67.3579 31.5600 0.0000
  vertex 67.3145 31.7781 0.4000
  vertex 67.3579 31.5600 0.4000
 endloop
endfacet
facet normal 0.997860 0.065393 -0.000000
 outer loop
  vertex 67.3145 31.7781 0.0000
  vertex 67.3000 32.0000 0.4000
  vertex 67.3145 31.7781 0.4000
 endloop
endfacet
facet normal 0.195080 0.980787 -0.000000
 outer loop
  vertex 68.5600 30.3579 0.0000
  vertex 68.5600 30.3579 0.4000
  vertex 68.7781 30.3145 0.0000
 endloop
endfacet
facet normal 0.065411 0.997858 -0.000000
 outer loop
  vertex 68.7781 30.3145 0.0000
  vertex 68.7781 30.3145 0.4000
  vertex 69.0000 30.3000 0.0000
 endloop
endfacet
facet normal -0.065411 0.997858 0.000000
 outer loop
  vertex 69.0000 30.3000 0.0000
  vertex 69.0000 30.3000 0.4000
  vertex 69.2219 30.3145 0.0000
 endloop
endfacet
facet normal -0.195080 0.980787 0.000000
 outer loop
  vertex 69.2219 30.3145 0.0000
  vertex 69.2219 30.3145 0.4000
  vertex 69.4400 30.3579 0.0000
 endloop
endfacet
facet normal -0.321452 0.946926 0.000000
 outer loop
  vertex 69.4400 30.3579 0.0000
  vertex 69.4400 30.3579 0.4000
  vertex 69.6506 30.4294 0.0000
 endloop
endfacet
facet normal -0.442287 0.896874 0.000000
 outer loop
  vertex 69.6506 30.4294 0.0000
  vertex 69.6506 30.4294 0.4000
  vertex 69.8500 30.5278 0.0000
 endloop
endfacet
facet normal -0.555557 0.831478 0.000000
 outer loop
  vertex 69.8500 30.5278 0.0000
  vertex 69.8500 30.5278 0.4000
  vertex 70.0349 30.6513 0.0000
 endloop
endfacet
facet normal -0.659357 0.751830 0.000000
 outer loop
  vertex 70.0349 30.6513 0.0000
  vertex 70.0349 30.6513 0.4000
  vertex 70.2021 30.7979 0.0000
 endloop
endfacet
facet normal -0.751833 0.659353 0.000000
 outer loop
  vertex 70.2021 30.7979 0.0000
  vertex 70.2021 30.7979 0.4000
  vertex 70.3487 30.9651 0.0000
 endloop
endfacet
facet normal -0.831469 0.555571 0.000000
 outer loop
  vertex 70.3487 30.9651 0.0000
  vertex 70.3487 30.9651 0.4000
  vertex 70.4722 31.1500 0.0000
 endloop
endfacet
facet normal -0.896875 0.442283 0.000000
 outer loop
  vertex 70.4722 31.1500 0.0000
  vertex 70.4722 31.1500 0.4000
  vertex 70.5706 31.3494 0.0000
 endloop
endfacet
facet normal -0.946929 0.321444 0.000000
 outer loop
  vertex 70.5706 31.3494 0.0000
  vertex 70.5706 31.3494 0.4000
  vertex 70.6421 31.5600 0.0000
 endloop
endfacet
facet normal -0.980787 0.195083 0.000000
 outer loop
  vertex 70.6421 31.5600 0.0000
  vertex 70.6421 31.5600 0.4000
  vertex 70.6855 31.7781 0.0000
 endloop
endfacet
facet normal -0.997860 0.065393 0.000000
 outer loop
  vertex 70.6855 31.7781 0.0000
  vertex 70.6855 31.7781 0.4000
  vertex 70.7000 32.0000 0.0000
 endloop
endfacet
facet normal 0.321452 0.946926 0.000000
 outer loop
  vertex 68.3494 30.4294 0.4000
  vertex 68.5600 30.3579 0.4000
  vertex 68.5600 30.3579 0.0000
 endloop
endfacet
facet normal 0.195080 0.980787 -0.000000
 outer loop
  vertex 68.7781 30.3145 0.0000
  vertex 68.5600 30.3579 0.4000
  vertex 68.7781 30.3145 0.4000
 endloop
endfacet
facet normal 0.065411 0.997858 -0.000000
 outer loop
  vertex 69.0000 30.3000 0.0000
  vertex 68.7781 30.3145 0.4000
  vertex 69.0000 30.3000 0.4000
 endloop
endfacet
facet normal -0.065411 0.997858 0.000000
 outer loop
  vertex 69.2219 30.3145 0.0000
  vertex 69.0000 30.3000 0.4000
  vertex 69.2219 30.3145 0.4000
 endloop
endfacet
facet normal -0.195080 0.980787 0.000000
 outer loop
  vertex 69.4400 30.3579 0.0000
  vertex 69.2219 30.3145 0.4000
  vertex 69.4400 30.3579 0.4000
 endloop
endfacet
facet normal -0.321452 0.946926 0.000000
 outer loop
  vertex 69.6506 30.4294 0.0000
  vertex 69.4400 30.3579 0.4000
  vertex 69.6506 30.4294 0.4000
 endloop
endfacet
facet normal -0.442287 0.896874 0.000000
 outer loop
  vertex 69.8500 30.5278 0.0000
  vertex 69.6506 30.4294 0.4000
  vertex 69.8500 30.5278 0.4000
 endloop
endfacet
facet normal -0.555557 0.831478 0.000000
 outer loop
  vertex 70.0349 30.6513 0.0000
  vertex 69.8500 30.5278 0.4000
  vertex 70.0349 30.6513 0.4000
 endloop
endfacet
facet normal -0.659357 0.751830 0.000000
 outer loop
  vertex 70.2021 30.7979 0.0000
  vertex 70.0349 30.6513 0.4000
  vertex 70.2021 30.7979 0.4000
 endloop
endfacet
facet normal -0.751833 0.659353 0.000000
 outer loop
  vertex 70.3487 30.9651 0.0000
  vertex 70.2021 30.7979 0.4000
  vertex 70.3487 30.9651 0.4000
 endloop
endfacet
facet normal -0.831469 0.555571 0.000000
 outer loop
  vertex 70.4722 31.1500 0.0000
  vertex 70.3487 30.9651 0.4000
  vertex 70.4722 31.1500 0.4000
 endloop
endfacet
facet normal -0.896875 0.442283 0.000000
 outer loop
  vertex 70.5706 31.3494 0.0000
  vertex 70.4722 31.1500 0.4000
  vertex 70.5706 31.3494 0.4000
 endloop
endfacet
facet normal -0.946929 0.321444 0.000000
 outer loop
  vertex 70.6421 31.5600 0.0000
  vertex 70.5706 31.3494 0.4000
  vertex 70.6421 31.5600 0.4000
 endloop
endfacet
facet normal -0.980787 0.195083 0.000000
 outer loop
  vertex 70.6855 31.7781 0.0000
  vertex 70.6421 31.5600 0.4000
  vertex 70.6855 31.7781 0.4000
 endloop
endfacet
facet normal -0.997860 0.065393 0.000000
 outer loop
  vertex 70.6855 31.7781 0.4000
  vertex 70.7000 32.0000 0.4000
  vertex 70.7000 32.0000 0.0000
 endloop
endfacet
facet normal 0.831488 0.555542 -0.000000
 outer loop
  vertex 67.6513 30.9651 1.9931
  vertex 67.6101 31.0268 2.0000
  vertex 67.6513 30.9651 2.0000
 endloop
endfacet
facet normal 0.751833 0.659353 -0.000000
 outer loop
  vertex 67.6513 30.9651 1.9931
  vertex 67.6513 30.9651 2.0000
  vertex 67.7979 30.7979 2.0000
 endloop
endfacet
facet normal 0.442287 0.896874 0.000000
 outer loop
  vertex 68.3494 30.4294 2.0000
  vertex 68.1500 30.5278 1.9931
  vertex 68.1500 30.5278 2.0000
 endloop
endfacet
facet normal 0.659357 0.751830 0.000000
 outer loop
  vertex 67.7979 30.7979 2.0000
  vertex 67.9651 30.6513 2.0000
  vertex 67.9651 30.6513 1.9931
 endloop
endfacet
facet normal 0.555548 0.831484 -0.000000
 outer loop
  vertex 67.9651 30.6513 1.9931
  vertex 67.9651 30.6513 2.0000
  vertex 68.0268 30.6101 2.0000
 endloop
endfacet
facet normal 0.555548 0.831484 -0.000000
 outer loop
  vertex 68.1500 30.5278 1.9931
  vertex 68.0883 30.5690 2.0000
  vertex 68.1500 30.5278 2.0000
 endloop
endfacet
facet normal 0.896875 0.442283 -0.000000
 outer loop
  vertex 67.5278 31.1500 1.9931
  vertex 67.4294 31.3494 2.0000
  vertex 67.5278 31.1500 2.0000
 endloop
endfacet
facet normal 0.831441 0.555613 -0.000000
 outer loop
  vertex 67.5278 31.1500 1.9931
  vertex 67.5278 31.1500 2.0000
  vertex 67.5690 31.0883 2.0000
 endloop
endfacet
facet normal 0.946929 0.321444 0.000000
 outer loop
  vertex 67.4294 31.3494 2.0000
  vertex 67.3579 31.5600 1.9931
  vertex 67.3579 31.5600 2.0000
 endloop
endfacet
facet normal 0.980788 0.195078 -0.000000
 outer loop
  vertex 67.3579 31.5600 1.9931
  vertex 67.3434 31.6328 2.0000
  vertex 67.3579 31.5600 2.0000
 endloop
endfacet
facet normal 0.980787 0.195083 0.000000
 outer loop
  vertex 67.3290 31.7053 2.0000
  vertex 67.3145 31.7781 1.9931
  vertex 67.3145 31.7781 2.0000
 endloop
endfacet
facet normal 0.997860 0.065393 -0.000000
 outer loop
  vertex 67.3145 31.7781 1.9931
  vertex 67.3000 32.0000 2.0000
  vertex 67.3145 31.7781 2.0000
 endloop
endfacet
facet normal 0.321452 0.946926 0.000000
 outer loop
  vertex 68.3494 30.4294 2.0000
  vertex 68.5600 30.3579 2.0000
  vertex 68.5600 30.3579 1.9931
 endloop
endfacet
facet normal 0.195069 0.980790 -0.000000
 outer loop
  vertex 68.5600 30.3579 1.9931
  vertex 68.5600 30.3579 2.0000
  vertex 68.6328 30.3434 2.0000
 endloop
endfacet
facet normal 0.195069 0.980790 0.000000
 outer loop
  vertex 68.7053 30.3290 2.0000
  vertex 68.7781 30.3145 2.0000
  vertex 68.7781 30.3145 1.9931
 endloop
endfacet
facet normal 0.065411 0.997858 -0.000000
 outer loop
  vertex 68.7781 30.3145 1.9931
  vertex 68.7781 30.3145 2.0000
  vertex 69.0000 30.3000 2.0000
 endloop
endfacet
facet normal -0.065411 0.997858 0.000000
 outer loop
  vertex 69.0000 30.3000 2.0000
  vertex 69.2219 30.3145 2.0000
  vertex 69.2219 30.3145 1.9931
 endloop
endfacet
facet normal -0.195069 0.980790 0.000000
 outer loop
  vertex 69.2219 30.3145 1.9931
  vertex 69.2219 30.3145 2.0000
  vertex 69.2947 30.3290 2.0000
 endloop
endfacet
facet normal -0.195069 0.980790 0.000000
 outer loop
  vertex 69.4400 30.3579 1.9931
  vertex 69.3672 30.3434 2.0000
  vertex 69.4400 30.3579 2.0000
 endloop
endfacet
facet normal -0.321452 0.946926 0.000000
 outer loop
  vertex 69.4400 30.3579 1.9931
  vertex 69.4400 30.3579 2.0000
  vertex 69.6506 30.4294 2.0000
 endloop
endfacet
facet normal -0.442287 0.896874 0.000000
 outer loop
  vertex 69.6506 30.4294 2.0000
  vertex 69.8500 30.5278 2.0000
  vertex 69.8500 30.5278 1.9931
 endloop
endfacet
facet normal -0.555548 0.831484 0.000000
 outer loop
  vertex 69.8500 30.5278 1.9931
  vertex 69.8500 30.5278 2.0000
  vertex 69.9117 30.5690 2.0000
 endloop
endfacet
facet normal -0.555548 0.831484 0.000000
 outer loop
  vertex 70.0349 30.6513 1.9931
  vertex 69.9732 30.6101 2.0000
  vertex 70.0349 30.6513 2.0000
 endloop
endfacet
facet normal -0.659357 0.751830 0.000000
 outer loop
  vertex 70.0349 30.6513 1.9931
  vertex 70.0349 30.6513 2.0000
  vertex 70.2021 30.7979 2.0000
 endloop
endfacet
facet normal -0.751833 0.659353 0.000000
 outer loop
  vertex 70.3487 30.9651 1.9931
  vertex 70.2021 30.7979 2.0000
  vertex 70.3487 30.9651 2.0000
 endloop
endfacet
facet normal -0.831488 0.555542 0.000000
 outer loop
  vertex 70.3487 30.9651 1.9931
  vertex 70.3487 30.9651 2.0000
  vertex 70.3899 31.0268 2.0000
 endloop
endfacet
facet normal -0.831441 0.555613 0.000000
 outer loop
  vertex 70.4310 31.0883 2.0000
  vertex 70.4722 31.1500 2.0000
  vertex 70.4722 31.1500 1.9931
 endloop
endfacet
facet normal -0.896875 0.442283 0.000000
 outer loop
  vertex 70.4722 31.1500 1.9931
  vertex 70.4722 31.1500 2.0000
  vertex 70.5706 31.3494 2.0000
 endloop
endfacet
facet normal -0.946929 0.321444 0.000000
 outer loop
  vertex 70.5706 31.3494 2.0000
  vertex 70.6421 31.5600 2.0000
  vertex 70.6421 31.5600 1.9931
 endloop
endfacet
facet normal -0.980788 0.195078 0.000000
 outer loop
  vertex 70.6421 31.5600 1.9931
  vertex 70.6421 31.5600 2.0000
  vertex 70.6566 31.6328 2.0000
 endloop
endfacet
facet normal -0.980787 0.195083 0.000000
 outer loop
  vertex 70.6710 31.7053 2.0000
  vertex 70.6855 31.7781 2.0000
  vertex 70.6855 31.7781 1.9931
 endloop
endfacet
facet normal -0.997860 0.065393 0.000000
 outer loop
  vertex 70.6855 31.7781 1.9931
  vertex 70.6855 31.7781 2.0000
  vertex 70.7000 32.0000 2.0000
 endloop
endfacet
facet normal 0.997860 -0.065394 0.000000
 outer loop
  vertex 67.3000 32.0000 0.0000
  vertex 67.3145 32.2219 0.0000
  vertex 67.3145 32.2219 0.4000
 endloop
endfacet
facet normal 0.980787 -0.195083 0.000000
 outer loop
  vertex 67.3145 32.2219 0.0000
  vertex 67.3579 32.4400 0.0000
  vertex 67.3579 32.4400 0.4000
 endloop
endfacet
facet normal 0.946929 -0.321441 0.000000
 outer loop
  vertex 67.3579 32.4400 0.0000
  vertex 67.4294 32.6506 0.0000
  vertex 67.4294 32.6506 0.4000
 endloop
endfacet
facet normal 0.896874 -0.442287 0.000000
 outer loop
  vertex 67.4294 32.6506 0.0000
  vertex 67.5278 32.8500 0.0000
  vertex 67.5278 32.8500 0.4000
 endloop
endfacet
facet normal 0.831469 -0.555571 0.000000
 outer loop
  vertex 67.5278 32.8500 0.0000
  vertex 67.6513 33.0349 0.0000
  vertex 67.6513 33.0349 0.4000
 endloop
endfacet
facet normal 0.751833 -0.659353 0.000000
 outer loop
  vertex 67.6513 33.0349 0.0000
  vertex 67.7979 33.2021 0.0000
  vertex 67.7979 33.2021 0.4000
 endloop
endfacet
facet normal 0.659362 -0.751826 0.000000
 outer loop
  vertex 67.7979 33.2021 0.0000
  vertex 67.9651 33.3487 0.0000
  vertex 67.9651 33.3487 0.4000
 endloop
endfacet
facet normal 0.555563 -0.831475 0.000000
 outer loop
  vertex 67.9651 33.3487 0.0000
  vertex 68.1500 33.4722 0.0000
  vertex 68.1500 33.4722 0.4000
 endloop
endfacet
facet normal 0.442280 -0.896877 0.000000
 outer loop
  vertex 68.1500 33.4722 0.0000
  vertex 68.3494 33.5706 0.0000
  vertex 68.3494 33.5706 0.4000
 endloop
endfacet
facet normal 0.997860 -0.065394 0.000000
 outer loop
  vertex 67.3000 32.0000 0.0000
  vertex 67.3145 32.2219 0.4000
  vertex 67.3000 32.0000 0.4000
 endloop
endfacet
facet normal 0.980787 -0.195083 0.000000
 outer loop
  vertex 67.3145 32.2219 0.0000
  vertex 67.3579 32.4400 0.4000
  vertex 67.3145 32.2219 0.4000
 endloop
endfacet
facet normal 0.946929 -0.321441 0.000000
 outer loop
  vertex 67.3579 32.4400 0.0000
  vertex 67.4294 32.6506 0.4000
  vertex 67.3579 32.4400 0.4000
 endloop
endfacet
facet normal 0.896874 -0.442287 0.000000
 outer loop
  vertex 67.4294 32.6506 0.0000
  vertex 67.5278 32.8500 0.4000
  vertex 67.4294 32.6506 0.4000
 endloop
endfacet
facet normal 0.831469 -0.555571 0.000000
 outer loop
  vertex 67.5278 32.8500 0.0000
  vertex 67.6513 33.0349 0.4000
  vertex 67.5278 32.8500 0.4000
 endloop
endfacet
facet normal 0.751833 -0.659353 0.000000
 outer loop
  vertex 67.6513 33.0349 0.0000
  vertex 67.7979 33.2021 0.4000
  vertex 67.6513 33.0349 0.4000
 endloop
endfacet
facet normal 0.659362 -0.751826 0.000000
 outer loop
  vertex 67.7979 33.2021 0.0000
  vertex 67.9651 33.3487 0.4000
  vertex 67.7979 33.2021 0.4000
 endloop
endfacet
facet normal 0.555563 -0.831475 0.000000
 outer loop
  vertex 67.9651 33.3487 0.0000
  vertex 68.1500 33.4722 0.4000
  vertex 67.9651 33.3487 0.4000
 endloop
endfacet
facet normal 0.442280 -0.896877 0.000000
 outer loop
  vertex 68.1500 33.4722 0.0000
  vertex 68.3494 33.5706 0.4000
  vertex 68.1500 33.4722 0.4000
 endloop
endfacet
facet normal 0.321452 -0.946926 0.000000
 outer loop
  vertex 68.3494 33.5706 0.0000
  vertex 68.5600 33.6421 0.4000
  vertex 68.3494 33.5706 0.4000
 endloop
endfacet
facet normal 0.321452 -0.946926 0.000000
 outer loop
  vertex 68.3494 33.5706 0.0000
  vertex 68.5600 33.6421 0.0000
  vertex 68.5600 33.6421 0.4000
 endloop
endfacet
facet normal 0.195080 -0.980787 0.000000
 outer loop
  vertex 68.5600 33.6421 0.0000
  vertex 68.7781 33.6855 0.0000
  vertex 68.7781 33.6855 0.4000
 endloop
endfacet
facet normal 0.065411 -0.997858 0.000000
 outer loop
  vertex 68.7781 33.6855 0.0000
  vertex 69.0000 33.7000 0.0000
  vertex 69.0000 33.7000 0.4000
 endloop
endfacet
facet normal -0.065411 -0.997858 0.000000
 outer loop
  vertex 69.0000 33.7000 0.0000
  vertex 69.2219 33.6855 0.0000
  vertex 69.2219 33.6855 0.4000
 endloop
endfacet
facet normal -0.195080 -0.980787 0.000000
 outer loop
  vertex 69.2219 33.6855 0.0000
  vertex 69.4400 33.6421 0.0000
  vertex 69.4400 33.6421 0.4000
 endloop
endfacet
facet normal -0.997860 -0.065394 0.000000
 outer loop
  vertex 70.7000 32.0000 0.0000
  vertex 70.7000 32.0000 0.4000
  vertex 70.6855 32.2219 0.0000
 endloop
endfacet
facet normal -0.980787 -0.195083 0.000000
 outer loop
  vertex 70.6855 32.2219 0.0000
  vertex 70.6855 32.2219 0.4000
  vertex 70.6421 32.4400 0.0000
 endloop
endfacet
facet normal -0.831469 -0.555571 0.000000
 outer loop
  vertex 70.4722 32.8500 0.0000
  vertex 70.4722 32.8500 0.4000
  vertex 70.3487 33.0349 0.0000
 endloop
endfacet
facet normal -0.896874 -0.442287 0.000000
 outer loop
  vertex 70.5706 32.6506 0.0000
  vertex 70.5706 32.6506 0.4000
  vertex 70.4722 32.8500 0.0000
 endloop
endfacet
facet normal -0.946929 -0.321441 0.000000
 outer loop
  vertex 70.6421 32.4400 0.0000
  vertex 70.6421 32.4400 0.4000
  vertex 70.5706 32.6506 0.0000
 endloop
endfacet
facet normal -0.555563 -0.831475 0.000000
 outer loop
  vertex 69.8500 33.4722 0.0000
  vertex 70.0349 33.3487 0.0000
  vertex 70.0349 33.3487 0.4000
 endloop
endfacet
facet normal -0.659362 -0.751826 0.000000
 outer loop
  vertex 70.0349 33.3487 0.0000
  vertex 70.2021 33.2021 0.0000
  vertex 70.2021 33.2021 0.4000
 endloop
endfacet
facet normal -0.321452 -0.946926 0.000000
 outer loop
  vertex 69.4400 33.6421 0.0000
  vertex 69.6506 33.5706 0.0000
  vertex 69.6506 33.5706 0.4000
 endloop
endfacet
facet normal -0.442280 -0.896877 0.000000
 outer loop
  vertex 69.8500 33.4722 0.0000
  vertex 69.8500 33.4722 0.4000
  vertex 69.6506 33.5706 0.0000
 endloop
endfacet
facet normal -0.751833 -0.659353 0.000000
 outer loop
  vertex 70.2021 33.2021 0.0000
  vertex 70.3487 33.0349 0.0000
  vertex 70.3487 33.0349 0.4000
 endloop
endfacet
facet normal 0.195080 -0.980787 0.000000
 outer loop
  vertex 68.5600 33.6421 0.0000
  vertex 68.7781 33.6855 0.4000
  vertex 68.5600 33.6421 0.4000
 endloop
endfacet
facet normal 0.065411 -0.997858 0.000000
 outer loop
  vertex 68.7781 33.6855 0.0000
  vertex 69.0000 33.7000 0.4000
  vertex 68.7781 33.6855 0.4000
 endloop
endfacet
facet normal -0.065411 -0.997858 0.000000
 outer loop
  vertex 69.0000 33.7000 0.0000
  vertex 69.2219 33.6855 0.4000
  vertex 69.0000 33.7000 0.4000
 endloop
endfacet
facet normal -0.195080 -0.980787 0.000000
 outer loop
  vertex 69.2219 33.6855 0.0000
  vertex 69.4400 33.6421 0.4000
  vertex 69.2219 33.6855 0.4000
 endloop
endfacet
facet normal -0.321452 -0.946926 0.000000
 outer loop
  vertex 69.4400 33.6421 0.0000
  vertex 69.6506 33.5706 0.4000
  vertex 69.4400 33.6421 0.4000
 endloop
endfacet
facet normal -0.997860 -0.065394 0.000000
 outer loop
  vertex 70.6855 32.2219 0.0000
  vertex 70.7000 32.0000 0.4000
  vertex 70.6855 32.2219 0.4000
 endloop
endfacet
facet normal -0.980787 -0.195083 0.000000
 outer loop
  vertex 70.6421 32.4400 0.0000
  vertex 70.6855 32.2219 0.4000
  vertex 70.6421 32.4400 0.4000
 endloop
endfacet
facet normal -0.831469 -0.555571 0.000000
 outer loop
  vertex 70.3487 33.0349 0.0000
  vertex 70.4722 32.8500 0.4000
  vertex 70.3487 33.0349 0.4000
 endloop
endfacet
facet normal -0.946929 -0.321441 0.000000
 outer loop
  vertex 70.5706 32.6506 0.0000
  vertex 70.6421 32.4400 0.4000
  vertex 70.5706 32.6506 0.4000
 endloop
endfacet
facet normal -0.896874 -0.442287 0.000000
 outer loop
  vertex 70.4722 32.8500 0.0000
  vertex 70.5706 32.6506 0.4000
  vertex 70.4722 32.8500 0.4000
 endloop
endfacet
facet normal -0.555563 -0.831475 0.000000
 outer loop
  vertex 69.8500 33.4722 0.0000
  vertex 70.0349 33.3487 0.4000
  vertex 69.8500 33.4722 0.4000
 endloop
endfacet
facet normal -0.659362 -0.751826 0.000000
 outer loop
  vertex 70.0349 33.3487 0.0000
  vertex 70.2021 33.2021 0.4000
  vertex 70.0349 33.3487 0.4000
 endloop
endfacet
facet normal -0.442280 -0.896877 0.000000
 outer loop
  vertex 69.6506 33.5706 0.0000
  vertex 69.8500 33.4722 0.4000
  vertex 69.6506 33.5706 0.4000
 endloop
endfacet
facet normal -0.751833 -0.659353 0.000000
 outer loop
  vertex 70.2021 33.2021 0.0000
  vertex 70.3487 33.0349 0.4000
  vertex 70.2021 33.2021 0.4000
 endloop
endfacet
facet normal 0.997860 -0.065394 0.000000
 outer loop
  vertex 67.3145 32.2219 1.9931
  vertex 67.3145 32.2219 2.0000
  vertex 67.3000 32.0000 2.0000
 endloop
endfacet
facet normal 0.980788 -0.195078 0.000000
 outer loop
  vertex 67.3145 32.2219 1.9931
  vertex 67.3290 32.2947 2.0000
  vertex 67.3145 32.2219 2.0000
 endloop
endfacet
facet normal 0.980788 -0.195078 0.000000
 outer loop
  vertex 67.3579 32.4400 1.9931
  vertex 67.3579 32.4400 2.0000
  vertex 67.3434 32.3672 2.0000
 endloop
endfacet
facet normal 0.946930 -0.321441 0.000000
 outer loop
  vertex 67.3579 32.4400 1.9931
  vertex 67.4294 32.6506 2.0000
  vertex 67.3579 32.4400 2.0000
 endloop
endfacet
facet normal 0.896874 -0.442287 0.000000
 outer loop
  vertex 67.4294 32.6506 2.0000
  vertex 67.5278 32.8500 1.9931
  vertex 67.5278 32.8500 2.0000
 endloop
endfacet
facet normal 0.831449 -0.555601 0.000000
 outer loop
  vertex 67.5278 32.8500 1.9931
  vertex 67.5690 32.9117 2.0000
  vertex 67.5278 32.8500 2.0000
 endloop
endfacet
facet normal 0.831481 -0.555554 0.000000
 outer loop
  vertex 67.6101 32.9732 2.0000
  vertex 67.6513 33.0349 1.9931
  vertex 67.6513 33.0349 2.0000
 endloop
endfacet
facet normal 0.751833 -0.659353 0.000000
 outer loop
  vertex 67.6513 33.0349 1.9931
  vertex 67.7979 33.2021 2.0000
  vertex 67.6513 33.0349 2.0000
 endloop
endfacet
facet normal 0.659362 -0.751826 0.000000
 outer loop
  vertex 67.7979 33.2021 2.0000
  vertex 67.9651 33.3487 1.9931
  vertex 67.9651 33.3487 2.0000
 endloop
endfacet
facet normal 0.555566 -0.831473 0.000000
 outer loop
  vertex 67.9651 33.3487 1.9931
  vertex 68.0268 33.3899 2.0000
  vertex 67.9651 33.3487 2.0000
 endloop
endfacet
facet normal 0.555566 -0.831473 0.000000
 outer loop
  vertex 68.1500 33.4722 1.9931
  vertex 68.1500 33.4722 2.0000
  vertex 68.0883 33.4310 2.0000
 endloop
endfacet
facet normal 0.442280 -0.896877 0.000000
 outer loop
  vertex 68.1500 33.4722 1.9931
  vertex 68.3494 33.5706 2.0000
  vertex 68.1500 33.4722 2.0000
 endloop
endfacet
facet normal 0.321452 -0.946926 0.000000
 outer loop
  vertex 68.3494 33.5706 2.0000
  vertex 68.5600 33.6421 1.9931
  vertex 68.5600 33.6421 2.0000
 endloop
endfacet
facet normal 0.195069 -0.980790 0.000000
 outer loop
  vertex 68.5600 33.6421 1.9931
  vertex 68.6328 33.6566 2.0000
  vertex 68.5600 33.6421 2.0000
 endloop
endfacet
facet normal 0.195069 -0.980790 0.000000
 outer loop
  vertex 68.7053 33.6710 2.0000
  vertex 68.7781 33.6855 1.9931
  vertex 68.7781 33.6855 2.0000
 endloop
endfacet
facet normal 0.065411 -0.997858 0.000000
 outer loop
  vertex 68.7781 33.6855 1.9931
  vertex 69.0000 33.7000 2.0000
  vertex 68.7781 33.6855 2.0000
 endloop
endfacet
facet normal -0.065411 -0.997858 0.000000
 outer loop
  vertex 69.0000 33.7000 2.0000
  vertex 69.2219 33.6855 1.9931
  vertex 69.2219 33.6855 2.0000
 endloop
endfacet
facet normal -0.195069 -0.980790 0.000000
 outer loop
  vertex 69.2219 33.6855 1.9931
  vertex 69.2947 33.6710 2.0000
  vertex 69.2219 33.6855 2.0000
 endloop
endfacet
facet normal -0.195069 -0.980790 0.000000
 outer loop
  vertex 69.4400 33.6421 1.9931
  vertex 69.4400 33.6421 2.0000
  vertex 69.3672 33.6566 2.0000
 endloop
endfacet
facet normal -0.321452 -0.946926 0.000000
 outer loop
  vertex 69.4400 33.6421 1.9931
  vertex 69.6506 33.5706 2.0000
  vertex 69.4400 33.6421 2.0000
 endloop
endfacet
facet normal -0.997860 -0.065394 0.000000
 outer loop
  vertex 70.6855 32.2219 1.9931
  vertex 70.7000 32.0000 2.0000
  vertex 70.6855 32.2219 2.0000
 endloop
endfacet
facet normal -0.980788 -0.195078 0.000000
 outer loop
  vertex 70.6855 32.2219 1.9931
  vertex 70.6855 32.2219 2.0000
  vertex 70.6710 32.2947 2.0000
 endloop
endfacet
facet normal -0.980788 -0.195078 0.000000
 outer loop
  vertex 70.6421 32.4400 1.9931
  vertex 70.6566 32.3672 2.0000
  vertex 70.6421 32.4400 2.0000
 endloop
endfacet
facet normal -0.946930 -0.321441 0.000000
 outer loop
  vertex 70.6421 32.4400 1.9931
  vertex 70.6421 32.4400 2.0000
  vertex 70.5706 32.6506 2.0000
 endloop
endfacet
facet normal -0.831449 -0.555601 0.000000
 outer loop
  vertex 70.4310 32.9117 2.0000
  vertex 70.4722 32.8500 1.9931
  vertex 70.4722 32.8500 2.0000
 endloop
endfacet
facet normal -0.896874 -0.442287 0.000000
 outer loop
  vertex 70.5706 32.6506 2.0000
  vertex 70.4722 32.8500 2.0000
  vertex 70.4722 32.8500 1.9931
 endloop
endfacet
facet normal -0.555566 -0.831473 0.000000
 outer loop
  vertex 69.8500 33.4722 1.9931
  vertex 69.9117 33.4310 2.0000
  vertex 69.8500 33.4722 2.0000
 endloop
endfacet
facet normal -0.555566 -0.831473 0.000000
 outer loop
  vertex 70.0349 33.3487 1.9931
  vertex 70.0349 33.3487 2.0000
  vertex 69.9732 33.3899 2.0000
 endloop
endfacet
facet normal -0.659362 -0.751826 0.000000
 outer loop
  vertex 70.0349 33.3487 1.9931
  vertex 70.2021 33.2021 2.0000
  vertex 70.0349 33.3487 2.0000
 endloop
endfacet
facet normal -0.442280 -0.896877 0.000000
 outer loop
  vertex 69.8500 33.4722 1.9931
  vertex 69.8500 33.4722 2.0000
  vertex 69.6506 33.5706 2.0000
 endloop
endfacet
facet normal -0.751833 -0.659353 0.000000
 outer loop
  vertex 70.3487 33.0349 1.9931
  vertex 70.3487 33.0349 2.0000
  vertex 70.2021 33.2021 2.0000
 endloop
endfacet
facet normal -0.831481 -0.555554 0.000000
 outer loop
  vertex 70.3899 32.9732 2.0000
  vertex 70.3487 33.0349 2.0000
  vertex 70.3487 33.0349 1.9931
 endloop
endfacet
facet normal 0.000000 -0.000000 1.000000
 outer loop
  vertex 65.8588 30.6989 0.4000
  vertex 65.8588 33.3011 0.4000
  vertex 65.6653 31.3367 0.4000
 endloop
endfacet
facet normal -0.000000 0.000000 1.000000
 outer loop
  vertex 65.8588 30.6989 0.4000
  vertex 66.1730 30.1111 0.4000
  vertex 66.1730 33.8889 0.4000
 endloop
endfacet
facet normal -0.000000 0.000000 1.000000
 outer loop
  vertex 67.1111 29.1730 0.4000
  vertex 67.6989 28.8588 0.4000
  vertex 67.7979 30.7979 0.4000
 endloop
endfacet
facet normal -0.000000 0.000000 1.000000
 outer loop
  vertex 67.6989 28.8588 0.4000
  vertex 68.3367 28.6653 0.4000
  vertex 68.3494 30.4294 0.4000
 endloop
endfacet
facet normal 0.000000 0.000000 1.000000
 outer loop
  vertex 67.6989 28.8588 0.4000
  vertex 68.3494 30.4294 0.4000
  vertex 68.1500 30.5278 0.4000
 endloop
endfacet
facet normal 0.000000 0.000000 1.000000
 outer loop
  vertex 68.3367 28.6653 0.4000
  vertex 68.5600 30.3579 0.4000
  vertex 68.3494 30.4294 0.4000
 endloop
endfacet
facet normal 0.000000 0.000000 1.000000
 outer loop
  vertex 67.1111 29.1730 0.4000
  vertex 67.3579 31.5600 0.4000
  vertex 67.3145 31.7781 0.4000
 endloop
endfacet
facet normal 0.000000 -0.000000 1.000000
 outer loop
  vertex 66.5958 29.5958 0.4000
  vertex 66.5958 34.4042 0.4000
  vertex 66.1730 30.1111 0.4000
 endloop
endfacet
facet normal -0.000000 0.000000 1.000000
 outer loop
  vertex 66.5958 29.5958 0.4000
  vertex 67.1111 29.1730 0.4000
  vertex 67.1111 34.8270 0.4000
 endloop
endfacet
facet normal 0.000000 0.000000 1.000000
 outer loop
  vertex 67.1111 29.1730 0.4000
  vertex 67.3145 31.7781 0.4000
  vertex 67.1111 34.8270 0.4000
 endloop
endfacet
facet normal 0.000000 0.000000 1.000000
 outer loop
  vertex 67.1111 29.1730 0.4000
  vertex 67.6513 30.9651 0.4000
  vertex 67.5278 31.1500 0.4000
 endloop
endfacet
facet normal 0.000000 0.000000 1.000000
 outer loop
  vertex 67.1111 29.1730 0.4000
  vertex 67.7979 30.7979 0.4000
  vertex 67.6513 30.9651 0.4000
 endloop
endfacet
facet normal 0.000000 0.000000 1.000000
 outer loop
  vertex 67.6989 28.8588 0.4000
  vertex 67.9651 30.6513 0.4000
  vertex 67.7979 30.7979 0.4000
 endloop
endfacet
facet normal 0.000000 0.000000 1.000000
 outer loop
  vertex 67.1111 29.1730 0.4000
  vertex 67.5278 31.1500 0.4000
  vertex 67.4294 31.3494 0.4000
 endloop
endfacet
facet normal 0.000000 0.000000 1.000000
 outer loop
  vertex 67.1111 29.1730 0.4000
  vertex 67.4294 31.3494 0.4000
  vertex 67.3579 31.5600 0.4000
 endloop
endfacet
facet normal 0.000000 0.000000 1.000000
 outer loop
  vertex 67.6989 28.8588 0.4000
  vertex 68.1500 30.5278 0.4000
  vertex 67.9651 30.6513 0.4000
 endloop
endfacet
facet normal -0.000000 0.000000 1.000000
 outer loop
  vertex 68.3367 28.6653 0.4000
  vertex 69.0000 28.6000 0.4000
  vertex 68.7781 30.3145 0.4000
 endloop
endfacet
facet normal 0.000000 0.000000 1.000000
 outer loop
  vertex 68.3367 28.6653 0.4000
  vertex 68.7781 30.3145 0.4000
  vertex 68.5600 30.3579 0.4000
 endloop
endfacet
facet normal 0.000000 -0.000000 1.000000
 outer loop
  vertex 69.0000 28.6000 0.4000
  vertex 69.0000 30.3000 0.4000
  vertex 68.7781 30.3145 0.4000
 endloop
endfacet
facet normal 0.000000 0.000000 1.000000
 outer loop
  vertex 69.0000 28.6000 0.4000
  vertex 69.6633 28.6653 0.4000
  vertex 69.2219 30.3145 0.4000
 endloop
endfacet
facet normal 0.000000 0.000000 1.000000
 outer loop
  vertex 69.0000 28.6000 0.4000
  vertex 69.2219 30.3145 0.4000
  vertex 69.0000 30.3000 0.4000
 endloop
endfacet
facet normal 0.000000 0.000000 1.000000
 outer loop
  vertex 69.6633 28.6653 0.4000
  vertex 69.4400 30.3579 0.4000
  vertex 69.2219 30.3145 0.4000
 endloop
endfacet
facet normal 0.000000 0.000000 1.000000
 outer loop
  vertex 69.6633 28.6653 0.4000
  vertex 70.3011 28.8588 0.4000
  vertex 69.8500 30.5278 0.4000
 endloop
endfacet
facet normal 0.000000 0.000000 1.000000
 outer loop
  vertex 69.6633 28.6653 0.4000
  vertex 69.6506 30.4294 0.4000
  vertex 69.4400 30.3579 0.4000
 endloop
endfacet
facet normal 0.000000 -0.000000 1.000000
 outer loop
  vertex 69.6633 28.6653 0.4000
  vertex 69.8500 30.5278 0.4000
  vertex 69.6506 30.4294 0.4000
 endloop
endfacet
facet normal 0.000000 0.000000 1.000000
 outer loop
  vertex 70.3011 28.8588 0.4000
  vertex 70.8889 29.1730 0.4000
  vertex 70.5706 31.3494 0.4000
 endloop
endfacet
facet normal 0.000000 0.000000 1.000000
 outer loop
  vertex 70.3011 28.8588 0.4000
  vertex 70.0349 30.6513 0.4000
  vertex 69.8500 30.5278 0.4000
 endloop
endfacet
facet normal 0.000000 0.000000 1.000000
 outer loop
  vertex 70.3011 28.8588 0.4000
  vertex 70.2021 30.7979 0.4000
  vertex 70.0349 30.6513 0.4000
 endloop
endfacet
facet normal 0.000000 -0.000000 1.000000
 outer loop
  vertex 70.3011 28.8588 0.4000
  vertex 70.3487 30.9651 0.4000
  vertex 70.2021 30.7979 0.4000
 endloop
endfacet
facet normal 0.000000 0.000000 1.000000
 outer loop
  vertex 70.3011 28.8588 0.4000
  vertex 70.4722 31.1500 0.4000
  vertex 70.3487 30.9651 0.4000
 endloop
endfacet
facet normal 0.000000 0.000000 1.000000
 outer loop
  vertex 70.3011 28.8588 0.4000
  vertex 70.5706 31.3494 0.4000
  vertex 70.4722 31.1500 0.4000
 endloop
endfacet
facet normal -0.000000 0.000000 1.000000
 outer loop
  vertex 70.5706 31.3494 0.4000
  vertex 70.8889 29.1730 0.4000
  vertex 70.6421 31.5600 0.4000
 endloop
endfacet
facet normal -0.000000 0.000000 1.000000
 outer loop
  vertex 70.6421 31.5600 0.4000
  vertex 70.8889 29.1730 0.4000
  vertex 70.6855 31.7781 0.4000
 endloop
endfacet
facet normal -0.000000 0.000000 1.000000
 outer loop
  vertex 70.6855 31.7781 0.4000
  vertex 70.8889 29.1730 0.4000
  vertex 70.7000 32.0000 0.4000
 endloop
endfacet
facet normal 0.000000 0.000000 1.000000
 outer loop
  vertex 70.8889 29.1730 0.4000
  vertex 70.6855 32.2219 0.4000
  vertex 70.7000 32.0000 0.4000
 endloop
endfacet
facet normal 0.000000 0.000000 1.000000
 outer loop
  vertex 70.8889 29.1730 0.4000
  vertex 71.4042 29.5958 0.4000
  vertex 71.4042 34.4042 0.4000
 endloop
endfacet
facet normal 0.000000 0.000000 1.000000
 outer loop
  vertex 71.4042 29.5958 0.4000
  vertex 71.8270 30.1111 0.4000
  vertex 71.8270 33.8889 0.4000
 endloop
endfacet
facet normal 0.000000 0.000000 1.000000
 outer loop
  vertex 71.8270 30.1111 0.4000
  vertex 72.1412 30.6989 0.4000
  vertex 72.1412 33.3011 0.4000
 endloop
endfacet
facet normal 0.000000 0.000000 1.000000
 outer loop
  vertex 72.1412 30.6989 0.4000
  vertex 72.3347 31.3367 0.4000
  vertex 72.3347 32.6633 0.4000
 endloop
endfacet
facet normal 0.435904 0.531148 -0.726546
 outer loop
  vertex 66.5958 29.5958 0.4000
  vertex 67.7979 30.7979 2.0000
  vertex 67.1111 29.1730 0.4000
 endloop
endfacet
facet normal 0.323905 0.605983 -0.726547
 outer loop
  vertex 67.1111 29.1730 0.4000
  vertex 68.0555 30.5865 2.0000
  vertex 67.6989 28.8588 0.4000
 endloop
endfacet
facet normal 0.199459 0.657530 -0.726547
 outer loop
  vertex 67.6989 28.8588 0.4000
  vertex 68.3494 30.4294 2.0000
  vertex 68.3367 28.6653 0.4000
 endloop
endfacet
facet normal 0.605983 0.323905 -0.726547
 outer loop
  vertex 65.8588 30.6989 0.4000
  vertex 67.4294 31.3494 2.0000
  vertex 66.1730 30.1111 0.4000
 endloop
endfacet
facet normal 0.531148 0.435904 -0.726546
 outer loop
  vertex 66.5958 29.5958 0.4000
  vertex 66.1730 30.1111 0.4000
  vertex 67.5865 31.0555 2.0000
 endloop
endfacet
facet normal 0.657530 0.199461 -0.726547
 outer loop
  vertex 65.8588 30.6989 0.4000
  vertex 65.6653 31.3367 0.4000
  vertex 67.3327 31.6683 2.0000
 endloop
endfacet
facet normal 0.683808 0.067350 -0.726548
 outer loop
  vertex 65.6653 31.3367 0.4000
  vertex 65.6000 32.0000 0.4000
  vertex 67.3000 32.0000 2.0000
 endloop
endfacet
facet normal 0.323888 0.605989 -0.726549
 outer loop
  vertex 67.6989 28.8588 0.4000
  vertex 68.0883 30.5690 2.0000
  vertex 68.1500 30.5278 1.9931
 endloop
endfacet
facet normal 0.323903 0.605984 -0.726547
 outer loop
  vertex 67.6989 28.8588 0.4000
  vertex 68.1500 30.5278 1.9931
  vertex 68.3494 30.4294 2.0000
 endloop
endfacet
facet normal 0.199468 0.657529 -0.726545
 outer loop
  vertex 68.3367 28.6653 0.4000
  vertex 68.3494 30.4294 2.0000
  vertex 68.5600 30.3579 1.9931
 endloop
endfacet
facet normal 0.531133 0.435918 -0.726549
 outer loop
  vertex 66.5958 29.5958 0.4000
  vertex 67.5865 31.0555 2.0000
  vertex 67.6101 31.0268 2.0000
 endloop
endfacet
facet normal 0.531166 0.435887 -0.726543
 outer loop
  vertex 66.5958 29.5958 0.4000
  vertex 67.6101 31.0268 2.0000
  vertex 67.6513 30.9651 1.9931
 endloop
endfacet
facet normal 0.605986 0.323901 -0.726546
 outer loop
  vertex 66.1730 30.1111 0.4000
  vertex 67.4294 31.3494 2.0000
  vertex 67.5278 31.1500 1.9931
 endloop
endfacet
facet normal 0.606009 0.323864 -0.726544
 outer loop
  vertex 66.1730 30.1111 0.4000
  vertex 67.5690 31.0883 2.0000
  vertex 67.5865 31.0555 2.0000
 endloop
endfacet
facet normal 0.605963 0.323937 -0.726549
 outer loop
  vertex 66.1730 30.1111 0.4000
  vertex 67.5278 31.1500 1.9931
  vertex 67.5690 31.0883 2.0000
 endloop
endfacet
facet normal 0.657529 0.199463 -0.726547
 outer loop
  vertex 65.8588 30.6989 0.4000
  vertex 67.3579 31.5600 1.9931
  vertex 67.4294 31.3494 2.0000
 endloop
endfacet
facet normal 0.657534 0.199452 -0.726545
 outer loop
  vertex 65.8588 30.6989 0.4000
  vertex 67.3434 31.6328 2.0000
  vertex 67.3579 31.5600 1.9931
 endloop
endfacet
facet normal 0.657525 0.199472 -0.726548
 outer loop
  vertex 65.8588 30.6989 0.4000
  vertex 67.3327 31.6683 2.0000
  vertex 67.3434 31.6328 2.0000
 endloop
endfacet
facet normal 0.683809 0.067344 -0.726546
 outer loop
  vertex 65.6653 31.3367 0.4000
  vertex 67.3145 31.7781 1.9931
  vertex 67.3290 31.7053 2.0000
 endloop
endfacet
facet normal 0.683810 0.067335 -0.726546
 outer loop
  vertex 65.6653 31.3367 0.4000
  vertex 67.3290 31.7053 2.0000
  vertex 67.3327 31.6683 2.0000
 endloop
endfacet
facet normal 0.683809 0.067342 -0.726547
 outer loop
  vertex 65.6653 31.3367 0.4000
  vertex 67.3000 32.0000 2.0000
  vertex 67.3145 31.7781 1.9931
 endloop
endfacet
facet normal 0.531144 0.435908 -0.726547
 outer loop
  vertex 66.5958 29.5958 0.4000
  vertex 67.6513 30.9651 1.9931
  vertex 67.7979 30.7979 2.0000
 endloop
endfacet
facet normal 0.435911 0.531144 -0.726545
 outer loop
  vertex 67.1111 29.1730 0.4000
  vertex 67.7979 30.7979 2.0000
  vertex 67.9651 30.6513 1.9931
 endloop
endfacet
facet normal 0.435887 0.531160 -0.726548
 outer loop
  vertex 67.1111 29.1730 0.4000
  vertex 67.9651 30.6513 1.9931
  vertex 68.0268 30.6101 2.0000
 endloop
endfacet
facet normal 0.435862 0.531178 -0.726550
 outer loop
  vertex 67.1111 29.1730 0.4000
  vertex 68.0268 30.6101 2.0000
  vertex 68.0555 30.5865 2.0000
 endloop
endfacet
facet normal 0.323951 0.605967 -0.726540
 outer loop
  vertex 67.6989 28.8588 0.4000
  vertex 68.0555 30.5865 2.0000
  vertex 68.0883 30.5690 2.0000
 endloop
endfacet
facet normal 0.067350 0.683809 -0.726546
 outer loop
  vertex 68.3367 28.6653 0.4000
  vertex 68.6684 30.3327 2.0000
  vertex 69.0000 28.6000 0.4000
 endloop
endfacet
facet normal -0.067350 0.683809 -0.726546
 outer loop
  vertex 69.0000 28.6000 0.4000
  vertex 69.0000 30.3000 2.0000
  vertex 69.6633 28.6653 0.4000
 endloop
endfacet
facet normal -0.199459 0.657530 -0.726547
 outer loop
  vertex 69.6633 28.6653 0.4000
  vertex 69.3316 30.3327 2.0000
  vertex 70.3011 28.8588 0.4000
 endloop
endfacet
facet normal -0.323905 0.605983 -0.726547
 outer loop
  vertex 70.3011 28.8588 0.4000
  vertex 69.6506 30.4294 2.0000
  vertex 70.8889 29.1730 0.4000
 endloop
endfacet
facet normal -0.435903 0.531148 -0.726547
 outer loop
  vertex 70.8889 29.1730 0.4000
  vertex 69.9445 30.5865 2.0000
  vertex 71.4042 29.5958 0.4000
 endloop
endfacet
facet normal -0.531148 0.435904 -0.726546
 outer loop
  vertex 71.4042 29.5958 0.4000
  vertex 70.2021 30.7979 2.0000
  vertex 71.8270 30.1111 0.4000
 endloop
endfacet
facet normal -0.605983 0.323905 -0.726547
 outer loop
  vertex 71.8270 30.1111 0.4000
  vertex 70.4135 31.0555 2.0000
  vertex 72.1412 30.6989 0.4000
 endloop
endfacet
facet normal -0.657530 0.199461 -0.726547
 outer loop
  vertex 72.1412 30.6989 0.4000
  vertex 70.5706 31.3494 2.0000
  vertex 72.3347 31.3367 0.4000
 endloop
endfacet
facet normal -0.683808 0.067350 -0.726547
 outer loop
  vertex 72.3347 31.3367 0.4000
  vertex 70.6673 31.6683 2.0000
  vertex 72.4000 32.0000 0.4000
 endloop
endfacet
facet normal 0.199441 0.657535 -0.726548
 outer loop
  vertex 68.3367 28.6653 0.4000
  vertex 68.5600 30.3579 1.9931
  vertex 68.6328 30.3434 2.0000
 endloop
endfacet
facet normal 0.199459 0.657530 -0.726547
 outer loop
  vertex 68.3367 28.6653 0.4000
  vertex 68.6328 30.3434 2.0000
  vertex 68.6684 30.3327 2.0000
 endloop
endfacet
facet normal 0.067337 0.683808 -0.726548
 outer loop
  vertex 69.0000 28.6000 0.4000
  vertex 68.7053 30.3290 2.0000
  vertex 68.7781 30.3145 1.9931
 endloop
endfacet
facet normal 0.067354 0.683809 -0.726546
 outer loop
  vertex 69.0000 28.6000 0.4000
  vertex 68.7781 30.3145 1.9931
  vertex 69.0000 30.3000 2.0000
 endloop
endfacet
facet normal 0.067349 0.683809 -0.726546
 outer loop
  vertex 69.0000 28.6000 0.4000
  vertex 68.6684 30.3327 2.0000
  vertex 68.7053 30.3290 2.0000
 endloop
endfacet
facet normal -0.067355 0.683807 -0.726547
 outer loop
  vertex 69.6633 28.6653 0.4000
  vertex 69.0000 30.3000 2.0000
  vertex 69.2219 30.3145 1.9931
 endloop
endfacet
facet normal -0.067337 0.683811 -0.726546
 outer loop
  vertex 69.6633 28.6653 0.4000
  vertex 69.2219 30.3145 1.9931
  vertex 69.2947 30.3290 2.0000
 endloop
endfacet
facet normal -0.067352 0.683809 -0.726546
 outer loop
  vertex 69.6633 28.6653 0.4000
  vertex 69.2947 30.3290 2.0000
  vertex 69.3316 30.3327 2.0000
 endloop
endfacet
facet normal -0.199442 0.657539 -0.726543
 outer loop
  vertex 70.3011 28.8588 0.4000
  vertex 69.3672 30.3434 2.0000
  vertex 69.4400 30.3579 1.9931
 endloop
endfacet
facet normal -0.199462 0.657529 -0.726547
 outer loop
  vertex 70.3011 28.8588 0.4000
  vertex 69.3316 30.3327 2.0000
  vertex 69.3672 30.3434 2.0000
 endloop
endfacet
facet normal -0.199467 0.657527 -0.726547
 outer loop
  vertex 70.3011 28.8588 0.4000
  vertex 69.4400 30.3579 1.9931
  vertex 69.6506 30.4294 2.0000
 endloop
endfacet
facet normal -0.323903 0.605984 -0.726547
 outer loop
  vertex 70.8889 29.1730 0.4000
  vertex 69.6506 30.4294 2.0000
  vertex 69.8500 30.5278 1.9931
 endloop
endfacet
facet normal -0.323891 0.605992 -0.726545
 outer loop
  vertex 70.8889 29.1730 0.4000
  vertex 69.8500 30.5278 1.9931
  vertex 69.9117 30.5690 2.0000
 endloop
endfacet
facet normal -0.323944 0.605959 -0.726549
 outer loop
  vertex 70.8889 29.1730 0.4000
  vertex 69.9117 30.5690 2.0000
  vertex 69.9445 30.5865 2.0000
 endloop
endfacet
facet normal -0.435889 0.531164 -0.726544
 outer loop
  vertex 71.4042 29.5958 0.4000
  vertex 69.9732 30.6101 2.0000
  vertex 70.0349 30.6513 1.9931
 endloop
endfacet
facet normal -0.435868 0.531186 -0.726540
 outer loop
  vertex 71.4042 29.5958 0.4000
  vertex 69.9445 30.5865 2.0000
  vertex 69.9732 30.6101 2.0000
 endloop
endfacet
facet normal -0.435910 0.531142 -0.726547
 outer loop
  vertex 71.4042 29.5958 0.4000
  vertex 70.0349 30.6513 1.9931
  vertex 70.2021 30.7979 2.0000
 endloop
endfacet
facet normal -0.531145 0.435908 -0.726546
 outer loop
  vertex 71.8270 30.1111 0.4000
  vertex 70.2021 30.7979 2.0000
  vertex 70.3487 30.9651 1.9931
 endloop
endfacet
facet normal -0.531162 0.435884 -0.726548
 outer loop
  vertex 71.8270 30.1111 0.4000
  vertex 70.3487 30.9651 1.9931
  vertex 70.3899 31.0268 2.0000
 endloop
endfacet
facet normal -0.531136 0.435921 -0.726545
 outer loop
  vertex 71.8270 30.1111 0.4000
  vertex 70.3899 31.0268 2.0000
  vertex 70.4135 31.0555 2.0000
 endloop
endfacet
facet normal -0.605999 0.323859 -0.726554
 outer loop
  vertex 72.1412 30.6989 0.4000
  vertex 70.4135 31.0555 2.0000
  vertex 70.4310 31.0883 2.0000
 endloop
endfacet
facet normal -0.605969 0.323942 -0.726542
 outer loop
  vertex 72.1412 30.6989 0.4000
  vertex 70.4310 31.0883 2.0000
  vertex 70.4722 31.1500 1.9931
 endloop
endfacet
facet normal -0.605985 0.323901 -0.726547
 outer loop
  vertex 72.1412 30.6989 0.4000
  vertex 70.4722 31.1500 1.9931
  vertex 70.5706 31.3494 2.0000
 endloop
endfacet
facet normal -0.657529 0.199463 -0.726546
 outer loop
  vertex 72.3347 31.3367 0.4000
  vertex 70.5706 31.3494 2.0000
  vertex 70.6421 31.5600 1.9931
 endloop
endfacet
facet normal -0.657532 0.199451 -0.726547
 outer loop
  vertex 72.3347 31.3367 0.4000
  vertex 70.6421 31.5600 1.9931
  vertex 70.6566 31.6328 2.0000
 endloop
endfacet
facet normal -0.657527 0.199472 -0.726546
 outer loop
  vertex 72.3347 31.3367 0.4000
  vertex 70.6566 31.6328 2.0000
  vertex 70.6673 31.6683 2.0000
 endloop
endfacet
facet normal -0.683808 0.067336 -0.726549
 outer loop
  vertex 70.6673 31.6683 2.0000
  vertex 70.6710 31.7053 2.0000
  vertex 72.4000 32.0000 0.4000
 endloop
endfacet
facet normal -0.683808 0.067343 -0.726548
 outer loop
  vertex 70.6710 31.7053 2.0000
  vertex 70.6855 31.7781 1.9931
  vertex 72.4000 32.0000 0.4000
 endloop
endfacet
facet normal -0.683808 0.067342 -0.726548
 outer loop
  vertex 70.6855 31.7781 1.9931
  vertex 70.7000 32.0000 2.0000
  vertex 72.4000 32.0000 0.4000
 endloop
endfacet
facet normal 0.000000 -0.000000 1.000000
 outer loop
  vertex 65.6653 31.3367 0.4000
  vertex 65.6653 32.6633 0.4000
  vertex 65.6000 32.0000 0.4000
 endloop
endfacet
facet normal 0.000000 0.000000 1.000000
 outer loop
  vertex 65.6653 31.3367 0.4000
  vertex 65.8588 33.3011 0.4000
  vertex 65.6653 32.6633 0.4000
 endloop
endfacet
facet normal 0.000000 0.000000 1.000000
 outer loop
  vertex 65.8588 30.6989 0.4000
  vertex 66.1730 33.8889 0.4000
  vertex 65.8588 33.3011 0.4000
 endloop
endfacet
facet normal 0.000000 0.000000 1.000000
 outer loop
  vertex 66.1730 30.1111 0.4000
  vertex 66.5958 34.4042 0.4000
  vertex 66.1730 33.8889 0.4000
 endloop
endfacet
facet normal 0.000000 0.000000 1.000000
 outer loop
  vertex 66.5958 29.5958 0.4000
  vertex 67.1111 34.8270 0.4000
  vertex 66.5958 34.4042 0.4000
 endloop
endfacet
facet normal 0.000000 0.000000 1.000000
 outer loop
  vertex 67.3145 31.7781 0.4000
  vertex 67.3000 32.0000 0.4000
  vertex 67.1111 34.8270 0.4000
 endloop
endfacet
facet normal 0.000000 -0.000000 1.000000
 outer loop
  vertex 67.3000 32.0000 0.4000
  vertex 67.3145 32.2219 0.4000
  vertex 67.1111 34.8270 0.4000
 endloop
endfacet
facet normal 0.000000 -0.000000 1.000000
 outer loop
  vertex 67.3145 32.2219 0.4000
  vertex 67.3579 32.4400 0.4000
  vertex 67.1111 34.8270 0.4000
 endloop
endfacet
facet normal 0.000000 -0.000000 1.000000
 outer loop
  vertex 67.3579 32.4400 0.4000
  vertex 67.4294 32.6506 0.4000
  vertex 67.1111 34.8270 0.4000
 endloop
endfacet
facet normal 0.000000 0.000000 1.000000
 outer loop
  vertex 67.4294 32.6506 0.4000
  vertex 67.5278 32.8500 0.4000
  vertex 67.6989 35.1412 0.4000
 endloop
endfacet
facet normal 0.000000 0.000000 1.000000
 outer loop
  vertex 67.5278 32.8500 0.4000
  vertex 67.6513 33.0349 0.4000
  vertex 67.6989 35.1412 0.4000
 endloop
endfacet
facet normal 0.000000 0.000000 1.000000
 outer loop
  vertex 67.6513 33.0349 0.4000
  vertex 67.7979 33.2021 0.4000
  vertex 67.6989 35.1412 0.4000
 endloop
endfacet
facet normal 0.000000 -0.000000 1.000000
 outer loop
  vertex 67.7979 33.2021 0.4000
  vertex 67.9651 33.3487 0.4000
  vertex 67.6989 35.1412 0.4000
 endloop
endfacet
facet normal 0.000000 -0.000000 1.000000
 outer loop
  vertex 67.9651 33.3487 0.4000
  vertex 68.1500 33.4722 0.4000
  vertex 67.6989 35.1412 0.4000
 endloop
endfacet
facet normal 0.000000 -0.000000 1.000000
 outer loop
  vertex 67.4294 32.6506 0.4000
  vertex 67.6989 35.1412 0.4000
  vertex 67.1111 34.8270 0.4000
 endloop
endfacet
facet normal 0.000000 0.000000 1.000000
 outer loop
  vertex 68.1500 33.4722 0.4000
  vertex 68.3494 33.5706 0.4000
  vertex 68.3367 35.3347 0.4000
 endloop
endfacet
facet normal 0.000000 -0.000000 1.000000
 outer loop
  vertex 68.3494 33.5706 0.4000
  vertex 68.5600 33.6421 0.4000
  vertex 68.3367 35.3347 0.4000
 endloop
endfacet
facet normal 0.000000 -0.000000 1.000000
 outer loop
  vertex 68.1500 33.4722 0.4000
  vertex 68.3367 35.3347 0.4000
  vertex 67.6989 35.1412 0.4000
 endloop
endfacet
facet normal -0.000000 0.000000 1.000000
 outer loop
  vertex 69.8500 33.4722 0.4000
  vertex 70.0349 33.3487 0.4000
  vertex 70.3011 35.1412 0.4000
 endloop
endfacet
facet normal 0.000000 -0.000000 1.000000
 outer loop
  vertex 70.6421 32.4400 0.4000
  vertex 70.8889 34.8270 0.4000
  vertex 70.5706 32.6506 0.4000
 endloop
endfacet
facet normal 0.000000 -0.000000 1.000000
 outer loop
  vertex 70.5706 32.6506 0.4000
  vertex 70.8889 34.8270 0.4000
  vertex 70.4722 32.8500 0.4000
 endloop
endfacet
facet normal -0.000000 0.000000 1.000000
 outer loop
  vertex 70.0349 33.3487 0.4000
  vertex 70.2021 33.2021 0.4000
  vertex 70.3011 35.1412 0.4000
 endloop
endfacet
facet normal 0.000000 -0.000000 1.000000
 outer loop
  vertex 70.4722 32.8500 0.4000
  vertex 70.8889 34.8270 0.4000
  vertex 70.3487 33.0349 0.4000
 endloop
endfacet
facet normal -0.000000 0.000000 1.000000
 outer loop
  vertex 70.2021 33.2021 0.4000
  vertex 70.3487 33.0349 0.4000
  vertex 70.8889 34.8270 0.4000
 endloop
endfacet
facet normal 0.000000 0.000000 1.000000
 outer loop
  vertex 68.3367 35.3347 0.4000
  vertex 68.5600 33.6421 0.4000
  vertex 68.7781 33.6855 0.4000
 endloop
endfacet
facet normal 0.000000 0.000000 1.000000
 outer loop
  vertex 68.7781 33.6855 0.4000
  vertex 69.0000 33.7000 0.4000
  vertex 69.0000 35.4000 0.4000
 endloop
endfacet
facet normal -0.000000 0.000000 1.000000
 outer loop
  vertex 68.3367 35.3347 0.4000
  vertex 68.7781 33.6855 0.4000
  vertex 69.0000 35.4000 0.4000
 endloop
endfacet
facet normal -0.000000 0.000000 1.000000
 outer loop
  vertex 69.0000 33.7000 0.4000
  vertex 69.2219 33.6855 0.4000
  vertex 69.0000 35.4000 0.4000
 endloop
endfacet
facet normal -0.000000 0.000000 1.000000
 outer loop
  vertex 69.2219 33.6855 0.4000
  vertex 69.4400 33.6421 0.4000
  vertex 69.6633 35.3347 0.4000
 endloop
endfacet
facet normal 0.000000 -0.000000 1.000000
 outer loop
  vertex 69.2219 33.6855 0.4000
  vertex 69.6633 35.3347 0.4000
  vertex 69.0000 35.4000 0.4000
 endloop
endfacet
facet normal -0.000000 0.000000 1.000000
 outer loop
  vertex 69.4400 33.6421 0.4000
  vertex 69.6506 33.5706 0.4000
  vertex 69.6633 35.3347 0.4000
 endloop
endfacet
facet normal 0.000000 -0.000000 1.000000
 outer loop
  vertex 69.8500 33.4722 0.4000
  vertex 70.3011 35.1412 0.4000
  vertex 69.6506 33.5706 0.4000
 endloop
endfacet
facet normal 0.000000 0.000000 1.000000
 outer loop
  vertex 69.6506 33.5706 0.4000
  vertex 70.3011 35.1412 0.4000
  vertex 69.6633 35.3347 0.4000
 endloop
endfacet
facet normal 0.000000 0.000000 1.000000
 outer loop
  vertex 70.2021 33.2021 0.4000
  vertex 70.8889 34.8270 0.4000
  vertex 70.3011 35.1412 0.4000
 endloop
endfacet
facet normal 0.000000 -0.000000 1.000000
 outer loop
  vertex 70.8889 29.1730 0.4000
  vertex 70.8889 34.8270 0.4000
  vertex 70.6855 32.2219 0.4000
 endloop
endfacet
facet normal 0.000000 0.000000 1.000000
 outer loop
  vertex 70.8889 29.1730 0.4000
  vertex 71.4042 34.4042 0.4000
  vertex 70.8889 34.8270 0.4000
 endloop
endfacet
facet normal 0.000000 0.000000 1.000000
 outer loop
  vertex 71.4042 29.5958 0.4000
  vertex 71.8270 33.8889 0.4000
  vertex 71.4042 34.4042 0.4000
 endloop
endfacet
facet normal 0.000000 -0.000000 1.000000
 outer loop
  vertex 70.6855 32.2219 0.4000
  vertex 70.8889 34.8270 0.4000
  vertex 70.6421 32.4400 0.4000
 endloop
endfacet
facet normal 0.000000 0.000000 1.000000
 outer loop
  vertex 71.8270 30.1111 0.4000
  vertex 72.1412 33.3011 0.4000
  vertex 71.8270 33.8889 0.4000
 endloop
endfacet
facet normal 0.000000 0.000000 1.000000
 outer loop
  vertex 72.1412 30.6989 0.4000
  vertex 72.3347 32.6633 0.4000
  vertex 72.1412 33.3011 0.4000
 endloop
endfacet
facet normal 0.000000 0.000000 1.000000
 outer loop
  vertex 72.3347 31.3367 0.4000
  vertex 72.4000 32.0000 0.4000
  vertex 72.3347 32.6633 0.4000
 endloop
endfacet
facet normal 0.683808 -0.067350 -0.726547
 outer loop
  vertex 65.6000 32.0000 0.4000
  vertex 65.6653 32.6633 0.4000
  vertex 67.3327 32.3317 2.0000
 endloop
endfacet
facet normal 0.657530 -0.199461 -0.726547
 outer loop
  vertex 65.6653 32.6633 0.4000
  vertex 65.8588 33.3011 0.4000
  vertex 67.4294 32.6506 2.0000
 endloop
endfacet
facet normal 0.605983 -0.323905 -0.726547
 outer loop
  vertex 65.8588 33.3011 0.4000
  vertex 66.1730 33.8889 0.4000
  vertex 67.5865 32.9445 2.0000
 endloop
endfacet
facet normal 0.531147 -0.435904 -0.726547
 outer loop
  vertex 66.1730 33.8889 0.4000
  vertex 66.5958 34.4042 0.4000
  vertex 67.7979 33.2021 2.0000
 endloop
endfacet
facet normal 0.435903 -0.531148 -0.726547
 outer loop
  vertex 66.5958 34.4042 0.4000
  vertex 67.1111 34.8270 0.4000
  vertex 68.0555 33.4135 2.0000
 endloop
endfacet
facet normal 0.323905 -0.605983 -0.726547
 outer loop
  vertex 67.1111 34.8270 0.4000
  vertex 67.6989 35.1412 0.4000
  vertex 68.3494 33.5706 2.0000
 endloop
endfacet
facet normal 0.199461 -0.657529 -0.726547
 outer loop
  vertex 67.6989 35.1412 0.4000
  vertex 68.3367 35.3347 0.4000
  vertex 68.6684 33.6673 2.0000
 endloop
endfacet
facet normal 0.683808 -0.067343 -0.726548
 outer loop
  vertex 65.6000 32.0000 0.4000
  vertex 67.3145 32.2219 1.9931
  vertex 67.3000 32.0000 2.0000
 endloop
endfacet
facet normal 0.683808 -0.067341 -0.726548
 outer loop
  vertex 65.6000 32.0000 0.4000
  vertex 67.3290 32.2947 2.0000
  vertex 67.3145 32.2219 1.9931
 endloop
endfacet
facet normal 0.683808 -0.067335 -0.726549
 outer loop
  vertex 65.6000 32.0000 0.4000
  vertex 67.3327 32.3317 2.0000
  vertex 67.3290 32.2947 2.0000
 endloop
endfacet
facet normal 0.657525 -0.199482 -0.726545
 outer loop
  vertex 65.6653 32.6633 0.4000
  vertex 67.3434 32.3672 2.0000
  vertex 67.3327 32.3317 2.0000
 endloop
endfacet
facet normal 0.657532 -0.199451 -0.726547
 outer loop
  vertex 65.6653 32.6633 0.4000
  vertex 67.3579 32.4400 1.9931
  vertex 67.3434 32.3672 2.0000
 endloop
endfacet
facet normal 0.657530 -0.199461 -0.726547
 outer loop
  vertex 65.6653 32.6633 0.4000
  vertex 67.4294 32.6506 2.0000
  vertex 67.3579 32.4400 1.9931
 endloop
endfacet
facet normal 0.605984 -0.323904 -0.726547
 outer loop
  vertex 65.8588 33.3011 0.4000
  vertex 67.5278 32.8500 1.9931
  vertex 67.4294 32.6506 2.0000
 endloop
endfacet
facet normal 0.605972 -0.323933 -0.726543
 outer loop
  vertex 65.8588 33.3011 0.4000
  vertex 67.5690 32.9117 2.0000
  vertex 67.5278 32.8500 1.9931
 endloop
endfacet
facet normal 0.605999 -0.323859 -0.726554
 outer loop
  vertex 65.8588 33.3011 0.4000
  vertex 67.5865 32.9445 2.0000
  vertex 67.5690 32.9117 2.0000
 endloop
endfacet
facet normal 0.531136 -0.435921 -0.726545
 outer loop
  vertex 66.1730 33.8889 0.4000
  vertex 67.6101 32.9732 2.0000
  vertex 67.5865 32.9445 2.0000
 endloop
endfacet
facet normal 0.531155 -0.435893 -0.726548
 outer loop
  vertex 66.1730 33.8889 0.4000
  vertex 67.6513 33.0349 1.9931
  vertex 67.6101 32.9732 2.0000
 endloop
endfacet
facet normal 0.531145 -0.435908 -0.726546
 outer loop
  vertex 66.1730 33.8889 0.4000
  vertex 67.7979 33.2021 2.0000
  vertex 67.6513 33.0349 1.9931
 endloop
endfacet
facet normal 0.435913 -0.531139 -0.726547
 outer loop
  vertex 66.5958 34.4042 0.4000
  vertex 67.9651 33.3487 1.9931
  vertex 67.7979 33.2021 2.0000
 endloop
endfacet
facet normal 0.435898 -0.531154 -0.726545
 outer loop
  vertex 66.5958 34.4042 0.4000
  vertex 68.0268 33.3899 2.0000
  vertex 67.9651 33.3487 1.9931
 endloop
endfacet
facet normal 0.435850 -0.531206 -0.726536
 outer loop
  vertex 66.5958 34.4042 0.4000
  vertex 68.0555 33.4135 2.0000
  vertex 68.0268 33.3899 2.0000
 endloop
endfacet
facet normal 0.323944 -0.605959 -0.726549
 outer loop
  vertex 67.1111 34.8270 0.4000
  vertex 68.0883 33.4310 2.0000
  vertex 68.0555 33.4135 2.0000
 endloop
endfacet
facet normal 0.323905 -0.605984 -0.726546
 outer loop
  vertex 67.1111 34.8270 0.4000
  vertex 68.1500 33.4722 1.9931
  vertex 68.0883 33.4310 2.0000
 endloop
endfacet
facet normal 0.323899 -0.605987 -0.726546
 outer loop
  vertex 67.1111 34.8270 0.4000
  vertex 68.3494 33.5706 2.0000
  vertex 68.1500 33.4722 1.9931
 endloop
endfacet
facet normal 0.199467 -0.657527 -0.726547
 outer loop
  vertex 67.6989 35.1412 0.4000
  vertex 68.5600 33.6421 1.9931
  vertex 68.3494 33.5706 2.0000
 endloop
endfacet
facet normal 0.199442 -0.657539 -0.726543
 outer loop
  vertex 67.6989 35.1412 0.4000
  vertex 68.6328 33.6566 2.0000
  vertex 68.5600 33.6421 1.9931
 endloop
endfacet
facet normal 0.199462 -0.657529 -0.726547
 outer loop
  vertex 67.6989 35.1412 0.4000
  vertex 68.6684 33.6673 2.0000
  vertex 68.6328 33.6566 2.0000
 endloop
endfacet
facet normal 0.067350 -0.683808 -0.726547
 outer loop
  vertex 68.3367 35.3347 0.4000
  vertex 69.0000 35.4000 0.4000
  vertex 69.0000 33.7000 2.0000
 endloop
endfacet
facet normal -0.067350 -0.683808 -0.726547
 outer loop
  vertex 69.0000 35.4000 0.4000
  vertex 69.6633 35.3347 0.4000
  vertex 69.3316 33.6673 2.0000
 endloop
endfacet
facet normal -0.199461 -0.657529 -0.726547
 outer loop
  vertex 69.6633 35.3347 0.4000
  vertex 70.3011 35.1412 0.4000
  vertex 69.6506 33.5706 2.0000
 endloop
endfacet
facet normal -0.323905 -0.605983 -0.726547
 outer loop
  vertex 70.3011 35.1412 0.4000
  vertex 70.8889 34.8270 0.4000
  vertex 69.9445 33.4135 2.0000
 endloop
endfacet
facet normal -0.683808 -0.067350 -0.726547
 outer loop
  vertex 72.4000 32.0000 0.4000
  vertex 70.7000 32.0000 2.0000
  vertex 72.3347 32.6633 0.4000
 endloop
endfacet
facet normal -0.657530 -0.199461 -0.726547
 outer loop
  vertex 72.3347 32.6633 0.4000
  vertex 70.6673 32.3317 2.0000
  vertex 72.1412 33.3011 0.4000
 endloop
endfacet
facet normal -0.531148 -0.435904 -0.726546
 outer loop
  vertex 71.8270 33.8889 0.4000
  vertex 70.4135 32.9445 2.0000
  vertex 71.4042 34.4042 0.4000
 endloop
endfacet
facet normal -0.605983 -0.323905 -0.726547
 outer loop
  vertex 71.8270 33.8889 0.4000
  vertex 72.1412 33.3011 0.4000
  vertex 70.5706 32.6506 2.0000
 endloop
endfacet
facet normal -0.435904 -0.531148 -0.726547
 outer loop
  vertex 70.8889 34.8270 0.4000
  vertex 71.4042 34.4042 0.4000
  vertex 70.2021 33.2021 2.0000
 endloop
endfacet
facet normal -0.323951 -0.605967 -0.726540
 outer loop
  vertex 70.3011 35.1412 0.4000
  vertex 69.9445 33.4135 2.0000
  vertex 69.9117 33.4310 2.0000
 endloop
endfacet
facet normal -0.531157 -0.435895 -0.726545
 outer loop
  vertex 71.4042 34.4042 0.4000
  vertex 70.3899 32.9732 2.0000
  vertex 70.3487 33.0349 1.9931
 endloop
endfacet
facet normal -0.435839 -0.531194 -0.726551
 outer loop
  vertex 70.8889 34.8270 0.4000
  vertex 69.9732 33.3899 2.0000
  vertex 69.9445 33.4135 2.0000
 endloop
endfacet
facet normal -0.435898 -0.531152 -0.726547
 outer loop
  vertex 70.8889 34.8270 0.4000
  vertex 70.0349 33.3487 1.9931
  vertex 69.9732 33.3899 2.0000
 endloop
endfacet
facet normal -0.435915 -0.531141 -0.726545
 outer loop
  vertex 70.8889 34.8270 0.4000
  vertex 70.2021 33.2021 2.0000
  vertex 70.0349 33.3487 1.9931
 endloop
endfacet
facet normal -0.531144 -0.435908 -0.726547
 outer loop
  vertex 71.4042 34.4042 0.4000
  vertex 70.3487 33.0349 1.9931
  vertex 70.2021 33.2021 2.0000
 endloop
endfacet
facet normal 0.067349 -0.683808 -0.726547
 outer loop
  vertex 68.3367 35.3347 0.4000
  vertex 68.7053 33.6710 2.0000
  vertex 68.6684 33.6673 2.0000
 endloop
endfacet
facet normal 0.067339 -0.683810 -0.726546
 outer loop
  vertex 68.3367 35.3347 0.4000
  vertex 68.7781 33.6855 1.9931
  vertex 68.7053 33.6710 2.0000
 endloop
endfacet
facet normal 0.067355 -0.683807 -0.726548
 outer loop
  vertex 68.3367 35.3347 0.4000
  vertex 69.0000 33.7000 2.0000
  vertex 68.7781 33.6855 1.9931
 endloop
endfacet
facet normal -0.067349 -0.683808 -0.726547
 outer loop
  vertex 69.0000 35.4000 0.4000
  vertex 69.3316 33.6673 2.0000
  vertex 69.2947 33.6710 2.0000
 endloop
endfacet
facet normal -0.067355 -0.683808 -0.726546
 outer loop
  vertex 69.0000 35.4000 0.4000
  vertex 69.2219 33.6855 1.9931
  vertex 69.0000 33.7000 2.0000
 endloop
endfacet
facet normal -0.067337 -0.683808 -0.726548
 outer loop
  vertex 69.0000 35.4000 0.4000
  vertex 69.2947 33.6710 2.0000
  vertex 69.2219 33.6855 1.9931
 endloop
endfacet
facet normal -0.199462 -0.657529 -0.726547
 outer loop
  vertex 69.6633 35.3347 0.4000
  vertex 69.3672 33.6566 2.0000
  vertex 69.3316 33.6673 2.0000
 endloop
endfacet
facet normal -0.199441 -0.657534 -0.726548
 outer loop
  vertex 69.6633 35.3347 0.4000
  vertex 69.4400 33.6421 1.9931
  vertex 69.3672 33.6566 2.0000
 endloop
endfacet
facet normal -0.199468 -0.657529 -0.726546
 outer loop
  vertex 69.6633 35.3347 0.4000
  vertex 69.6506 33.5706 2.0000
  vertex 69.4400 33.6421 1.9931
 endloop
endfacet
facet normal -0.323899 -0.605986 -0.726547
 outer loop
  vertex 70.3011 35.1412 0.4000
  vertex 69.8500 33.4722 1.9931
  vertex 69.6506 33.5706 2.0000
 endloop
endfacet
facet normal -0.323903 -0.605984 -0.726547
 outer loop
  vertex 70.3011 35.1412 0.4000
  vertex 69.9117 33.4310 2.0000
  vertex 69.8500 33.4722 1.9931
 endloop
endfacet
facet normal -0.683809 -0.067343 -0.726547
 outer loop
  vertex 72.3347 32.6633 0.4000
  vertex 70.7000 32.0000 2.0000
  vertex 70.6855 32.2219 1.9931
 endloop
endfacet
facet normal -0.683810 -0.067342 -0.726546
 outer loop
  vertex 72.3347 32.6633 0.4000
  vertex 70.6855 32.2219 1.9931
  vertex 70.6710 32.2947 2.0000
 endloop
endfacet
facet normal -0.683810 -0.067335 -0.726546
 outer loop
  vertex 72.3347 32.6633 0.4000
  vertex 70.6710 32.2947 2.0000
  vertex 70.6673 32.3317 2.0000
 endloop
endfacet
facet normal -0.657520 -0.199481 -0.726550
 outer loop
  vertex 72.1412 33.3011 0.4000
  vertex 70.6673 32.3317 2.0000
  vertex 70.6566 32.3672 2.0000
 endloop
endfacet
facet normal -0.657534 -0.199451 -0.726545
 outer loop
  vertex 72.1412 33.3011 0.4000
  vertex 70.6566 32.3672 2.0000
  vertex 70.6421 32.4400 1.9931
 endloop
endfacet
facet normal -0.657530 -0.199461 -0.726547
 outer loop
  vertex 72.1412 33.3011 0.4000
  vertex 70.6421 32.4400 1.9931
  vertex 70.5706 32.6506 2.0000
 endloop
endfacet
facet normal -0.605968 -0.323930 -0.726549
 outer loop
  vertex 71.8270 33.8889 0.4000
  vertex 70.4722 32.8500 1.9931
  vertex 70.4310 32.9117 2.0000
 endloop
endfacet
facet normal -0.606009 -0.323864 -0.726544
 outer loop
  vertex 71.8270 33.8889 0.4000
  vertex 70.4310 32.9117 2.0000
  vertex 70.4135 32.9445 2.0000
 endloop
endfacet
facet normal -0.605984 -0.323904 -0.726546
 outer loop
  vertex 71.8270 33.8889 0.4000
  vertex 70.5706 32.6506 2.0000
  vertex 70.4722 32.8500 1.9931
 endloop
endfacet
facet normal -0.531133 -0.435918 -0.726549
 outer loop
  vertex 71.4042 34.4042 0.4000
  vertex 70.4135 32.9445 2.0000
  vertex 70.3899 32.9732 2.0000
 endloop
endfacet
facet normal 0.659347 0.751839 -0.000000
 outer loop
  vertex 21.2979 0.9979 0.0000
  vertex 21.2979 0.9979 0.4000
  vertex 21.4651 0.8513 0.0000
 endloop
endfacet
facet normal 0.555570 0.831470 0.000000
 outer loop
  vertex 21.6500 0.7278 0.0000
  vertex 21.4651 0.8513 0.0000
  vertex 21.4651 0.8513 0.4000
 endloop
endfacet
facet normal 0.831473 0.555565 -0.000000
 outer loop
  vertex 21.0278 1.3500 0.0000
  vertex 21.0278 1.3500 0.4000
  vertex 21.1513 1.1651 0.0000
 endloop
endfacet
facet normal 0.896872 0.442290 0.000000
 outer loop
  vertex 21.0278 1.3500 0.0000
  vertex 20.9294 1.5494 0.0000
  vertex 20.9294 1.5494 0.4000
 endloop
endfacet
facet normal 0.946929 0.321444 0.000000
 outer loop
  vertex 20.9294 1.5494 0.0000
  vertex 20.8579 1.7600 0.0000
  vertex 20.8579 1.7600 0.4000
 endloop
endfacet
facet normal 0.980787 0.195083 -0.000000
 outer loop
  vertex 20.8145 1.9781 0.0000
  vertex 20.8145 1.9781 0.4000
  vertex 20.8579 1.7600 0.0000
 endloop
endfacet
facet normal 0.751838 0.659347 0.000000
 outer loop
  vertex 21.2979 0.9979 0.0000
  vertex 21.1513 1.1651 0.0000
  vertex 21.1513 1.1651 0.4000
 endloop
endfacet
facet normal 0.442289 0.896873 -0.000000
 outer loop
  vertex 21.6500 0.7278 0.0000
  vertex 21.6500 0.7278 0.4000
  vertex 21.8494 0.6294 0.0000
 endloop
endfacet
facet normal 0.321439 0.946930 -0.000000
 outer loop
  vertex 21.8494 0.6294 0.0000
  vertex 21.8494 0.6294 0.4000
  vertex 22.0600 0.5579 0.0000
 endloop
endfacet
facet normal 0.195091 0.980785 -0.000000
 outer loop
  vertex 22.0600 0.5579 0.0000
  vertex 22.0600 0.5579 0.4000
  vertex 22.2781 0.5145 0.0000
 endloop
endfacet
facet normal 0.065403 0.997859 -0.000000
 outer loop
  vertex 22.2781 0.5145 0.0000
  vertex 22.2781 0.5145 0.4000
  vertex 22.5000 0.5000 0.0000
 endloop
endfacet
facet normal -0.065403 0.997859 0.000000
 outer loop
  vertex 22.5000 0.5000 0.0000
  vertex 22.5000 0.5000 0.4000
  vertex 22.7219 0.5145 0.0000
 endloop
endfacet
facet normal -0.195091 0.980785 0.000000
 outer loop
  vertex 22.7219 0.5145 0.0000
  vertex 22.7219 0.5145 0.4000
  vertex 22.9400 0.5579 0.0000
 endloop
endfacet
facet normal 0.659347 0.751839 -0.000000
 outer loop
  vertex 21.4651 0.8513 0.0000
  vertex 21.2979 0.9979 0.4000
  vertex 21.4651 0.8513 0.4000
 endloop
endfacet
facet normal 0.555570 0.831470 -0.000000
 outer loop
  vertex 21.6500 0.7278 0.0000
  vertex 21.4651 0.8513 0.4000
  vertex 21.6500 0.7278 0.4000
 endloop
endfacet
facet normal 0.896872 0.442290 -0.000000
 outer loop
  vertex 21.0278 1.3500 0.0000
  vertex 20.9294 1.5494 0.4000
  vertex 21.0278 1.3500 0.4000
 endloop
endfacet
facet normal 0.946929 0.321444 -0.000000
 outer loop
  vertex 20.9294 1.5494 0.0000
  vertex 20.8579 1.7600 0.4000
  vertex 20.9294 1.5494 0.4000
 endloop
endfacet
facet normal 0.980787 0.195083 -0.000000
 outer loop
  vertex 20.8579 1.7600 0.0000
  vertex 20.8145 1.9781 0.4000
  vertex 20.8579 1.7600 0.4000
 endloop
endfacet
facet normal 0.831473 0.555565 -0.000000
 outer loop
  vertex 21.1513 1.1651 0.0000
  vertex 21.0278 1.3500 0.4000
  vertex 21.1513 1.1651 0.4000
 endloop
endfacet
facet normal 0.751838 0.659347 -0.000000
 outer loop
  vertex 21.2979 0.9979 0.0000
  vertex 21.1513 1.1651 0.4000
  vertex 21.2979 0.9979 0.4000
 endloop
endfacet
facet normal 0.442289 0.896873 -0.000000
 outer loop
  vertex 21.8494 0.6294 0.0000
  vertex 21.6500 0.7278 0.4000
  vertex 21.8494 0.6294 0.4000
 endloop
endfacet
facet normal 0.321439 0.946930 -0.000000
 outer loop
  vertex 22.0600 0.5579 0.0000
  vertex 21.8494 0.6294 0.4000
  vertex 22.0600 0.5579 0.4000
 endloop
endfacet
facet normal 0.195091 0.980785 -0.000000
 outer loop
  vertex 22.2781 0.5145 0.0000
  vertex 22.0600 0.5579 0.4000
  vertex 22.2781 0.5145 0.4000
 endloop
endfacet
facet normal 0.065403 0.997859 -0.000000
 outer loop
  vertex 22.5000 0.5000 0.0000
  vertex 22.2781 0.5145 0.4000
  vertex 22.5000 0.5000 0.4000
 endloop
endfacet
facet normal -0.065403 0.997859 0.000000
 outer loop
  vertex 22.7219 0.5145 0.0000
  vertex 22.5000 0.5000 0.4000
  vertex 22.7219 0.5145 0.4000
 endloop
endfacet
facet normal 0.997858 0.065411 0.000000
 outer loop
  vertex 20.8145 1.9781 0.0000
  vertex 20.8000 2.2000 0.0000
  vertex 20.8000 2.2000 0.4000
 endloop
endfacet
facet normal 0.997858 -0.065411 0.000000
 outer loop
  vertex 20.8000 2.2000 0.0000
  vertex 20.8145 2.4219 0.0000
  vertex 20.8145 2.4219 0.4000
 endloop
endfacet
facet normal 0.980787 -0.195083 0.000000
 outer loop
  vertex 20.8145 2.4219 0.0000
  vertex 20.8579 2.6400 0.0000
  vertex 20.8579 2.6400 0.4000
 endloop
endfacet
facet normal 0.946929 -0.321444 0.000000
 outer loop
  vertex 20.8579 2.6400 0.0000
  vertex 20.9294 2.8506 0.0000
  vertex 20.9294 2.8506 0.4000
 endloop
endfacet
facet normal 0.896872 -0.442290 0.000000
 outer loop
  vertex 20.9294 2.8506 0.0000
  vertex 21.0278 3.0500 0.0000
  vertex 21.0278 3.0500 0.4000
 endloop
endfacet
facet normal 0.831473 -0.555565 0.000000
 outer loop
  vertex 21.0278 3.0500 0.0000
  vertex 21.1513 3.2349 0.0000
  vertex 21.1513 3.2349 0.4000
 endloop
endfacet
facet normal 0.751838 -0.659348 0.000000
 outer loop
  vertex 21.1513 3.2349 0.0000
  vertex 21.2979 3.4021 0.0000
  vertex 21.2979 3.4021 0.4000
 endloop
endfacet
facet normal 0.659346 -0.751839 0.000000
 outer loop
  vertex 21.2979 3.4021 0.0000
  vertex 21.4651 3.5487 0.0000
  vertex 21.4651 3.5487 0.4000
 endloop
endfacet
facet normal 0.555570 -0.831470 0.000000
 outer loop
  vertex 21.4651 3.5487 0.0000
  vertex 21.6500 3.6722 0.0000
  vertex 21.6500 3.6722 0.4000
 endloop
endfacet
facet normal 0.442290 -0.896872 0.000000
 outer loop
  vertex 21.6500 3.6722 0.0000
  vertex 21.8494 3.7706 0.0000
  vertex 21.8494 3.7706 0.4000
 endloop
endfacet
facet normal 0.321439 -0.946930 0.000000
 outer loop
  vertex 21.8494 3.7706 0.0000
  vertex 22.0600 3.8421 0.0000
  vertex 22.0600 3.8421 0.4000
 endloop
endfacet
facet normal 0.195091 -0.980785 0.000000
 outer loop
  vertex 22.0600 3.8421 0.0000
  vertex 22.2781 3.8855 0.0000
  vertex 22.2781 3.8855 0.4000
 endloop
endfacet
facet normal 0.065403 -0.997859 0.000000
 outer loop
  vertex 22.2781 3.8855 0.0000
  vertex 22.5000 3.9000 0.0000
  vertex 22.5000 3.9000 0.4000
 endloop
endfacet
facet normal -0.065403 -0.997859 0.000000
 outer loop
  vertex 22.5000 3.9000 0.0000
  vertex 22.7219 3.8855 0.0000
  vertex 22.7219 3.8855 0.4000
 endloop
endfacet
facet normal 0.997858 0.065411 -0.000000
 outer loop
  vertex 20.8145 1.9781 0.0000
  vertex 20.8000 2.2000 0.4000
  vertex 20.8145 1.9781 0.4000
 endloop
endfacet
facet normal 0.997858 -0.065411 0.000000
 outer loop
  vertex 20.8000 2.2000 0.0000
  vertex 20.8145 2.4219 0.4000
  vertex 20.8000 2.2000 0.4000
 endloop
endfacet
facet normal 0.980787 -0.195083 0.000000
 outer loop
  vertex 20.8145 2.4219 0.0000
  vertex 20.8579 2.6400 0.4000
  vertex 20.8145 2.4219 0.4000
 endloop
endfacet
facet normal 0.946929 -0.321444 0.000000
 outer loop
  vertex 20.8579 2.6400 0.0000
  vertex 20.9294 2.8506 0.4000
  vertex 20.8579 2.6400 0.4000
 endloop
endfacet
facet normal 0.896872 -0.442290 0.000000
 outer loop
  vertex 20.9294 2.8506 0.0000
  vertex 21.0278 3.0500 0.4000
  vertex 20.9294 2.8506 0.4000
 endloop
endfacet
facet normal 0.831473 -0.555565 0.000000
 outer loop
  vertex 21.0278 3.0500 0.0000
  vertex 21.1513 3.2349 0.4000
  vertex 21.0278 3.0500 0.4000
 endloop
endfacet
facet normal 0.751838 -0.659348 0.000000
 outer loop
  vertex 21.1513 3.2349 0.0000
  vertex 21.2979 3.4021 0.4000
  vertex 21.1513 3.2349 0.4000
 endloop
endfacet
facet normal 0.659346 -0.751839 0.000000
 outer loop
  vertex 21.2979 3.4021 0.0000
  vertex 21.4651 3.5487 0.4000
  vertex 21.2979 3.4021 0.4000
 endloop
endfacet
facet normal 0.555570 -0.831470 0.000000
 outer loop
  vertex 21.4651 3.5487 0.0000
  vertex 21.6500 3.6722 0.4000
  vertex 21.4651 3.5487 0.4000
 endloop
endfacet
facet normal 0.442290 -0.896872 0.000000
 outer loop
  vertex 21.6500 3.6722 0.0000
  vertex 21.8494 3.7706 0.4000
  vertex 21.6500 3.6722 0.4000
 endloop
endfacet
facet normal 0.321439 -0.946930 0.000000
 outer loop
  vertex 21.8494 3.7706 0.0000
  vertex 22.0600 3.8421 0.4000
  vertex 21.8494 3.7706 0.4000
 endloop
endfacet
facet normal 0.195091 -0.980785 0.000000
 outer loop
  vertex 22.0600 3.8421 0.0000
  vertex 22.2781 3.8855 0.4000
  vertex 22.0600 3.8421 0.4000
 endloop
endfacet
facet normal 0.065403 -0.997859 0.000000
 outer loop
  vertex 22.2781 3.8855 0.0000
  vertex 22.5000 3.9000 0.4000
  vertex 22.2781 3.8855 0.4000
 endloop
endfacet
facet normal -0.065403 -0.997859 0.000000
 outer loop
  vertex 22.5000 3.9000 0.0000
  vertex 22.7219 3.8855 0.4000
  vertex 22.5000 3.9000 0.4000
 endloop
endfacet
facet normal -0.195091 -0.980785 0.000000
 outer loop
  vertex 22.7219 3.8855 0.0000
  vertex 22.9400 3.8421 0.4000
  vertex 22.7219 3.8855 0.4000
 endloop
endfacet
facet normal -0.321439 0.946930 0.000000
 outer loop
  vertex 22.9400 0.5579 0.0000
  vertex 22.9400 0.5579 0.4000
  vertex 23.1506 0.6294 0.0000
 endloop
endfacet
facet normal -0.442289 0.896873 0.000000
 outer loop
  vertex 23.1506 0.6294 0.0000
  vertex 23.1506 0.6294 0.4000
  vertex 23.3500 0.7278 0.0000
 endloop
endfacet
facet normal -0.555570 0.831470 0.000000
 outer loop
  vertex 23.3500 0.7278 0.0000
  vertex 23.3500 0.7278 0.4000
  vertex 23.5349 0.8513 0.0000
 endloop
endfacet
facet normal -0.659347 0.751839 0.000000
 outer loop
  vertex 23.5349 0.8513 0.0000
  vertex 23.5349 0.8513 0.4000
  vertex 23.7021 0.9979 0.0000
 endloop
endfacet
facet normal -0.751838 0.659347 0.000000
 outer loop
  vertex 23.7021 0.9979 0.0000
  vertex 23.7021 0.9979 0.4000
  vertex 23.8487 1.1651 0.0000
 endloop
endfacet
facet normal -0.831473 0.555565 0.000000
 outer loop
  vertex 23.8487 1.1651 0.0000
  vertex 23.8487 1.1651 0.4000
  vertex 23.9722 1.3500 0.0000
 endloop
endfacet
facet normal -0.896872 0.442290 0.000000
 outer loop
  vertex 23.9722 1.3500 0.0000
  vertex 23.9722 1.3500 0.4000
  vertex 24.0706 1.5494 0.0000
 endloop
endfacet
facet normal -0.946929 0.321444 0.000000
 outer loop
  vertex 24.0706 1.5494 0.0000
  vertex 24.0706 1.5494 0.4000
  vertex 24.1421 1.7600 0.0000
 endloop
endfacet
facet normal -0.980787 0.195083 0.000000
 outer loop
  vertex 24.1421 1.7600 0.0000
  vertex 24.1421 1.7600 0.4000
  vertex 24.1855 1.9781 0.0000
 endloop
endfacet
facet normal -0.195091 0.980785 0.000000
 outer loop
  vertex 22.7219 0.5145 0.4000
  vertex 22.9400 0.5579 0.4000
  vertex 22.9400 0.5579 0.0000
 endloop
endfacet
facet normal -0.321439 0.946930 0.000000
 outer loop
  vertex 23.1506 0.6294 0.0000
  vertex 22.9400 0.5579 0.4000
  vertex 23.1506 0.6294 0.4000
 endloop
endfacet
facet normal -0.442289 0.896873 0.000000
 outer loop
  vertex 23.3500 0.7278 0.0000
  vertex 23.1506 0.6294 0.4000
  vertex 23.3500 0.7278 0.4000
 endloop
endfacet
facet normal -0.555570 0.831470 0.000000
 outer loop
  vertex 23.5349 0.8513 0.0000
  vertex 23.3500 0.7278 0.4000
  vertex 23.5349 0.8513 0.4000
 endloop
endfacet
facet normal -0.659347 0.751839 0.000000
 outer loop
  vertex 23.7021 0.9979 0.0000
  vertex 23.5349 0.8513 0.4000
  vertex 23.7021 0.9979 0.4000
 endloop
endfacet
facet normal -0.751838 0.659347 0.000000
 outer loop
  vertex 23.8487 1.1651 0.0000
  vertex 23.7021 0.9979 0.4000
  vertex 23.8487 1.1651 0.4000
 endloop
endfacet
facet normal -0.831473 0.555565 0.000000
 outer loop
  vertex 23.9722 1.3500 0.0000
  vertex 23.8487 1.1651 0.4000
  vertex 23.9722 1.3500 0.4000
 endloop
endfacet
facet normal -0.896872 0.442290 0.000000
 outer loop
  vertex 24.0706 1.5494 0.0000
  vertex 23.9722 1.3500 0.4000
  vertex 24.0706 1.5494 0.4000
 endloop
endfacet
facet normal -0.946929 0.321444 0.000000
 outer loop
  vertex 24.1421 1.7600 0.0000
  vertex 24.0706 1.5494 0.4000
  vertex 24.1421 1.7600 0.4000
 endloop
endfacet
facet normal -0.980787 0.195083 0.000000
 outer loop
  vertex 24.1855 1.9781 0.0000
  vertex 24.1421 1.7600 0.4000
  vertex 24.1855 1.9781 0.4000
 endloop
endfacet
facet normal -0.195091 -0.980785 0.000000
 outer loop
  vertex 22.7219 3.8855 0.0000
  vertex 22.9400 3.8421 0.0000
  vertex 22.9400 3.8421 0.4000
 endloop
endfacet
facet normal -0.321439 -0.946930 0.000000
 outer loop
  vertex 22.9400 3.8421 0.0000
  vertex 23.1506 3.7706 0.0000
  vertex 23.1506 3.7706 0.4000
 endloop
endfacet
facet normal -0.442290 -0.896872 0.000000
 outer loop
  vertex 23.3500 3.6722 0.0000
  vertex 23.3500 3.6722 0.4000
  vertex 23.1506 3.7706 0.0000
 endloop
endfacet
facet normal -0.659346 -0.751839 0.000000
 outer loop
  vertex 23.7021 3.4021 0.0000
  vertex 23.7021 3.4021 0.4000
  vertex 23.5349 3.5487 0.0000
 endloop
endfacet
facet normal -0.831473 -0.555565 0.000000
 outer loop
  vertex 23.8487 3.2349 0.0000
  vertex 23.9722 3.0500 0.0000
  vertex 23.9722 3.0500 0.4000
 endloop
endfacet
facet normal -0.751838 -0.659348 0.000000
 outer loop
  vertex 23.8487 3.2349 0.0000
  vertex 23.8487 3.2349 0.4000
  vertex 23.7021 3.4021 0.0000
 endloop
endfacet
facet normal -0.555570 -0.831470 0.000000
 outer loop
  vertex 23.3500 3.6722 0.0000
  vertex 23.5349 3.5487 0.0000
  vertex 23.5349 3.5487 0.4000
 endloop
endfacet
facet normal -0.997858 0.065411 0.000000
 outer loop
  vertex 24.1855 1.9781 0.0000
  vertex 24.1855 1.9781 0.4000
  vertex 24.2000 2.2000 0.0000
 endloop
endfacet
facet normal -0.997858 -0.065411 0.000000
 outer loop
  vertex 24.2000 2.2000 0.0000
  vertex 24.2000 2.2000 0.4000
  vertex 24.1855 2.4219 0.0000
 endloop
endfacet
facet normal -0.980787 -0.195083 0.000000
 outer loop
  vertex 24.1855 2.4219 0.0000
  vertex 24.1855 2.4219 0.4000
  vertex 24.1421 2.6400 0.0000
 endloop
endfacet
facet normal -0.946929 -0.321444 0.000000
 outer loop
  vertex 24.1421 2.6400 0.0000
  vertex 24.1421 2.6400 0.4000
  vertex 24.0706 2.8506 0.0000
 endloop
endfacet
facet normal -0.896872 -0.442290 0.000000
 outer loop
  vertex 24.0706 2.8506 0.0000
  vertex 24.0706 2.8506 0.4000
  vertex 23.9722 3.0500 0.0000
 endloop
endfacet
facet normal -0.321439 -0.946930 0.000000
 outer loop
  vertex 22.9400 3.8421 0.0000
  vertex 23.1506 3.7706 0.4000
  vertex 22.9400 3.8421 0.4000
 endloop
endfacet
facet normal -0.442290 -0.896872 0.000000
 outer loop
  vertex 23.1506 3.7706 0.0000
  vertex 23.3500 3.6722 0.4000
  vertex 23.1506 3.7706 0.4000
 endloop
endfacet
facet normal -0.659346 -0.751839 0.000000
 outer loop
  vertex 23.5349 3.5487 0.0000
  vertex 23.7021 3.4021 0.4000
  vertex 23.5349 3.5487 0.4000
 endloop
endfacet
facet normal -0.831473 -0.555565 0.000000
 outer loop
  vertex 23.8487 3.2349 0.0000
  vertex 23.9722 3.0500 0.4000
  vertex 23.8487 3.2349 0.4000
 endloop
endfacet
facet normal -0.751838 -0.659348 0.000000
 outer loop
  vertex 23.7021 3.4021 0.0000
  vertex 23.8487 3.2349 0.4000
  vertex 23.7021 3.4021 0.4000
 endloop
endfacet
facet normal -0.555570 -0.831470 0.000000
 outer loop
  vertex 23.3500 3.6722 0.0000
  vertex 23.5349 3.5487 0.4000
  vertex 23.3500 3.6722 0.4000
 endloop
endfacet
facet normal -0.997858 0.065411 0.000000
 outer loop
  vertex 24.1855 1.9781 0.4000
  vertex 24.2000 2.2000 0.4000
  vertex 24.2000 2.2000 0.0000
 endloop
endfacet
facet normal -0.997858 -0.065411 0.000000
 outer loop
  vertex 24.1855 2.4219 0.0000
  vertex 24.2000 2.2000 0.4000
  vertex 24.1855 2.4219 0.4000
 endloop
endfacet
facet normal -0.980787 -0.195083 0.000000
 outer loop
  vertex 24.1421 2.6400 0.0000
  vertex 24.1855 2.4219 0.4000
  vertex 24.1421 2.6400 0.4000
 endloop
endfacet
facet normal -0.946929 -0.321444 0.000000
 outer loop
  vertex 24.0706 2.8506 0.0000
  vertex 24.1421 2.6400 0.4000
  vertex 24.0706 2.8506 0.4000
 endloop
endfacet
facet normal -0.896872 -0.442290 0.000000
 outer loop
  vertex 23.9722 3.0500 0.0000
  vertex 24.0706 2.8506 0.4000
  vertex 23.9722 3.0500 0.4000
 endloop
endfacet
facet normal 0.555569 0.831471 -0.000000
 outer loop
  vertex 21.6500 0.7278 1.9931
  vertex 21.5883 0.7690 2.0000
  vertex 21.6500 0.7278 2.0000
 endloop
endfacet
facet normal 0.555569 0.831471 -0.000000
 outer loop
  vertex 21.4651 0.8513 1.9931
  vertex 21.4651 0.8513 2.0000
  vertex 21.5268 0.8101 2.0000
 endloop
endfacet
facet normal 0.659347 0.751839 0.000000
 outer loop
  vertex 21.2979 0.9979 2.0000
  vertex 21.4651 0.8513 2.0000
  vertex 21.4651 0.8513 1.9931
 endloop
endfacet
facet normal 0.831476 0.555561 -0.000000
 outer loop
  vertex 21.0278 1.3500 1.9931
  vertex 21.0278 1.3500 2.0000
  vertex 21.0690 1.2883 2.0000
 endloop
endfacet
facet normal 0.896872 0.442290 -0.000000
 outer loop
  vertex 21.0278 1.3500 1.9931
  vertex 20.9294 1.5494 2.0000
  vertex 21.0278 1.3500 2.0000
 endloop
endfacet
facet normal 0.946929 0.321444 0.000000
 outer loop
  vertex 20.9294 1.5494 2.0000
  vertex 20.8579 1.7600 1.9931
  vertex 20.8579 1.7600 2.0000
 endloop
endfacet
facet normal 0.980788 0.195079 -0.000000
 outer loop
  vertex 20.8579 1.7600 1.9931
  vertex 20.8434 1.8328 2.0000
  vertex 20.8579 1.7600 2.0000
 endloop
endfacet
facet normal 0.980787 0.195079 -0.000000
 outer loop
  vertex 20.8145 1.9781 1.9931
  vertex 20.8145 1.9781 2.0000
  vertex 20.8290 1.9053 2.0000
 endloop
endfacet
facet normal 0.751838 0.659347 0.000000
 outer loop
  vertex 21.2979 0.9979 2.0000
  vertex 21.1513 1.1651 1.9931
  vertex 21.1513 1.1651 2.0000
 endloop
endfacet
facet normal 0.831475 0.555562 -0.000000
 outer loop
  vertex 21.1513 1.1651 1.9931
  vertex 21.1101 1.2268 2.0000
  vertex 21.1513 1.1651 2.0000
 endloop
endfacet
facet normal 0.442289 0.896873 -0.000000
 outer loop
  vertex 21.6500 0.7278 1.9931
  vertex 21.6500 0.7278 2.0000
  vertex 21.8494 0.6294 2.0000
 endloop
endfacet
facet normal 0.321439 0.946930 0.000000
 outer loop
  vertex 21.8494 0.6294 2.0000
  vertex 22.0600 0.5579 2.0000
  vertex 22.0600 0.5579 1.9931
 endloop
endfacet
facet normal 0.195090 0.980785 -0.000000
 outer loop
  vertex 22.0600 0.5579 1.9931
  vertex 22.0600 0.5579 2.0000
  vertex 22.1328 0.5434 2.0000
 endloop
endfacet
facet normal 0.195095 0.980784 0.000000
 outer loop
  vertex 22.2053 0.5290 2.0000
  vertex 22.2781 0.5145 2.0000
  vertex 22.2781 0.5145 1.9931
 endloop
endfacet
facet normal 0.065403 0.997859 -0.000000
 outer loop
  vertex 22.2781 0.5145 1.9931
  vertex 22.2781 0.5145 2.0000
  vertex 22.5000 0.5000 2.0000
 endloop
endfacet
facet normal -0.065403 0.997859 0.000000
 outer loop
  vertex 22.5000 0.5000 2.0000
  vertex 22.7219 0.5145 2.0000
  vertex 22.7219 0.5145 1.9931
 endloop
endfacet
facet normal -0.195095 0.980784 0.000000
 outer loop
  vertex 22.7219 0.5145 1.9931
  vertex 22.7219 0.5145 2.0000
  vertex 22.7947 0.5290 2.0000
 endloop
endfacet
facet normal 0.997858 0.065411 -0.000000
 outer loop
  vertex 20.8145 1.9781 1.9931
  vertex 20.8000 2.2000 2.0000
  vertex 20.8145 1.9781 2.0000
 endloop
endfacet
facet normal 0.997858 -0.065411 0.000000
 outer loop
  vertex 20.8000 2.2000 2.0000
  vertex 20.8145 2.4219 1.9931
  vertex 20.8145 2.4219 2.0000
 endloop
endfacet
facet normal 0.980788 -0.195079 0.000000
 outer loop
  vertex 20.8145 2.4219 1.9931
  vertex 20.8290 2.4947 2.0000
  vertex 20.8145 2.4219 2.0000
 endloop
endfacet
facet normal 0.980788 -0.195079 0.000000
 outer loop
  vertex 20.8579 2.6400 1.9931
  vertex 20.8579 2.6400 2.0000
  vertex 20.8434 2.5672 2.0000
 endloop
endfacet
facet normal 0.946929 -0.321444 0.000000
 outer loop
  vertex 20.8579 2.6400 1.9931
  vertex 20.9294 2.8506 2.0000
  vertex 20.8579 2.6400 2.0000
 endloop
endfacet
facet normal 0.896872 -0.442290 0.000000
 outer loop
  vertex 20.9294 2.8506 2.0000
  vertex 21.0278 3.0500 1.9931
  vertex 21.0278 3.0500 2.0000
 endloop
endfacet
facet normal 0.831476 -0.555561 0.000000
 outer loop
  vertex 21.0278 3.0500 1.9931
  vertex 21.0690 3.1117 2.0000
  vertex 21.0278 3.0500 2.0000
 endloop
endfacet
facet normal 0.831476 -0.555561 0.000000
 outer loop
  vertex 21.1513 3.2349 1.9931
  vertex 21.1513 3.2349 2.0000
  vertex 21.1101 3.1732 2.0000
 endloop
endfacet
facet normal 0.751838 -0.659348 0.000000
 outer loop
  vertex 21.1513 3.2349 1.9931
  vertex 21.2979 3.4021 2.0000
  vertex 21.1513 3.2349 2.0000
 endloop
endfacet
facet normal 0.659346 -0.751839 0.000000
 outer loop
  vertex 21.2979 3.4021 2.0000
  vertex 21.4651 3.5487 1.9931
  vertex 21.4651 3.5487 2.0000
 endloop
endfacet
facet normal 0.555569 -0.831471 0.000000
 outer loop
  vertex 21.4651 3.5487 1.9931
  vertex 21.5268 3.5899 2.0000
  vertex 21.4651 3.5487 2.0000
 endloop
endfacet
facet normal 0.555569 -0.831471 0.000000
 outer loop
  vertex 21.6500 3.6722 1.9931
  vertex 21.6500 3.6722 2.0000
  vertex 21.5883 3.6310 2.0000
 endloop
endfacet
facet normal 0.442289 -0.896872 0.000000
 outer loop
  vertex 21.6500 3.6722 1.9931
  vertex 21.8494 3.7706 2.0000
  vertex 21.6500 3.6722 2.0000
 endloop
endfacet
facet normal 0.321439 -0.946930 0.000000
 outer loop
  vertex 21.8494 3.7706 2.0000
  vertex 22.0600 3.8421 1.9931
  vertex 22.0600 3.8421 2.0000
 endloop
endfacet
facet normal 0.195091 -0.980785 0.000000
 outer loop
  vertex 22.0600 3.8421 1.9931
  vertex 22.1328 3.8566 2.0000
  vertex 22.0600 3.8421 2.0000
 endloop
endfacet
facet normal 0.195096 -0.980784 0.000000
 outer loop
  vertex 22.2053 3.8710 2.0000
  vertex 22.2781 3.8855 1.9931
  vertex 22.2781 3.8855 2.0000
 endloop
endfacet
facet normal 0.065403 -0.997859 0.000000
 outer loop
  vertex 22.2781 3.8855 1.9931
  vertex 22.5000 3.9000 2.0000
  vertex 22.2781 3.8855 2.0000
 endloop
endfacet
facet normal -0.065403 -0.997859 0.000000
 outer loop
  vertex 22.5000 3.9000 2.0000
  vertex 22.7219 3.8855 1.9931
  vertex 22.7219 3.8855 2.0000
 endloop
endfacet
facet normal -0.195096 -0.980784 0.000000
 outer loop
  vertex 22.7219 3.8855 1.9931
  vertex 22.7947 3.8710 2.0000
  vertex 22.7219 3.8855 2.0000
 endloop
endfacet
facet normal -0.195090 0.980785 0.000000
 outer loop
  vertex 22.9400 0.5579 1.9931
  vertex 22.8672 0.5434 2.0000
  vertex 22.9400 0.5579 2.0000
 endloop
endfacet
facet normal -0.321439 0.946930 0.000000
 outer loop
  vertex 22.9400 0.5579 1.9931
  vertex 22.9400 0.5579 2.0000
  vertex 23.1506 0.6294 2.0000
 endloop
endfacet
facet normal -0.442289 0.896873 0.000000
 outer loop
  vertex 23.3500 0.7278 1.9931
  vertex 23.1506 0.6294 2.0000
  vertex 23.3500 0.7278 2.0000
 endloop
endfacet
facet normal -0.555569 0.831471 0.000000
 outer loop
  vertex 23.3500 0.7278 1.9931
  vertex 23.3500 0.7278 2.0000
  vertex 23.4117 0.7690 2.0000
 endloop
endfacet
facet normal -0.555569 0.831471 0.000000
 outer loop
  vertex 23.5349 0.8513 1.9931
  vertex 23.4732 0.8101 2.0000
  vertex 23.5349 0.8513 2.0000
 endloop
endfacet
facet normal -0.659347 0.751839 0.000000
 outer loop
  vertex 23.5349 0.8513 1.9931
  vertex 23.5349 0.8513 2.0000
  vertex 23.7021 0.9979 2.0000
 endloop
endfacet
facet normal -0.751838 0.659347 0.000000
 outer loop
  vertex 23.7021 0.9979 2.0000
  vertex 23.8487 1.1651 2.0000
  vertex 23.8487 1.1651 1.9931
 endloop
endfacet
facet normal -0.831475 0.555562 0.000000
 outer loop
  vertex 23.8487 1.1651 1.9931
  vertex 23.8487 1.1651 2.0000
  vertex 23.8899 1.2268 2.0000
 endloop
endfacet
facet normal -0.831476 0.555561 0.000000
 outer loop
  vertex 23.9310 1.2883 2.0000
  vertex 23.9722 1.3500 2.0000
  vertex 23.9722 1.3500 1.9931
 endloop
endfacet
facet normal -0.896872 0.442290 0.000000
 outer loop
  vertex 23.9722 1.3500 1.9931
  vertex 23.9722 1.3500 2.0000
  vertex 24.0706 1.5494 2.0000
 endloop
endfacet
facet normal -0.946929 0.321444 0.000000
 outer loop
  vertex 24.0706 1.5494 2.0000
  vertex 24.1421 1.7600 2.0000
  vertex 24.1421 1.7600 1.9931
 endloop
endfacet
facet normal -0.980788 0.195079 0.000000
 outer loop
  vertex 24.1421 1.7600 1.9931
  vertex 24.1421 1.7600 2.0000
  vertex 24.1566 1.8328 2.0000
 endloop
endfacet
facet normal -0.980787 0.195079 0.000000
 outer loop
  vertex 24.1855 1.9781 1.9931
  vertex 24.1710 1.9053 2.0000
  vertex 24.1855 1.9781 2.0000
 endloop
endfacet
facet normal -0.195091 -0.980785 0.000000
 outer loop
  vertex 22.9400 3.8421 1.9931
  vertex 22.9400 3.8421 2.0000
  vertex 22.8672 3.8566 2.0000
 endloop
endfacet
facet normal -0.321439 -0.946930 0.000000
 outer loop
  vertex 22.9400 3.8421 1.9931
  vertex 23.1506 3.7706 2.0000
  vertex 22.9400 3.8421 2.0000
 endloop
endfacet
facet normal -0.442289 -0.896872 0.000000
 outer loop
  vertex 23.3500 3.6722 1.9931
  vertex 23.3500 3.6722 2.0000
  vertex 23.1506 3.7706 2.0000
 endloop
endfacet
facet normal -0.555569 -0.831471 0.000000
 outer loop
  vertex 23.3500 3.6722 1.9931
  vertex 23.4117 3.6310 2.0000
  vertex 23.3500 3.6722 2.0000
 endloop
endfacet
facet normal -0.659346 -0.751839 0.000000
 outer loop
  vertex 23.7021 3.4021 2.0000
  vertex 23.5349 3.5487 2.0000
  vertex 23.5349 3.5487 1.9931
 endloop
endfacet
facet normal -0.831476 -0.555561 0.000000
 outer loop
  vertex 23.8487 3.2349 1.9931
  vertex 23.8899 3.1732 2.0000
  vertex 23.8487 3.2349 2.0000
 endloop
endfacet
facet normal -0.751838 -0.659348 0.000000
 outer loop
  vertex 23.8487 3.2349 1.9931
  vertex 23.8487 3.2349 2.0000
  vertex 23.7021 3.4021 2.0000
 endloop
endfacet
facet normal -0.555569 -0.831471 0.000000
 outer loop
  vertex 23.5349 3.5487 1.9931
  vertex 23.5349 3.5487 2.0000
  vertex 23.4732 3.5899 2.0000
 endloop
endfacet
facet normal -0.997858 0.065411 0.000000
 outer loop
  vertex 24.1855 1.9781 1.9931
  vertex 24.1855 1.9781 2.0000
  vertex 24.2000 2.2000 2.0000
 endloop
endfacet
facet normal -0.997858 -0.065411 0.000000
 outer loop
  vertex 24.2000 2.2000 2.0000
  vertex 24.1855 2.4219 2.0000
  vertex 24.1855 2.4219 1.9931
 endloop
endfacet
facet normal -0.980788 -0.195079 0.000000
 outer loop
  vertex 24.1855 2.4219 1.9931
  vertex 24.1855 2.4219 2.0000
  vertex 24.1710 2.4947 2.0000
 endloop
endfacet
facet normal -0.980788 -0.195079 0.000000
 outer loop
  vertex 24.1421 2.6400 1.9931
  vertex 24.1566 2.5672 2.0000
  vertex 24.1421 2.6400 2.0000
 endloop
endfacet
facet normal -0.946929 -0.321444 0.000000
 outer loop
  vertex 24.1421 2.6400 1.9931
  vertex 24.1421 2.6400 2.0000
  vertex 24.0706 2.8506 2.0000
 endloop
endfacet
facet normal -0.896872 -0.442290 0.000000
 outer loop
  vertex 24.0706 2.8506 2.0000
  vertex 23.9722 3.0500 2.0000
  vertex 23.9722 3.0500 1.9931
 endloop
endfacet
facet normal -0.831476 -0.555561 0.000000
 outer loop
  vertex 23.9310 3.1117 2.0000
  vertex 23.9722 3.0500 1.9931
  vertex 23.9722 3.0500 2.0000
 endloop
endfacet
facet normal 0.000000 -0.000000 1.000000
 outer loop
  vertex 19.3588 0.8989 0.4000
  vertex 19.3588 3.5011 0.4000
  vertex 19.1653 1.5367 0.4000
 endloop
endfacet
facet normal -0.000000 0.000000 1.000000
 outer loop
  vertex 19.3588 0.8989 0.4000
  vertex 19.6730 0.3111 0.4000
  vertex 19.6730 4.0889 0.4000
 endloop
endfacet
facet normal -0.000000 0.000000 1.000000
 outer loop
  vertex 19.6730 0.3111 0.4000
  vertex 19.9283 0.0000 0.4000
  vertex 20.0958 4.6042 0.4000
 endloop
endfacet
facet normal 0.000000 -0.000000 1.000000
 outer loop
  vertex 19.1653 1.5367 0.4000
  vertex 19.1653 2.8633 0.4000
  vertex 19.1000 2.2000 0.4000
 endloop
endfacet
facet normal 0.000000 0.000000 1.000000
 outer loop
  vertex 19.1653 1.5367 0.4000
  vertex 19.3588 3.5011 0.4000
  vertex 19.1653 2.8633 0.4000
 endloop
endfacet
facet normal 0.000000 0.000000 1.000000
 outer loop
  vertex 19.3588 0.8989 0.4000
  vertex 19.6730 4.0889 0.4000
  vertex 19.3588 3.5011 0.4000
 endloop
endfacet
facet normal 0.000000 0.000000 1.000000
 outer loop
  vertex 19.9283 0.0000 0.4000
  vertex 20.8145 1.9781 0.4000
  vertex 20.6111 5.0270 0.4000
 endloop
endfacet
facet normal 0.000000 0.000000 1.000000
 outer loop
  vertex 19.6730 0.3111 0.4000
  vertex 20.0958 4.6042 0.4000
  vertex 19.6730 4.0889 0.4000
 endloop
endfacet
facet normal 0.000000 0.000000 1.000000
 outer loop
  vertex 19.9283 0.0000 0.4000
  vertex 20.6111 5.0270 0.4000
  vertex 20.0958 4.6042 0.4000
 endloop
endfacet
facet normal 0.000000 0.000000 1.000000
 outer loop
  vertex 19.9283 0.0000 0.4000
  vertex 21.2979 0.9979 0.4000
  vertex 21.1513 1.1651 0.4000
 endloop
endfacet
facet normal 0.000000 0.000000 1.000000
 outer loop
  vertex 19.9283 0.0000 0.4000
  vertex 21.0278 1.3500 0.4000
  vertex 20.9294 1.5494 0.4000
 endloop
endfacet
facet normal 0.000000 0.000000 1.000000
 outer loop
  vertex 19.9283 0.0000 0.4000
  vertex 21.1513 1.1651 0.4000
  vertex 21.0278 1.3500 0.4000
 endloop
endfacet
facet normal 0.000000 0.000000 1.000000
 outer loop
  vertex 19.9283 0.0000 0.4000
  vertex 21.4651 0.8513 0.4000
  vertex 21.2979 0.9979 0.4000
 endloop
endfacet
facet normal 0.000000 0.000000 1.000000
 outer loop
  vertex 19.9283 0.0000 0.4000
  vertex 21.6500 0.7278 0.4000
  vertex 21.4651 0.8513 0.4000
 endloop
endfacet
facet normal 0.000000 0.000000 1.000000
 outer loop
  vertex 19.9283 0.0000 0.4000
  vertex 21.8494 0.6294 0.4000
  vertex 21.6500 0.7278 0.4000
 endloop
endfacet
facet normal 0.000000 0.000000 1.000000
 outer loop
  vertex 19.9283 0.0000 0.4000
  vertex 22.0600 0.5579 0.4000
  vertex 21.8494 0.6294 0.4000
 endloop
endfacet
facet normal 0.000000 0.000000 1.000000
 outer loop
  vertex 19.9283 0.0000 0.4000
  vertex 22.2781 0.5145 0.4000
  vertex 22.0600 0.5579 0.4000
 endloop
endfacet
facet normal 0.000000 0.000000 1.000000
 outer loop
  vertex 19.9283 0.0000 0.4000
  vertex 22.5000 0.5000 0.4000
  vertex 22.2781 0.5145 0.4000
 endloop
endfacet
facet normal 0.000000 0.000000 1.000000
 outer loop
  vertex 19.9283 0.0000 0.4000
  vertex 20.9294 1.5494 0.4000
  vertex 20.8579 1.7600 0.4000
 endloop
endfacet
facet normal 0.000000 0.000000 1.000000
 outer loop
  vertex 19.9283 0.0000 0.4000
  vertex 20.8579 1.7600 0.4000
  vertex 20.8145 1.9781 0.4000
 endloop
endfacet
facet normal 0.000000 0.000000 1.000000
 outer loop
  vertex 19.9283 0.0000 0.4000
  vertex 22.7219 0.5145 0.4000
  vertex 22.5000 0.5000 0.4000
 endloop
endfacet
facet normal 0.000000 0.000000 1.000000
 outer loop
  vertex 19.9283 0.0000 0.4000
  vertex 25.0717 0.0000 0.4000
  vertex 22.7219 0.5145 0.4000
 endloop
endfacet
facet normal 0.000000 0.000000 1.000000
 outer loop
  vertex 20.8145 1.9781 0.4000
  vertex 20.8000 2.2000 0.4000
  vertex 20.6111 5.0270 0.4000
 endloop
endfacet
facet normal 0.000000 -0.000000 1.000000
 outer loop
  vertex 20.8000 2.2000 0.4000
  vertex 20.8145 2.4219 0.4000
  vertex 20.6111 5.0270 0.4000
 endloop
endfacet
facet normal 0.000000 -0.000000 1.000000
 outer loop
  vertex 20.8145 2.4219 0.4000
  vertex 20.8579 2.6400 0.4000
  vertex 20.6111 5.0270 0.4000
 endloop
endfacet
facet normal 0.000000 -0.000000 1.000000
 outer loop
  vertex 20.8579 2.6400 0.4000
  vertex 20.9294 2.8506 0.4000
  vertex 20.6111 5.0270 0.4000
 endloop
endfacet
facet normal 0.000000 0.000000 1.000000
 outer loop
  vertex 20.9294 2.8506 0.4000
  vertex 21.0278 3.0500 0.4000
  vertex 21.1989 5.3412 0.4000
 endloop
endfacet
facet normal 0.000000 0.000000 1.000000
 outer loop
  vertex 21.0278 3.0500 0.4000
  vertex 21.1513 3.2349 0.4000
  vertex 21.1989 5.3412 0.4000
 endloop
endfacet
facet normal 0.000000 0.000000 1.000000
 outer loop
  vertex 21.1513 3.2349 0.4000
  vertex 21.2979 3.4021 0.4000
  vertex 21.1989 5.3412 0.4000
 endloop
endfacet
facet normal 0.000000 -0.000000 1.000000
 outer loop
  vertex 20.9294 2.8506 0.4000
  vertex 21.1989 5.3412 0.4000
  vertex 20.6111 5.0270 0.4000
 endloop
endfacet
facet normal 0.000000 -0.000000 1.000000
 outer loop
  vertex 21.2979 3.4021 0.4000
  vertex 21.4651 3.5487 0.4000
  vertex 21.1989 5.3412 0.4000
 endloop
endfacet
facet normal 0.000000 -0.000000 1.000000
 outer loop
  vertex 21.4651 3.5487 0.4000
  vertex 21.6500 3.6722 0.4000
  vertex 21.1989 5.3412 0.4000
 endloop
endfacet
facet normal 0.000000 -0.000000 1.000000
 outer loop
  vertex 21.6500 3.6722 0.4000
  vertex 21.8367 5.5347 0.4000
  vertex 21.1989 5.3412 0.4000
 endloop
endfacet
facet normal 0.000000 0.000000 1.000000
 outer loop
  vertex 21.6500 3.6722 0.4000
  vertex 21.8494 3.7706 0.4000
  vertex 21.8367 5.5347 0.4000
 endloop
endfacet
facet normal 0.000000 -0.000000 1.000000
 outer loop
  vertex 21.8494 3.7706 0.4000
  vertex 22.0600 3.8421 0.4000
  vertex 21.8367 5.5347 0.4000
 endloop
endfacet
facet normal 0.000000 -0.000000 1.000000
 outer loop
  vertex 22.0600 3.8421 0.4000
  vertex 22.2781 3.8855 0.4000
  vertex 21.8367 5.5347 0.4000
 endloop
endfacet
facet normal 0.000000 0.000000 1.000000
 outer loop
  vertex 22.2781 3.8855 0.4000
  vertex 22.5000 3.9000 0.4000
  vertex 22.5000 5.6000 0.4000
 endloop
endfacet
facet normal -0.000000 0.000000 1.000000
 outer loop
  vertex 22.5000 3.9000 0.4000
  vertex 22.7219 3.8855 0.4000
  vertex 22.5000 5.6000 0.4000
 endloop
endfacet
facet normal 0.000000 -0.000000 1.000000
 outer loop
  vertex 22.2781 3.8855 0.4000
  vertex 22.5000 5.6000 0.4000
  vertex 21.8367 5.5347 0.4000
 endloop
endfacet
facet normal 0.000000 -0.000000 1.000000
 outer loop
  vertex 22.7219 3.8855 0.4000
  vertex 23.1633 5.5347 0.4000
  vertex 22.5000 5.6000 0.4000
 endloop
endfacet
facet normal -0.000000 0.000000 1.000000
 outer loop
  vertex 22.7219 0.5145 0.4000
  vertex 25.0717 0.0000 0.4000
  vertex 22.9400 0.5579 0.4000
 endloop
endfacet
facet normal -0.000000 0.000000 1.000000
 outer loop
  vertex 22.9400 0.5579 0.4000
  vertex 25.0717 0.0000 0.4000
  vertex 23.1506 0.6294 0.4000
 endloop
endfacet
facet normal -0.000000 0.000000 1.000000
 outer loop
  vertex 23.1506 0.6294 0.4000
  vertex 25.0717 0.0000 0.4000
  vertex 23.3500 0.7278 0.4000
 endloop
endfacet
facet normal -0.000000 0.000000 1.000000
 outer loop
  vertex 23.3500 0.7278 0.4000
  vertex 25.0717 0.0000 0.4000
  vertex 23.5349 0.8513 0.4000
 endloop
endfacet
facet normal -0.000000 0.000000 1.000000
 outer loop
  vertex 23.5349 0.8513 0.4000
  vertex 25.0717 0.0000 0.4000
  vertex 23.7021 0.9979 0.4000
 endloop
endfacet
facet normal -0.000000 0.000000 1.000000
 outer loop
  vertex 23.7021 0.9979 0.4000
  vertex 25.0717 0.0000 0.4000
  vertex 23.8487 1.1651 0.4000
 endloop
endfacet
facet normal -0.000000 0.000000 1.000000
 outer loop
  vertex 23.8487 1.1651 0.4000
  vertex 25.0717 0.0000 0.4000
  vertex 23.9722 1.3500 0.4000
 endloop
endfacet
facet normal 0.000000 0.000000 1.000000
 outer loop
  vertex 25.0717 0.0000 0.4000
  vertex 24.0706 1.5494 0.4000
  vertex 23.9722 1.3500 0.4000
 endloop
endfacet
facet normal 0.000000 0.000000 1.000000
 outer loop
  vertex 25.0717 0.0000 0.4000
  vertex 24.1421 1.7600 0.4000
  vertex 24.0706 1.5494 0.4000
 endloop
endfacet
facet normal 0.000000 0.000000 1.000000
 outer loop
  vertex 25.0717 0.0000 0.4000
  vertex 24.1855 1.9781 0.4000
  vertex 24.1421 1.7600 0.4000
 endloop
endfacet
facet normal 0.000000 0.000000 1.000000
 outer loop
  vertex 25.0717 0.0000 0.4000
  vertex 24.2000 2.2000 0.4000
  vertex 24.1855 1.9781 0.4000
 endloop
endfacet
facet normal 0.000000 0.000000 1.000000
 outer loop
  vertex 25.0717 0.0000 0.4000
  vertex 24.1855 2.4219 0.4000
  vertex 24.2000 2.2000 0.4000
 endloop
endfacet
facet normal 0.000000 0.000000 1.000000
 outer loop
  vertex 25.0717 0.0000 0.4000
  vertex 24.3889 5.0270 0.4000
  vertex 24.1855 2.4219 0.4000
 endloop
endfacet
facet normal 0.000000 -0.000000 1.000000
 outer loop
  vertex 24.1855 2.4219 0.4000
  vertex 24.3889 5.0270 0.4000
  vertex 24.1421 2.6400 0.4000
 endloop
endfacet
facet normal 0.000000 -0.000000 1.000000
 outer loop
  vertex 24.1421 2.6400 0.4000
  vertex 24.3889 5.0270 0.4000
  vertex 24.0706 2.8506 0.4000
 endloop
endfacet
facet normal 0.000000 -0.000000 1.000000
 outer loop
  vertex 24.0706 2.8506 0.4000
  vertex 24.3889 5.0270 0.4000
  vertex 23.9722 3.0500 0.4000
 endloop
endfacet
facet normal -0.000000 0.000000 1.000000
 outer loop
  vertex 23.8487 3.2349 0.4000
  vertex 23.9722 3.0500 0.4000
  vertex 24.3889 5.0270 0.4000
 endloop
endfacet
facet normal 0.000000 -0.000000 1.000000
 outer loop
  vertex 23.8487 3.2349 0.4000
  vertex 24.3889 5.0270 0.4000
  vertex 23.7021 3.4021 0.4000
 endloop
endfacet
facet normal 0.000000 0.000000 1.000000
 outer loop
  vertex 25.0717 0.0000 0.4000
  vertex 24.9042 4.6042 0.4000
  vertex 24.3889 5.0270 0.4000
 endloop
endfacet
facet normal 0.000000 0.000000 1.000000
 outer loop
  vertex 25.0717 0.0000 0.4000
  vertex 25.3270 0.3111 0.4000
  vertex 25.3270 4.0889 0.4000
 endloop
endfacet
facet normal 0.000000 0.000000 1.000000
 outer loop
  vertex 25.3270 0.3111 0.4000
  vertex 25.6412 0.8989 0.4000
  vertex 25.6412 3.5011 0.4000
 endloop
endfacet
facet normal 0.000000 0.000000 1.000000
 outer loop
  vertex 25.6412 0.8989 0.4000
  vertex 25.8347 1.5367 0.4000
  vertex 25.8347 2.8633 0.4000
 endloop
endfacet
facet normal 0.000000 -0.000000 1.000000
 outer loop
  vertex 25.0717 0.0000 0.4000
  vertex 25.3270 4.0889 0.4000
  vertex 24.9042 4.6042 0.4000
 endloop
endfacet
facet normal 0.000000 0.000000 1.000000
 outer loop
  vertex 25.3270 0.3111 0.4000
  vertex 25.6412 3.5011 0.4000
  vertex 25.3270 4.0889 0.4000
 endloop
endfacet
facet normal 0.000000 0.000000 1.000000
 outer loop
  vertex 25.8347 1.5367 0.4000
  vertex 25.9000 2.2000 0.4000
  vertex 25.8347 2.8633 0.4000
 endloop
endfacet
facet normal 0.000000 0.000000 1.000000
 outer loop
  vertex 25.6412 0.8989 0.4000
  vertex 25.8347 2.8633 0.4000
  vertex 25.6412 3.5011 0.4000
 endloop
endfacet
facet normal -0.000000 0.000000 1.000000
 outer loop
  vertex 22.7219 3.8855 0.4000
  vertex 22.9400 3.8421 0.4000
  vertex 23.1633 5.5347 0.4000
 endloop
endfacet
facet normal -0.000000 0.000000 1.000000
 outer loop
  vertex 22.9400 3.8421 0.4000
  vertex 23.1506 3.7706 0.4000
  vertex 23.1633 5.5347 0.4000
 endloop
endfacet
facet normal 0.000000 0.000000 1.000000
 outer loop
  vertex 23.1506 3.7706 0.4000
  vertex 23.8011 5.3412 0.4000
  vertex 23.1633 5.5347 0.4000
 endloop
endfacet
facet normal -0.000000 0.000000 1.000000
 outer loop
  vertex 23.3500 3.6722 0.4000
  vertex 23.5349 3.5487 0.4000
  vertex 23.8011 5.3412 0.4000
 endloop
endfacet
facet normal 0.000000 -0.000000 1.000000
 outer loop
  vertex 23.3500 3.6722 0.4000
  vertex 23.8011 5.3412 0.4000
  vertex 23.1506 3.7706 0.4000
 endloop
endfacet
facet normal 0.000000 -0.000000 1.000000
 outer loop
  vertex 23.7021 3.4021 0.4000
  vertex 23.8011 5.3412 0.4000
  vertex 23.5349 3.5487 0.4000
 endloop
endfacet
facet normal 0.000000 0.000000 1.000000
 outer loop
  vertex 23.7021 3.4021 0.4000
  vertex 24.3889 5.0270 0.4000
  vertex 23.8011 5.3412 0.4000
 endloop
endfacet
facet normal 0.531149 0.435903 -0.726546
 outer loop
  vertex 19.6730 0.3111 0.4000
  vertex 21.0865 1.2555 2.0000
  vertex 19.9283 0.0000 0.4000
 endloop
endfacet
facet normal 0.605983 0.323905 -0.726547
 outer loop
  vertex 19.3588 0.8989 0.4000
  vertex 20.9294 1.5494 2.0000
  vertex 19.6730 0.3111 0.4000
 endloop
endfacet
facet normal 0.531151 0.435900 -0.726546
 outer loop
  vertex 19.9283 0.0000 0.4000
  vertex 21.0865 1.2555 2.0000
  vertex 20.3000 0.0000 0.6717
 endloop
endfacet
facet normal 0.657530 0.199460 -0.726546
 outer loop
  vertex 19.3588 0.8989 0.4000
  vertex 19.1653 1.5367 0.4000
  vertex 20.8327 1.8683 2.0000
 endloop
endfacet
facet normal 0.683809 0.067350 -0.726546
 outer loop
  vertex 19.1653 1.5367 0.4000
  vertex 19.1000 2.2000 0.4000
  vertex 20.8000 2.2000 2.0000
 endloop
endfacet
facet normal 0.683809 -0.067350 -0.726546
 outer loop
  vertex 19.1000 2.2000 0.4000
  vertex 19.1653 2.8633 0.4000
  vertex 20.8327 2.5317 2.0000
 endloop
endfacet
facet normal 0.657530 -0.199460 -0.726546
 outer loop
  vertex 19.1653 2.8633 0.4000
  vertex 19.3588 3.5011 0.4000
  vertex 20.9294 2.8506 2.0000
 endloop
endfacet
facet normal 0.605983 -0.323905 -0.726546
 outer loop
  vertex 19.3588 3.5011 0.4000
  vertex 19.6730 4.0889 0.4000
  vertex 21.0865 3.1445 2.0000
 endloop
endfacet
facet normal 0.435903 0.531149 -0.726547
 outer loop
  vertex 20.3000 0.0000 0.6717
  vertex 21.2979 0.9979 2.0000
  vertex 21.0300 0.0000 1.1097
 endloop
endfacet
facet normal 0.657529 0.199462 -0.726547
 outer loop
  vertex 19.3588 0.8989 0.4000
  vertex 20.8579 1.7600 1.9931
  vertex 20.9294 1.5494 2.0000
 endloop
endfacet
facet normal 0.657534 0.199452 -0.726545
 outer loop
  vertex 19.3588 0.8989 0.4000
  vertex 20.8434 1.8328 2.0000
  vertex 20.8579 1.7600 1.9931
 endloop
endfacet
facet normal 0.657524 0.199473 -0.726549
 outer loop
  vertex 19.3588 0.8989 0.4000
  vertex 20.8327 1.8683 2.0000
  vertex 20.8434 1.8328 2.0000
 endloop
endfacet
facet normal 0.683810 0.067341 -0.726546
 outer loop
  vertex 19.1653 1.5367 0.4000
  vertex 20.8145 1.9781 1.9931
  vertex 20.8290 1.9053 2.0000
 endloop
endfacet
facet normal 0.683810 0.067340 -0.726546
 outer loop
  vertex 19.1653 1.5367 0.4000
  vertex 20.8290 1.9053 2.0000
  vertex 20.8327 1.8683 2.0000
 endloop
endfacet
facet normal 0.683808 0.067355 -0.726547
 outer loop
  vertex 19.1653 1.5367 0.4000
  vertex 20.8000 2.2000 2.0000
  vertex 20.8145 1.9781 1.9931
 endloop
endfacet
facet normal 0.683809 -0.067354 -0.726546
 outer loop
  vertex 19.1000 2.2000 0.4000
  vertex 20.8145 2.4219 1.9931
  vertex 20.8000 2.2000 2.0000
 endloop
endfacet
facet normal 0.683808 -0.067341 -0.726548
 outer loop
  vertex 19.1000 2.2000 0.4000
  vertex 20.8290 2.4947 2.0000
  vertex 20.8145 2.4219 1.9931
 endloop
endfacet
facet normal 0.683808 -0.067337 -0.726548
 outer loop
  vertex 19.1000 2.2000 0.4000
  vertex 20.8327 2.5317 2.0000
  vertex 20.8290 2.4947 2.0000
 endloop
endfacet
facet normal 0.657527 -0.199471 -0.726546
 outer loop
  vertex 19.1653 2.8633 0.4000
  vertex 20.8434 2.5672 2.0000
  vertex 20.8327 2.5317 2.0000
 endloop
endfacet
facet normal 0.657532 -0.199452 -0.726547
 outer loop
  vertex 19.1653 2.8633 0.4000
  vertex 20.8579 2.6400 1.9931
  vertex 20.8434 2.5672 2.0000
 endloop
endfacet
facet normal 0.657530 -0.199463 -0.726546
 outer loop
  vertex 19.1653 2.8633 0.4000
  vertex 20.9294 2.8506 2.0000
  vertex 20.8579 2.6400 1.9931
 endloop
endfacet
facet normal 0.605983 -0.323906 -0.726546
 outer loop
  vertex 19.3588 3.5011 0.4000
  vertex 21.0278 3.0500 1.9931
  vertex 20.9294 2.8506 2.0000
 endloop
endfacet
facet normal 0.605986 -0.323898 -0.726547
 outer loop
  vertex 19.3588 3.5011 0.4000
  vertex 21.0690 3.1117 2.0000
  vertex 21.0278 3.0500 1.9931
 endloop
endfacet
facet normal 0.605980 -0.323914 -0.726545
 outer loop
  vertex 19.3588 3.5011 0.4000
  vertex 21.0865 3.1445 2.0000
  vertex 21.0690 3.1117 2.0000
 endloop
endfacet
facet normal 0.605987 0.323899 -0.726546
 outer loop
  vertex 19.6730 0.3111 0.4000
  vertex 21.0278 1.3500 1.9931
  vertex 21.0690 1.2883 2.0000
 endloop
endfacet
facet normal 0.605980 0.323911 -0.726547
 outer loop
  vertex 19.6730 0.3111 0.4000
  vertex 21.0690 1.2883 2.0000
  vertex 21.0865 1.2555 2.0000
 endloop
endfacet
facet normal 0.323905 0.605983 -0.726547
 outer loop
  vertex 21.0300 0.0000 1.1097
  vertex 21.5555 0.7865 2.0000
  vertex 21.5887 0.0000 1.3588
 endloop
endfacet
facet normal 0.605983 0.323906 -0.726547
 outer loop
  vertex 19.6730 0.3111 0.4000
  vertex 20.9294 1.5494 2.0000
  vertex 21.0278 1.3500 1.9931
 endloop
endfacet
facet normal 0.531148 0.435904 -0.726547
 outer loop
  vertex 20.3000 0.0000 0.6717
  vertex 21.1513 1.1651 1.9931
  vertex 21.2979 0.9979 2.0000
 endloop
endfacet
facet normal 0.531154 0.435898 -0.726546
 outer loop
  vertex 20.3000 0.0000 0.6717
  vertex 21.1101 1.2268 2.0000
  vertex 21.1513 1.1651 1.9931
 endloop
endfacet
facet normal 0.531153 0.435900 -0.726545
 outer loop
  vertex 20.3000 0.0000 0.6717
  vertex 21.0865 1.2555 2.0000
  vertex 21.1101 1.2268 2.0000
 endloop
endfacet
facet normal 0.435903 0.531148 -0.726547
 outer loop
  vertex 21.0300 0.0000 1.1097
  vertex 21.2979 0.9979 2.0000
  vertex 21.4651 0.8513 1.9931
 endloop
endfacet
facet normal 0.435901 0.531150 -0.726547
 outer loop
  vertex 21.0300 0.0000 1.1097
  vertex 21.4651 0.8513 1.9931
  vertex 21.5268 0.8101 2.0000
 endloop
endfacet
facet normal 0.435901 0.531149 -0.726547
 outer loop
  vertex 21.0300 0.0000 1.1097
  vertex 21.5268 0.8101 2.0000
  vertex 21.5555 0.7865 2.0000
 endloop
endfacet
facet normal 0.199459 0.657530 -0.726547
 outer loop
  vertex 21.5887 0.0000 1.3588
  vertex 21.8494 0.6294 2.0000
  vertex 22.0624 0.0000 1.4888
 endloop
endfacet
facet normal 0.067349 0.683809 -0.726547
 outer loop
  vertex 22.0624 0.0000 1.4888
  vertex 22.1683 0.5327 2.0000
  vertex 22.5000 0.0000 1.5294
 endloop
endfacet
facet normal -0.067349 0.683809 -0.726547
 outer loop
  vertex 22.5000 0.0000 1.5294
  vertex 22.5000 0.5000 2.0000
  vertex 22.9376 0.0000 1.4888
 endloop
endfacet
facet normal 0.531153 -0.435897 -0.726547
 outer loop
  vertex 19.6730 4.0889 0.4000
  vertex 21.1513 3.2349 1.9931
  vertex 21.1101 3.1732 2.0000
 endloop
endfacet
facet normal 0.531150 -0.435901 -0.726547
 outer loop
  vertex 19.6730 4.0889 0.4000
  vertex 21.1101 3.1732 2.0000
  vertex 21.0865 3.1445 2.0000
 endloop
endfacet
facet normal 0.531148 -0.435904 -0.726546
 outer loop
  vertex 19.6730 4.0889 0.4000
  vertex 21.2979 3.4021 2.0000
  vertex 21.1513 3.2349 1.9931
 endloop
endfacet
facet normal 0.435903 -0.531148 -0.726547
 outer loop
  vertex 20.0958 4.6042 0.4000
  vertex 21.4651 3.5487 1.9931
  vertex 21.2979 3.4021 2.0000
 endloop
endfacet
facet normal 0.435901 -0.531150 -0.726547
 outer loop
  vertex 20.0958 4.6042 0.4000
  vertex 21.5268 3.5899 2.0000
  vertex 21.4651 3.5487 1.9931
 endloop
endfacet
facet normal 0.435903 -0.531148 -0.726547
 outer loop
  vertex 20.0958 4.6042 0.4000
  vertex 21.5555 3.6135 2.0000
  vertex 21.5268 3.5899 2.0000
 endloop
endfacet
facet normal 0.531149 -0.435902 -0.726547
 outer loop
  vertex 19.6730 4.0889 0.4000
  vertex 20.0958 4.6042 0.4000
  vertex 21.2979 3.4021 2.0000
 endloop
endfacet
facet normal 0.435902 -0.531149 -0.726547
 outer loop
  vertex 20.0958 4.6042 0.4000
  vertex 20.6111 5.0270 0.4000
  vertex 21.5555 3.6135 2.0000
 endloop
endfacet
facet normal 0.323905 -0.605983 -0.726547
 outer loop
  vertex 20.6111 5.0270 0.4000
  vertex 21.1989 5.3412 0.4000
  vertex 21.8494 3.7706 2.0000
 endloop
endfacet
facet normal 0.199459 -0.657530 -0.726547
 outer loop
  vertex 21.1989 5.3412 0.4000
  vertex 21.8367 5.5347 0.4000
  vertex 22.1683 3.8673 2.0000
 endloop
endfacet
facet normal 0.067349 -0.683809 -0.726547
 outer loop
  vertex 21.8367 5.5347 0.4000
  vertex 22.5000 5.6000 0.4000
  vertex 22.5000 3.9000 2.0000
 endloop
endfacet
facet normal 0.323904 -0.605984 -0.726547
 outer loop
  vertex 20.6111 5.0270 0.4000
  vertex 21.6500 3.6722 1.9931
  vertex 21.5883 3.6310 2.0000
 endloop
endfacet
facet normal 0.323908 -0.605982 -0.726546
 outer loop
  vertex 20.6111 5.0270 0.4000
  vertex 21.5883 3.6310 2.0000
  vertex 21.5555 3.6135 2.0000
 endloop
endfacet
facet normal 0.323905 -0.605983 -0.726547
 outer loop
  vertex 20.6111 5.0270 0.4000
  vertex 21.8494 3.7706 2.0000
  vertex 21.6500 3.6722 1.9931
 endloop
endfacet
facet normal 0.199460 -0.657530 -0.726547
 outer loop
  vertex 21.1989 5.3412 0.4000
  vertex 22.0600 3.8421 1.9931
  vertex 21.8494 3.7706 2.0000
 endloop
endfacet
facet normal 0.199459 -0.657530 -0.726547
 outer loop
  vertex 21.1989 5.3412 0.4000
  vertex 22.1328 3.8566 2.0000
  vertex 22.0600 3.8421 1.9931
 endloop
endfacet
facet normal 0.199459 -0.657530 -0.726547
 outer loop
  vertex 21.1989 5.3412 0.4000
  vertex 22.1683 3.8673 2.0000
  vertex 22.1328 3.8566 2.0000
 endloop
endfacet
facet normal 0.067346 -0.683809 -0.726546
 outer loop
  vertex 21.8367 5.5347 0.4000
  vertex 22.2053 3.8710 2.0000
  vertex 22.1683 3.8673 2.0000
 endloop
endfacet
facet normal 0.067352 -0.683808 -0.726547
 outer loop
  vertex 21.8367 5.5347 0.4000
  vertex 22.2781 3.8855 1.9931
  vertex 22.2053 3.8710 2.0000
 endloop
endfacet
facet normal 0.067349 -0.683809 -0.726547
 outer loop
  vertex 21.8367 5.5347 0.4000
  vertex 22.5000 3.9000 2.0000
  vertex 22.2781 3.8855 1.9931
 endloop
endfacet
facet normal -0.067349 -0.683809 -0.726547
 outer loop
  vertex 22.5000 5.6000 0.4000
  vertex 22.7219 3.8855 1.9931
  vertex 22.5000 3.9000 2.0000
 endloop
endfacet
facet normal -0.067353 -0.683809 -0.726546
 outer loop
  vertex 22.5000 5.6000 0.4000
  vertex 22.7947 3.8710 2.0000
  vertex 22.7219 3.8855 1.9931
 endloop
endfacet
facet normal -0.067346 -0.683809 -0.726547
 outer loop
  vertex 22.5000 5.6000 0.4000
  vertex 22.8317 3.8673 2.0000
  vertex 22.7947 3.8710 2.0000
 endloop
endfacet
facet normal -0.531149 0.435903 -0.726546
 outer loop
  vertex 25.0717 0.0000 0.4000
  vertex 23.7021 0.9979 2.0000
  vertex 25.3270 0.3111 0.4000
 endloop
endfacet
facet normal -0.605983 0.323905 -0.726547
 outer loop
  vertex 25.3270 0.3111 0.4000
  vertex 23.9135 1.2555 2.0000
  vertex 25.6412 0.8989 0.4000
 endloop
endfacet
facet normal -0.531151 0.435900 -0.726547
 outer loop
  vertex 25.0717 0.0000 0.4000
  vertex 24.7000 0.0000 0.6717
  vertex 23.7021 0.9979 2.0000
 endloop
endfacet
facet normal -0.435903 0.531149 -0.726547
 outer loop
  vertex 24.7000 0.0000 0.6717
  vertex 23.9700 0.0000 1.1097
  vertex 23.4445 0.7865 2.0000
 endloop
endfacet
facet normal -0.605983 -0.323905 -0.726546
 outer loop
  vertex 25.6412 3.5011 0.4000
  vertex 24.0706 2.8506 2.0000
  vertex 25.3270 4.0889 0.4000
 endloop
endfacet
facet normal -0.531149 -0.435902 -0.726547
 outer loop
  vertex 24.9042 4.6042 0.4000
  vertex 25.3270 4.0889 0.4000
  vertex 23.9135 3.1445 2.0000
 endloop
endfacet
facet normal -0.657530 0.199460 -0.726546
 outer loop
  vertex 25.6412 0.8989 0.4000
  vertex 24.0706 1.5494 2.0000
  vertex 25.8347 1.5367 0.4000
 endloop
endfacet
facet normal -0.683809 0.067350 -0.726546
 outer loop
  vertex 25.8347 1.5367 0.4000
  vertex 24.1673 1.8683 2.0000
  vertex 25.9000 2.2000 0.4000
 endloop
endfacet
facet normal -0.683809 -0.067350 -0.726546
 outer loop
  vertex 25.9000 2.2000 0.4000
  vertex 24.2000 2.2000 2.0000
  vertex 25.8347 2.8633 0.4000
 endloop
endfacet
facet normal -0.657530 -0.199460 -0.726546
 outer loop
  vertex 25.8347 2.8633 0.4000
  vertex 24.1673 2.5317 2.0000
  vertex 25.6412 3.5011 0.4000
 endloop
endfacet
facet normal -0.323905 0.605983 -0.726547
 outer loop
  vertex 23.9700 0.0000 1.1097
  vertex 23.4113 0.0000 1.3588
  vertex 23.1506 0.6294 2.0000
 endloop
endfacet
facet normal -0.531148 0.435904 -0.726546
 outer loop
  vertex 25.3270 0.3111 0.4000
  vertex 23.7021 0.9979 2.0000
  vertex 23.8487 1.1651 1.9931
 endloop
endfacet
facet normal -0.531153 0.435897 -0.726547
 outer loop
  vertex 25.3270 0.3111 0.4000
  vertex 23.8487 1.1651 1.9931
  vertex 23.8899 1.2268 2.0000
 endloop
endfacet
facet normal -0.531152 0.435899 -0.726546
 outer loop
  vertex 25.3270 0.3111 0.4000
  vertex 23.8899 1.2268 2.0000
  vertex 23.9135 1.2555 2.0000
 endloop
endfacet
facet normal -0.605980 0.323915 -0.726545
 outer loop
  vertex 25.6412 0.8989 0.4000
  vertex 23.9135 1.2555 2.0000
  vertex 23.9310 1.2883 2.0000
 endloop
endfacet
facet normal -0.605986 0.323898 -0.726547
 outer loop
  vertex 25.6412 0.8989 0.4000
  vertex 23.9310 1.2883 2.0000
  vertex 23.9722 1.3500 1.9931
 endloop
endfacet
facet normal -0.605983 0.323906 -0.726546
 outer loop
  vertex 25.6412 0.8989 0.4000
  vertex 23.9722 1.3500 1.9931
  vertex 24.0706 1.5494 2.0000
 endloop
endfacet
facet normal -0.657530 0.199463 -0.726546
 outer loop
  vertex 25.8347 1.5367 0.4000
  vertex 24.0706 1.5494 2.0000
  vertex 24.1421 1.7600 1.9931
 endloop
endfacet
facet normal -0.657532 0.199452 -0.726547
 outer loop
  vertex 25.8347 1.5367 0.4000
  vertex 24.1421 1.7600 1.9931
  vertex 24.1566 1.8328 2.0000
 endloop
endfacet
facet normal -0.657528 0.199471 -0.726546
 outer loop
  vertex 25.8347 1.5367 0.4000
  vertex 24.1566 1.8328 2.0000
  vertex 24.1673 1.8683 2.0000
 endloop
endfacet
facet normal -0.683808 0.067337 -0.726548
 outer loop
  vertex 25.9000 2.2000 0.4000
  vertex 24.1673 1.8683 2.0000
  vertex 24.1710 1.9053 2.0000
 endloop
endfacet
facet normal -0.199459 0.657530 -0.726547
 outer loop
  vertex 23.4113 0.0000 1.3588
  vertex 22.9376 0.0000 1.4888
  vertex 22.8317 0.5327 2.0000
 endloop
endfacet
facet normal -0.435902 0.531149 -0.726546
 outer loop
  vertex 24.7000 0.0000 0.6717
  vertex 23.4445 0.7865 2.0000
  vertex 23.4732 0.8101 2.0000
 endloop
endfacet
facet normal -0.435901 0.531150 -0.726546
 outer loop
  vertex 24.7000 0.0000 0.6717
  vertex 23.4732 0.8101 2.0000
  vertex 23.5349 0.8513 1.9931
 endloop
endfacet
facet normal -0.323905 0.605983 -0.726547
 outer loop
  vertex 23.9700 0.0000 1.1097
  vertex 23.1506 0.6294 2.0000
  vertex 23.3500 0.7278 1.9931
 endloop
endfacet
facet normal -0.323904 0.605983 -0.726547
 outer loop
  vertex 23.9700 0.0000 1.1097
  vertex 23.3500 0.7278 1.9931
  vertex 23.4117 0.7690 2.0000
 endloop
endfacet
facet normal -0.323909 0.605981 -0.726547
 outer loop
  vertex 23.9700 0.0000 1.1097
  vertex 23.4117 0.7690 2.0000
  vertex 23.4445 0.7865 2.0000
 endloop
endfacet
facet normal -0.435903 0.531148 -0.726547
 outer loop
  vertex 24.7000 0.0000 0.6717
  vertex 23.5349 0.8513 1.9931
  vertex 23.7021 0.9979 2.0000
 endloop
endfacet
facet normal -0.435903 -0.531148 -0.726546
 outer loop
  vertex 24.3889 5.0270 0.4000
  vertex 23.7021 3.4021 2.0000
  vertex 23.5349 3.5487 1.9931
 endloop
endfacet
facet normal -0.683808 0.067341 -0.726548
 outer loop
  vertex 25.9000 2.2000 0.4000
  vertex 24.1710 1.9053 2.0000
  vertex 24.1855 1.9781 1.9931
 endloop
endfacet
facet normal -0.683809 0.067354 -0.726546
 outer loop
  vertex 25.9000 2.2000 0.4000
  vertex 24.1855 1.9781 1.9931
  vertex 24.2000 2.2000 2.0000
 endloop
endfacet
facet normal -0.683808 -0.067355 -0.726547
 outer loop
  vertex 25.8347 2.8633 0.4000
  vertex 24.2000 2.2000 2.0000
  vertex 24.1855 2.4219 1.9931
 endloop
endfacet
facet normal -0.683810 -0.067341 -0.726546
 outer loop
  vertex 25.8347 2.8633 0.4000
  vertex 24.1855 2.4219 1.9931
  vertex 24.1710 2.4947 2.0000
 endloop
endfacet
facet normal -0.683811 -0.067340 -0.726545
 outer loop
  vertex 25.8347 2.8633 0.4000
  vertex 24.1710 2.4947 2.0000
  vertex 24.1673 2.5317 2.0000
 endloop
endfacet
facet normal -0.657525 -0.199473 -0.726548
 outer loop
  vertex 25.6412 3.5011 0.4000
  vertex 24.1673 2.5317 2.0000
  vertex 24.1566 2.5672 2.0000
 endloop
endfacet
facet normal -0.657535 -0.199452 -0.726545
 outer loop
  vertex 25.6412 3.5011 0.4000
  vertex 24.1566 2.5672 2.0000
  vertex 24.1421 2.6400 1.9931
 endloop
endfacet
facet normal -0.657529 -0.199463 -0.726547
 outer loop
  vertex 25.6412 3.5011 0.4000
  vertex 24.1421 2.6400 1.9931
  vertex 24.0706 2.8506 2.0000
 endloop
endfacet
facet normal -0.605983 -0.323906 -0.726547
 outer loop
  vertex 25.3270 4.0889 0.4000
  vertex 24.0706 2.8506 2.0000
  vertex 23.9722 3.0500 1.9931
 endloop
endfacet
facet normal -0.605987 -0.323899 -0.726546
 outer loop
  vertex 25.3270 4.0889 0.4000
  vertex 23.9722 3.0500 1.9931
  vertex 23.9310 3.1117 2.0000
 endloop
endfacet
facet normal -0.605980 -0.323910 -0.726547
 outer loop
  vertex 25.3270 4.0889 0.4000
  vertex 23.9310 3.1117 2.0000
  vertex 23.9135 3.1445 2.0000
 endloop
endfacet
facet normal -0.531148 -0.435904 -0.726547
 outer loop
  vertex 24.9042 4.6042 0.4000
  vertex 23.8487 3.2349 1.9931
  vertex 23.7021 3.4021 2.0000
 endloop
endfacet
facet normal -0.531152 -0.435899 -0.726546
 outer loop
  vertex 24.9042 4.6042 0.4000
  vertex 23.9135 3.1445 2.0000
  vertex 23.8899 3.1732 2.0000
 endloop
endfacet
facet normal -0.531154 -0.435898 -0.726546
 outer loop
  vertex 24.9042 4.6042 0.4000
  vertex 23.8899 3.1732 2.0000
  vertex 23.8487 3.2349 1.9931
 endloop
endfacet
facet normal -0.199459 -0.657530 -0.726547
 outer loop
  vertex 23.1633 5.5347 0.4000
  vertex 23.8011 5.3412 0.4000
  vertex 23.1506 3.7706 2.0000
 endloop
endfacet
facet normal -0.323905 -0.605983 -0.726547
 outer loop
  vertex 23.8011 5.3412 0.4000
  vertex 24.3889 5.0270 0.4000
  vertex 23.4445 3.6135 2.0000
 endloop
endfacet
facet normal -0.067349 -0.683809 -0.726547
 outer loop
  vertex 22.5000 5.6000 0.4000
  vertex 23.1633 5.5347 0.4000
  vertex 22.8317 3.8673 2.0000
 endloop
endfacet
facet normal -0.435902 -0.531149 -0.726547
 outer loop
  vertex 24.9042 4.6042 0.4000
  vertex 23.7021 3.4021 2.0000
  vertex 24.3889 5.0270 0.4000
 endloop
endfacet
facet normal -0.199457 -0.657531 -0.726547
 outer loop
  vertex 23.1633 5.5347 0.4000
  vertex 22.8672 3.8566 2.0000
  vertex 22.8317 3.8673 2.0000
 endloop
endfacet
facet normal -0.199459 -0.657530 -0.726547
 outer loop
  vertex 23.1633 5.5347 0.4000
  vertex 22.9400 3.8421 1.9931
  vertex 22.8672 3.8566 2.0000
 endloop
endfacet
facet normal -0.199460 -0.657530 -0.726547
 outer loop
  vertex 23.1633 5.5347 0.4000
  vertex 23.1506 3.7706 2.0000
  vertex 22.9400 3.8421 1.9931
 endloop
endfacet
facet normal -0.323905 -0.605983 -0.726547
 outer loop
  vertex 23.8011 5.3412 0.4000
  vertex 23.4117 3.6310 2.0000
  vertex 23.3500 3.6722 1.9931
 endloop
endfacet
facet normal -0.323905 -0.605983 -0.726547
 outer loop
  vertex 23.8011 5.3412 0.4000
  vertex 23.4445 3.6135 2.0000
  vertex 23.4117 3.6310 2.0000
 endloop
endfacet
facet normal -0.323905 -0.605983 -0.726547
 outer loop
  vertex 23.8011 5.3412 0.4000
  vertex 23.3500 3.6722 1.9931
  vertex 23.1506 3.7706 2.0000
 endloop
endfacet
facet normal -0.435900 -0.531150 -0.726547
 outer loop
  vertex 24.3889 5.0270 0.4000
  vertex 23.5349 3.5487 1.9931
  vertex 23.4732 3.5899 2.0000
 endloop
endfacet
facet normal -0.435903 -0.531148 -0.726547
 outer loop
  vertex 24.3889 5.0270 0.4000
  vertex 23.4732 3.5899 2.0000
  vertex 23.4445 3.6135 2.0000
 endloop
endfacet
facet normal 0.323904 0.605984 -0.726547
 outer loop
  vertex 21.5887 0.0000 1.3588
  vertex 21.5883 0.7690 2.0000
  vertex 21.6500 0.7278 1.9931
 endloop
endfacet
facet normal 0.323910 0.605982 -0.726545
 outer loop
  vertex 21.5887 0.0000 1.3588
  vertex 21.5555 0.7865 2.0000
  vertex 21.5883 0.7690 2.0000
 endloop
endfacet
facet normal 0.323905 0.605983 -0.726547
 outer loop
  vertex 21.5887 0.0000 1.3588
  vertex 21.6500 0.7278 1.9931
  vertex 21.8494 0.6294 2.0000
 endloop
endfacet
facet normal 0.199459 0.657530 -0.726546
 outer loop
  vertex 22.0624 0.0000 1.4888
  vertex 22.0600 0.5579 1.9931
  vertex 22.1328 0.5434 2.0000
 endloop
endfacet
facet normal 0.199460 0.657530 -0.726546
 outer loop
  vertex 22.0624 0.0000 1.4888
  vertex 21.8494 0.6294 2.0000
  vertex 22.0600 0.5579 1.9931
 endloop
endfacet
facet normal 0.199458 0.657530 -0.726547
 outer loop
  vertex 22.0624 0.0000 1.4888
  vertex 22.1328 0.5434 2.0000
  vertex 22.1683 0.5327 2.0000
 endloop
endfacet
facet normal 0.067347 0.683808 -0.726547
 outer loop
  vertex 22.5000 0.0000 1.5294
  vertex 22.1683 0.5327 2.0000
  vertex 22.2053 0.5290 2.0000
 endloop
endfacet
facet normal 0.067351 0.683809 -0.726546
 outer loop
  vertex 22.5000 0.0000 1.5294
  vertex 22.2053 0.5290 2.0000
  vertex 22.2781 0.5145 1.9931
 endloop
endfacet
facet normal 0.067349 0.683809 -0.726547
 outer loop
  vertex 22.5000 0.0000 1.5294
  vertex 22.2781 0.5145 1.9931
  vertex 22.5000 0.5000 2.0000
 endloop
endfacet
facet normal -0.067349 0.683809 -0.726546
 outer loop
  vertex 22.9376 0.0000 1.4888
  vertex 22.5000 0.5000 2.0000
  vertex 22.7219 0.5145 1.9931
 endloop
endfacet
facet normal -0.199459 0.657531 -0.726546
 outer loop
  vertex 23.4113 0.0000 1.3588
  vertex 22.8672 0.5434 2.0000
  vertex 22.9400 0.5579 1.9931
 endloop
endfacet
facet normal -0.199458 0.657531 -0.726546
 outer loop
  vertex 23.4113 0.0000 1.3588
  vertex 22.8317 0.5327 2.0000
  vertex 22.8672 0.5434 2.0000
 endloop
endfacet
facet normal -0.199460 0.657530 -0.726547
 outer loop
  vertex 23.4113 0.0000 1.3588
  vertex 22.9400 0.5579 1.9931
  vertex 23.1506 0.6294 2.0000
 endloop
endfacet
facet normal -0.067351 0.683808 -0.726547
 outer loop
  vertex 22.9376 0.0000 1.4888
  vertex 22.7219 0.5145 1.9931
  vertex 22.7947 0.5290 2.0000
 endloop
endfacet
facet normal -0.067347 0.683809 -0.726546
 outer loop
  vertex 22.9376 0.0000 1.4888
  vertex 22.7947 0.5290 2.0000
  vertex 22.8317 0.5327 2.0000
 endloop
endfacet
facet normal 0.896875 0.442283 0.000000
 outer loop
  vertex 49.0278 1.3500 0.0000
  vertex 48.9294 1.5494 0.0000
  vertex 48.9294 1.5494 0.4000
 endloop
endfacet
facet normal 0.946929 0.321444 0.000000
 outer loop
  vertex 48.9294 1.5494 0.0000
  vertex 48.8579 1.7600 0.0000
  vertex 48.8579 1.7600 0.4000
 endloop
endfacet
facet normal 0.980787 0.195083 0.000000
 outer loop
  vertex 48.8579 1.7600 0.0000
  vertex 48.8145 1.9781 0.0000
  vertex 48.8145 1.9781 0.4000
 endloop
endfacet
facet normal 0.659347 0.751839 -0.000000
 outer loop
  vertex 49.2979 0.9979 0.0000
  vertex 49.2979 0.9979 0.4000
  vertex 49.4651 0.8513 0.0000
 endloop
endfacet
facet normal 0.555570 0.831470 -0.000000
 outer loop
  vertex 49.4651 0.8513 0.0000
  vertex 49.4651 0.8513 0.4000
  vertex 49.6500 0.7278 0.0000
 endloop
endfacet
facet normal 0.442292 0.896871 -0.000000
 outer loop
  vertex 49.6500 0.7278 0.0000
  vertex 49.6500 0.7278 0.4000
  vertex 49.8494 0.6294 0.0000
 endloop
endfacet
facet normal 0.321437 0.946931 -0.000000
 outer loop
  vertex 49.8494 0.6294 0.0000
  vertex 49.8494 0.6294 0.4000
  vertex 50.0600 0.5579 0.0000
 endloop
endfacet
facet normal 0.195091 0.980785 -0.000000
 outer loop
  vertex 50.0600 0.5579 0.0000
  vertex 50.0600 0.5579 0.4000
  vertex 50.2781 0.5145 0.0000
 endloop
endfacet
facet normal 0.751834 0.659352 0.000000
 outer loop
  vertex 49.2979 0.9979 0.0000
  vertex 49.1513 1.1651 0.0000
  vertex 49.1513 1.1651 0.4000
 endloop
endfacet
facet normal 0.831469 0.555571 -0.000000
 outer loop
  vertex 49.0278 1.3500 0.0000
  vertex 49.0278 1.3500 0.4000
  vertex 49.1513 1.1651 0.0000
 endloop
endfacet
facet normal 0.896875 0.442283 -0.000000
 outer loop
  vertex 49.0278 1.3500 0.0000
  vertex 48.9294 1.5494 0.4000
  vertex 49.0278 1.3500 0.4000
 endloop
endfacet
facet normal 0.946929 0.321444 -0.000000
 outer loop
  vertex 48.9294 1.5494 0.0000
  vertex 48.8579 1.7600 0.4000
  vertex 48.9294 1.5494 0.4000
 endloop
endfacet
facet normal 0.980787 0.195083 -0.000000
 outer loop
  vertex 48.8579 1.7600 0.0000
  vertex 48.8145 1.9781 0.4000
  vertex 48.8579 1.7600 0.4000
 endloop
endfacet
facet normal 0.659347 0.751839 -0.000000
 outer loop
  vertex 49.4651 0.8513 0.0000
  vertex 49.2979 0.9979 0.4000
  vertex 49.4651 0.8513 0.4000
 endloop
endfacet
facet normal 0.555570 0.831470 -0.000000
 outer loop
  vertex 49.6500 0.7278 0.0000
  vertex 49.4651 0.8513 0.4000
  vertex 49.6500 0.7278 0.4000
 endloop
endfacet
facet normal 0.442292 0.896871 -0.000000
 outer loop
  vertex 49.8494 0.6294 0.0000
  vertex 49.6500 0.7278 0.4000
  vertex 49.8494 0.6294 0.4000
 endloop
endfacet
facet normal 0.321437 0.946931 -0.000000
 outer loop
  vertex 50.0600 0.5579 0.0000
  vertex 49.8494 0.6294 0.4000
  vertex 50.0600 0.5579 0.4000
 endloop
endfacet
facet normal 0.831469 0.555571 -0.000000
 outer loop
  vertex 49.1513 1.1651 0.0000
  vertex 49.0278 1.3500 0.4000
  vertex 49.1513 1.1651 0.4000
 endloop
endfacet
facet normal 0.751834 0.659352 -0.000000
 outer loop
  vertex 49.2979 0.9979 0.0000
  vertex 49.1513 1.1651 0.4000
  vertex 49.2979 0.9979 0.4000
 endloop
endfacet
facet normal 0.997858 0.065411 0.000000
 outer loop
  vertex 48.8145 1.9781 0.0000
  vertex 48.8000 2.2000 0.0000
  vertex 48.8000 2.2000 0.4000
 endloop
endfacet
facet normal 0.997858 -0.065411 0.000000
 outer loop
  vertex 48.8000 2.2000 0.0000
  vertex 48.8145 2.4219 0.0000
  vertex 48.8145 2.4219 0.4000
 endloop
endfacet
facet normal 0.980787 -0.195083 0.000000
 outer loop
  vertex 48.8145 2.4219 0.0000
  vertex 48.8579 2.6400 0.0000
  vertex 48.8579 2.6400 0.4000
 endloop
endfacet
facet normal 0.946929 -0.321444 0.000000
 outer loop
  vertex 48.8579 2.6400 0.0000
  vertex 48.9294 2.8506 0.0000
  vertex 48.9294 2.8506 0.4000
 endloop
endfacet
facet normal 0.896875 -0.442283 0.000000
 outer loop
  vertex 48.9294 2.8506 0.0000
  vertex 49.0278 3.0500 0.0000
  vertex 49.0278 3.0500 0.4000
 endloop
endfacet
facet normal 0.831469 -0.555571 0.000000
 outer loop
  vertex 49.0278 3.0500 0.0000
  vertex 49.1513 3.2349 0.0000
  vertex 49.1513 3.2349 0.4000
 endloop
endfacet
facet normal 0.751834 -0.659353 0.000000
 outer loop
  vertex 49.1513 3.2349 0.0000
  vertex 49.2979 3.4021 0.0000
  vertex 49.2979 3.4021 0.4000
 endloop
endfacet
facet normal 0.659346 -0.751839 0.000000
 outer loop
  vertex 49.2979 3.4021 0.0000
  vertex 49.4651 3.5487 0.0000
  vertex 49.4651 3.5487 0.4000
 endloop
endfacet
facet normal 0.555570 -0.831470 0.000000
 outer loop
  vertex 49.4651 3.5487 0.0000
  vertex 49.6500 3.6722 0.0000
  vertex 49.6500 3.6722 0.4000
 endloop
endfacet
facet normal 0.442293 -0.896871 0.000000
 outer loop
  vertex 49.6500 3.6722 0.0000
  vertex 49.8494 3.7706 0.0000
  vertex 49.8494 3.7706 0.4000
 endloop
endfacet
facet normal 0.321437 -0.946931 0.000000
 outer loop
  vertex 49.8494 3.7706 0.0000
  vertex 50.0600 3.8421 0.0000
  vertex 50.0600 3.8421 0.4000
 endloop
endfacet
facet normal 0.997858 0.065411 -0.000000
 outer loop
  vertex 48.8145 1.9781 0.0000
  vertex 48.8000 2.2000 0.4000
  vertex 48.8145 1.9781 0.4000
 endloop
endfacet
facet normal 0.997858 -0.065411 0.000000
 outer loop
  vertex 48.8000 2.2000 0.0000
  vertex 48.8145 2.4219 0.4000
  vertex 48.8000 2.2000 0.4000
 endloop
endfacet
facet normal 0.980787 -0.195083 0.000000
 outer loop
  vertex 48.8145 2.4219 0.0000
  vertex 48.8579 2.6400 0.4000
  vertex 48.8145 2.4219 0.4000
 endloop
endfacet
facet normal 0.946929 -0.321444 0.000000
 outer loop
  vertex 48.8579 2.6400 0.0000
  vertex 48.9294 2.8506 0.4000
  vertex 48.8579 2.6400 0.4000
 endloop
endfacet
facet normal 0.896875 -0.442283 0.000000
 outer loop
  vertex 48.9294 2.8506 0.0000
  vertex 49.0278 3.0500 0.4000
  vertex 48.9294 2.8506 0.4000
 endloop
endfacet
facet normal 0.831469 -0.555571 0.000000
 outer loop
  vertex 49.0278 3.0500 0.0000
  vertex 49.1513 3.2349 0.4000
  vertex 49.0278 3.0500 0.4000
 endloop
endfacet
facet normal 0.751834 -0.659353 0.000000
 outer loop
  vertex 49.1513 3.2349 0.0000
  vertex 49.2979 3.4021 0.4000
  vertex 49.1513 3.2349 0.4000
 endloop
endfacet
facet normal 0.659346 -0.751839 0.000000
 outer loop
  vertex 49.2979 3.4021 0.0000
  vertex 49.4651 3.5487 0.4000
  vertex 49.2979 3.4021 0.4000
 endloop
endfacet
facet normal 0.555570 -0.831470 0.000000
 outer loop
  vertex 49.4651 3.5487 0.0000
  vertex 49.6500 3.6722 0.4000
  vertex 49.4651 3.5487 0.4000
 endloop
endfacet
facet normal 0.442293 -0.896871 0.000000
 outer loop
  vertex 49.6500 3.6722 0.0000
  vertex 49.8494 3.7706 0.4000
  vertex 49.6500 3.6722 0.4000
 endloop
endfacet
facet normal 0.321437 -0.946931 0.000000
 outer loop
  vertex 49.8494 3.7706 0.0000
  vertex 50.0600 3.8421 0.4000
  vertex 49.8494 3.7706 0.4000
 endloop
endfacet
facet normal 0.195091 -0.980785 0.000000
 outer loop
  vertex 50.0600 3.8421 0.0000
  vertex 50.2781 3.8855 0.4000
  vertex 50.0600 3.8421 0.4000
 endloop
endfacet
facet normal 0.065403 0.997859 -0.000000
 outer loop
  vertex 50.2781 0.5145 0.0000
  vertex 50.2781 0.5145 0.4000
  vertex 50.5000 0.5000 0.0000
 endloop
endfacet
facet normal -0.065403 0.997859 0.000000
 outer loop
  vertex 50.5000 0.5000 0.0000
  vertex 50.5000 0.5000 0.4000
  vertex 50.7219 0.5145 0.0000
 endloop
endfacet
facet normal -0.195091 0.980785 0.000000
 outer loop
  vertex 50.7219 0.5145 0.0000
  vertex 50.7219 0.5145 0.4000
  vertex 50.9400 0.5579 0.0000
 endloop
endfacet
facet normal -0.321437 0.946931 0.000000
 outer loop
  vertex 50.9400 0.5579 0.0000
  vertex 50.9400 0.5579 0.4000
  vertex 51.1506 0.6294 0.0000
 endloop
endfacet
facet normal -0.442292 0.896871 0.000000
 outer loop
  vertex 51.1506 0.6294 0.0000
  vertex 51.1506 0.6294 0.4000
  vertex 51.3500 0.7278 0.0000
 endloop
endfacet
facet normal -0.555570 0.831470 0.000000
 outer loop
  vertex 51.3500 0.7278 0.0000
  vertex 51.3500 0.7278 0.4000
  vertex 51.5349 0.8513 0.0000
 endloop
endfacet
facet normal -0.659347 0.751839 0.000000
 outer loop
  vertex 51.5349 0.8513 0.0000
  vertex 51.5349 0.8513 0.4000
  vertex 51.7021 0.9979 0.0000
 endloop
endfacet
facet normal -0.751834 0.659352 0.000000
 outer loop
  vertex 51.7021 0.9979 0.0000
  vertex 51.7021 0.9979 0.4000
  vertex 51.8487 1.1651 0.0000
 endloop
endfacet
facet normal -0.831469 0.555571 0.000000
 outer loop
  vertex 51.8487 1.1651 0.0000
  vertex 51.8487 1.1651 0.4000
  vertex 51.9722 1.3500 0.0000
 endloop
endfacet
facet normal -0.896875 0.442283 0.000000
 outer loop
  vertex 51.9722 1.3500 0.0000
  vertex 51.9722 1.3500 0.4000
  vertex 52.0706 1.5494 0.0000
 endloop
endfacet
facet normal -0.946929 0.321444 0.000000
 outer loop
  vertex 52.0706 1.5494 0.0000
  vertex 52.0706 1.5494 0.4000
  vertex 52.1421 1.7600 0.0000
 endloop
endfacet
facet normal -0.980787 0.195083 0.000000
 outer loop
  vertex 52.1421 1.7600 0.0000
  vertex 52.1421 1.7600 0.4000
  vertex 52.1855 1.9781 0.0000
 endloop
endfacet
facet normal 0.195091 0.980785 0.000000
 outer loop
  vertex 50.0600 0.5579 0.4000
  vertex 50.2781 0.5145 0.4000
  vertex 50.2781 0.5145 0.0000
 endloop
endfacet
facet normal 0.065403 0.997859 -0.000000
 outer loop
  vertex 50.5000 0.5000 0.0000
  vertex 50.2781 0.5145 0.4000
  vertex 50.5000 0.5000 0.4000
 endloop
endfacet
facet normal -0.065403 0.997859 0.000000
 outer loop
  vertex 50.7219 0.5145 0.0000
  vertex 50.5000 0.5000 0.4000
  vertex 50.7219 0.5145 0.4000
 endloop
endfacet
facet normal -0.195091 0.980785 0.000000
 outer loop
  vertex 50.9400 0.5579 0.0000
  vertex 50.7219 0.5145 0.4000
  vertex 50.9400 0.5579 0.4000
 endloop
endfacet
facet normal -0.321437 0.946931 0.000000
 outer loop
  vertex 51.1506 0.6294 0.0000
  vertex 50.9400 0.5579 0.4000
  vertex 51.1506 0.6294 0.4000
 endloop
endfacet
facet normal -0.442292 0.896871 0.000000
 outer loop
  vertex 51.3500 0.7278 0.0000
  vertex 51.1506 0.6294 0.4000
  vertex 51.3500 0.7278 0.4000
 endloop
endfacet
facet normal -0.555570 0.831470 0.000000
 outer loop
  vertex 51.5349 0.8513 0.0000
  vertex 51.3500 0.7278 0.4000
  vertex 51.5349 0.8513 0.4000
 endloop
endfacet
facet normal -0.659347 0.751839 0.000000
 outer loop
  vertex 51.7021 0.9979 0.0000
  vertex 51.5349 0.8513 0.4000
  vertex 51.7021 0.9979 0.4000
 endloop
endfacet
facet normal -0.751834 0.659352 0.000000
 outer loop
  vertex 51.8487 1.1651 0.0000
  vertex 51.7021 0.9979 0.4000
  vertex 51.8487 1.1651 0.4000
 endloop
endfacet
facet normal -0.831469 0.555571 0.000000
 outer loop
  vertex 51.9722 1.3500 0.0000
  vertex 51.8487 1.1651 0.4000
  vertex 51.9722 1.3500 0.4000
 endloop
endfacet
facet normal -0.896875 0.442283 0.000000
 outer loop
  vertex 52.0706 1.5494 0.0000
  vertex 51.9722 1.3500 0.4000
  vertex 52.0706 1.5494 0.4000
 endloop
endfacet
facet normal -0.946929 0.321444 0.000000
 outer loop
  vertex 52.1421 1.7600 0.0000
  vertex 52.0706 1.5494 0.4000
  vertex 52.1421 1.7600 0.4000
 endloop
endfacet
facet normal -0.980787 0.195083 0.000000
 outer loop
  vertex 52.1855 1.9781 0.0000
  vertex 52.1421 1.7600 0.4000
  vertex 52.1855 1.9781 0.4000
 endloop
endfacet
facet normal 0.195091 -0.980785 0.000000
 outer loop
  vertex 50.0600 3.8421 0.0000
  vertex 50.2781 3.8855 0.0000
  vertex 50.2781 3.8855 0.4000
 endloop
endfacet
facet normal 0.065404 -0.997859 0.000000
 outer loop
  vertex 50.2781 3.8855 0.0000
  vertex 50.5000 3.9000 0.0000
  vertex 50.5000 3.9000 0.4000
 endloop
endfacet
facet normal -0.065404 -0.997859 0.000000
 outer loop
  vertex 50.5000 3.9000 0.0000
  vertex 50.7219 3.8855 0.0000
  vertex 50.7219 3.8855 0.4000
 endloop
endfacet
facet normal -0.195091 -0.980785 0.000000
 outer loop
  vertex 50.7219 3.8855 0.0000
  vertex 50.9400 3.8421 0.0000
  vertex 50.9400 3.8421 0.4000
 endloop
endfacet
facet normal -0.442293 -0.896871 0.000000
 outer loop
  vertex 51.1506 3.7706 0.0000
  vertex 51.3500 3.6722 0.0000
  vertex 51.3500 3.6722 0.4000
 endloop
endfacet
facet normal -0.321437 -0.946931 0.000000
 outer loop
  vertex 50.9400 3.8421 0.0000
  vertex 51.1506 3.7706 0.0000
  vertex 51.1506 3.7706 0.4000
 endloop
endfacet
facet normal -0.980787 -0.195083 0.000000
 outer loop
  vertex 52.1855 2.4219 0.0000
  vertex 52.1855 2.4219 0.4000
  vertex 52.1421 2.6400 0.0000
 endloop
endfacet
facet normal -0.997858 0.065411 0.000000
 outer loop
  vertex 52.1855 1.9781 0.0000
  vertex 52.1855 1.9781 0.4000
  vertex 52.2000 2.2000 0.0000
 endloop
endfacet
facet normal -0.997858 -0.065411 0.000000
 outer loop
  vertex 52.2000 2.2000 0.0000
  vertex 52.2000 2.2000 0.4000
  vertex 52.1855 2.4219 0.0000
 endloop
endfacet
facet normal -0.946929 -0.321444 0.000000
 outer loop
  vertex 52.1421 2.6400 0.0000
  vertex 52.1421 2.6400 0.4000
  vertex 52.0706 2.8506 0.0000
 endloop
endfacet
facet normal -0.896875 -0.442283 0.000000
 outer loop
  vertex 52.0706 2.8506 0.0000
  vertex 52.0706 2.8506 0.4000
  vertex 51.9722 3.0500 0.0000
 endloop
endfacet
facet normal -0.659346 -0.751839 0.000000
 outer loop
  vertex 51.7021 3.4021 0.0000
  vertex 51.7021 3.4021 0.4000
  vertex 51.5349 3.5487 0.0000
 endloop
endfacet
facet normal -0.751834 -0.659353 0.000000
 outer loop
  vertex 51.8487 3.2349 0.0000
  vertex 51.8487 3.2349 0.4000
  vertex 51.7021 3.4021 0.0000
 endloop
endfacet
facet normal -0.555570 -0.831470 0.000000
 outer loop
  vertex 51.3500 3.6722 0.0000
  vertex 51.5349 3.5487 0.0000
  vertex 51.5349 3.5487 0.4000
 endloop
endfacet
facet normal -0.831469 -0.555571 0.000000
 outer loop
  vertex 51.8487 3.2349 0.0000
  vertex 51.9722 3.0500 0.0000
  vertex 51.9722 3.0500 0.4000
 endloop
endfacet
facet normal 0.065404 -0.997859 0.000000
 outer loop
  vertex 50.2781 3.8855 0.0000
  vertex 50.5000 3.9000 0.4000
  vertex 50.2781 3.8855 0.4000
 endloop
endfacet
facet normal -0.065404 -0.997859 0.000000
 outer loop
  vertex 50.5000 3.9000 0.0000
  vertex 50.7219 3.8855 0.4000
  vertex 50.5000 3.9000 0.4000
 endloop
endfacet
facet normal -0.195091 -0.980785 0.000000
 outer loop
  vertex 50.7219 3.8855 0.0000
  vertex 50.9400 3.8421 0.4000
  vertex 50.7219 3.8855 0.4000
 endloop
endfacet
facet normal -0.321437 -0.946931 0.000000
 outer loop
  vertex 50.9400 3.8421 0.0000
  vertex 51.1506 3.7706 0.4000
  vertex 50.9400 3.8421 0.4000
 endloop
endfacet
facet normal -0.442293 -0.896871 0.000000
 outer loop
  vertex 51.1506 3.7706 0.0000
  vertex 51.3500 3.6722 0.4000
  vertex 51.1506 3.7706 0.4000
 endloop
endfacet
facet normal -0.997858 0.065411 0.000000
 outer loop
  vertex 52.1855 1.9781 0.4000
  vertex 52.2000 2.2000 0.4000
  vertex 52.2000 2.2000 0.0000
 endloop
endfacet
facet normal -0.997858 -0.065411 0.000000
 outer loop
  vertex 52.1855 2.4219 0.0000
  vertex 52.2000 2.2000 0.4000
  vertex 52.1855 2.4219 0.4000
 endloop
endfacet
facet normal -0.980787 -0.195083 0.000000
 outer loop
  vertex 52.1421 2.6400 0.0000
  vertex 52.1855 2.4219 0.4000
  vertex 52.1421 2.6400 0.4000
 endloop
endfacet
facet normal -0.896875 -0.442283 0.000000
 outer loop
  vertex 51.9722 3.0500 0.0000
  vertex 52.0706 2.8506 0.4000
  vertex 51.9722 3.0500 0.4000
 endloop
endfacet
facet normal -0.946929 -0.321444 0.000000
 outer loop
  vertex 52.0706 2.8506 0.0000
  vertex 52.1421 2.6400 0.4000
  vertex 52.0706 2.8506 0.4000
 endloop
endfacet
facet normal -0.659346 -0.751839 0.000000
 outer loop
  vertex 51.5349 3.5487 0.0000
  vertex 51.7021 3.4021 0.4000
  vertex 51.5349 3.5487 0.4000
 endloop
endfacet
facet normal -0.831469 -0.555571 0.000000
 outer loop
  vertex 51.8487 3.2349 0.0000
  vertex 51.9722 3.0500 0.4000
  vertex 51.8487 3.2349 0.4000
 endloop
endfacet
facet normal -0.751834 -0.659353 0.000000
 outer loop
  vertex 51.7021 3.4021 0.0000
  vertex 51.8487 3.2349 0.4000
  vertex 51.7021 3.4021 0.4000
 endloop
endfacet
facet normal -0.555570 -0.831470 0.000000
 outer loop
  vertex 51.3500 3.6722 0.0000
  vertex 51.5349 3.5487 0.4000
  vertex 51.3500 3.6722 0.4000
 endloop
endfacet
facet normal 0.831464 0.555579 -0.000000
 outer loop
  vertex 49.0278 1.3500 1.9931
  vertex 49.0278 1.3500 2.0000
  vertex 49.0690 1.2883 2.0000
 endloop
endfacet
facet normal 0.896875 0.442283 -0.000000
 outer loop
  vertex 49.0278 1.3500 1.9931
  vertex 48.9294 1.5494 2.0000
  vertex 49.0278 1.3500 2.0000
 endloop
endfacet
facet normal 0.946929 0.321444 0.000000
 outer loop
  vertex 48.9294 1.5494 2.0000
  vertex 48.8579 1.7600 1.9931
  vertex 48.8579 1.7600 2.0000
 endloop
endfacet
facet normal 0.980788 0.195079 -0.000000
 outer loop
  vertex 48.8579 1.7600 1.9931
  vertex 48.8434 1.8328 2.0000
  vertex 48.8579 1.7600 2.0000
 endloop
endfacet
facet normal 0.980787 0.195079 -0.000000
 outer loop
  vertex 48.8145 1.9781 1.9931
  vertex 48.8145 1.9781 2.0000
  vertex 48.8290 1.9053 2.0000
 endloop
endfacet
facet normal 0.659347 0.751839 0.000000
 outer loop
  vertex 49.2979 0.9979 2.0000
  vertex 49.4651 0.8513 2.0000
  vertex 49.4651 0.8513 1.9931
 endloop
endfacet
facet normal 0.555580 0.831463 -0.000000
 outer loop
  vertex 49.4651 0.8513 1.9931
  vertex 49.4651 0.8513 2.0000
  vertex 49.5268 0.8101 2.0000
 endloop
endfacet
facet normal 0.555557 0.831479 0.000000
 outer loop
  vertex 49.5883 0.7690 2.0000
  vertex 49.6500 0.7278 2.0000
  vertex 49.6500 0.7278 1.9931
 endloop
endfacet
facet normal 0.442292 0.896871 -0.000000
 outer loop
  vertex 49.6500 0.7278 1.9931
  vertex 49.6500 0.7278 2.0000
  vertex 49.8494 0.6294 2.0000
 endloop
endfacet
facet normal 0.321437 0.946931 0.000000
 outer loop
  vertex 49.8494 0.6294 2.0000
  vertex 50.0600 0.5579 2.0000
  vertex 50.0600 0.5579 1.9931
 endloop
endfacet
facet normal 0.195090 0.980785 -0.000000
 outer loop
  vertex 50.0600 0.5579 1.9931
  vertex 50.0600 0.5579 2.0000
  vertex 50.1328 0.5434 2.0000
 endloop
endfacet
facet normal 0.831463 0.555580 -0.000000
 outer loop
  vertex 49.1513 1.1651 1.9931
  vertex 49.1101 1.2268 2.0000
  vertex 49.1513 1.1651 2.0000
 endloop
endfacet
facet normal 0.751834 0.659352 0.000000
 outer loop
  vertex 49.2979 0.9979 2.0000
  vertex 49.1513 1.1651 1.9931
  vertex 49.1513 1.1651 2.0000
 endloop
endfacet
facet normal 0.997858 0.065411 -0.000000
 outer loop
  vertex 48.8145 1.9781 1.9931
  vertex 48.8000 2.2000 2.0000
  vertex 48.8145 1.9781 2.0000
 endloop
endfacet
facet normal 0.997858 -0.065411 0.000000
 outer loop
  vertex 48.8000 2.2000 2.0000
  vertex 48.8145 2.4219 1.9931
  vertex 48.8145 2.4219 2.0000
 endloop
endfacet
facet normal 0.980788 -0.195079 0.000000
 outer loop
  vertex 48.8145 2.4219 1.9931
  vertex 48.8290 2.4947 2.0000
  vertex 48.8145 2.4219 2.0000
 endloop
endfacet
facet normal 0.980788 -0.195079 0.000000
 outer loop
  vertex 48.8579 2.6400 1.9931
  vertex 48.8579 2.6400 2.0000
  vertex 48.8434 2.5672 2.0000
 endloop
endfacet
facet normal 0.946929 -0.321444 0.000000
 outer loop
  vertex 48.8579 2.6400 1.9931
  vertex 48.9294 2.8506 2.0000
  vertex 48.8579 2.6400 2.0000
 endloop
endfacet
facet normal 0.896875 -0.442283 0.000000
 outer loop
  vertex 48.9294 2.8506 2.0000
  vertex 49.0278 3.0500 1.9931
  vertex 49.0278 3.0500 2.0000
 endloop
endfacet
facet normal 0.831464 -0.555579 0.000000
 outer loop
  vertex 49.0278 3.0500 1.9931
  vertex 49.0690 3.1117 2.0000
  vertex 49.0278 3.0500 2.0000
 endloop
endfacet
facet normal 0.831464 -0.555579 0.000000
 outer loop
  vertex 49.1513 3.2349 1.9931
  vertex 49.1513 3.2349 2.0000
  vertex 49.1101 3.1732 2.0000
 endloop
endfacet
facet normal 0.751834 -0.659353 0.000000
 outer loop
  vertex 49.1513 3.2349 1.9931
  vertex 49.2979 3.4021 2.0000
  vertex 49.1513 3.2349 2.0000
 endloop
endfacet
facet normal 0.659346 -0.751839 0.000000
 outer loop
  vertex 49.2979 3.4021 2.0000
  vertex 49.4651 3.5487 1.9931
  vertex 49.4651 3.5487 2.0000
 endloop
endfacet
facet normal 0.555580 -0.831463 0.000000
 outer loop
  vertex 49.4651 3.5487 1.9931
  vertex 49.5268 3.5899 2.0000
  vertex 49.4651 3.5487 2.0000
 endloop
endfacet
facet normal 0.555557 -0.831479 0.000000
 outer loop
  vertex 49.5883 3.6310 2.0000
  vertex 49.6500 3.6722 1.9931
  vertex 49.6500 3.6722 2.0000
 endloop
endfacet
facet normal 0.442293 -0.896871 0.000000
 outer loop
  vertex 49.6500 3.6722 1.9931
  vertex 49.8494 3.7706 2.0000
  vertex 49.6500 3.6722 2.0000
 endloop
endfacet
facet normal 0.321437 -0.946931 0.000000
 outer loop
  vertex 49.8494 3.7706 2.0000
  vertex 50.0600 3.8421 1.9931
  vertex 50.0600 3.8421 2.0000
 endloop
endfacet
facet normal 0.195091 -0.980785 0.000000
 outer loop
  vertex 50.0600 3.8421 1.9931
  vertex 50.1328 3.8566 2.0000
  vertex 50.0600 3.8421 2.0000
 endloop
endfacet
facet normal 0.195090 0.980785 -0.000000
 outer loop
  vertex 50.2781 0.5145 1.9931
  vertex 50.2053 0.5290 2.0000
  vertex 50.2781 0.5145 2.0000
 endloop
endfacet
facet normal 0.065403 0.997859 -0.000000
 outer loop
  vertex 50.2781 0.5145 1.9931
  vertex 50.2781 0.5145 2.0000
  vertex 50.5000 0.5000 2.0000
 endloop
endfacet
facet normal -0.065403 0.997859 0.000000
 outer loop
  vertex 50.7219 0.5145 1.9931
  vertex 50.5000 0.5000 2.0000
  vertex 50.7219 0.5145 2.0000
 endloop
endfacet
facet normal -0.195090 0.980785 0.000000
 outer loop
  vertex 50.7219 0.5145 1.9931
  vertex 50.7219 0.5145 2.0000
  vertex 50.7947 0.5290 2.0000
 endloop
endfacet
facet normal -0.195090 0.980785 0.000000
 outer loop
  vertex 50.9400 0.5579 1.9931
  vertex 50.8672 0.5434 2.0000
  vertex 50.9400 0.5579 2.0000
 endloop
endfacet
facet normal -0.321437 0.946931 0.000000
 outer loop
  vertex 50.9400 0.5579 1.9931
  vertex 50.9400 0.5579 2.0000
  vertex 51.1506 0.6294 2.0000
 endloop
endfacet
facet normal -0.442292 0.896871 0.000000
 outer loop
  vertex 51.1506 0.6294 2.0000
  vertex 51.3500 0.7278 2.0000
  vertex 51.3500 0.7278 1.9931
 endloop
endfacet
facet normal -0.555557 0.831479 0.000000
 outer loop
  vertex 51.3500 0.7278 1.9931
  vertex 51.3500 0.7278 2.0000
  vertex 51.4117 0.7690 2.0000
 endloop
endfacet
facet normal -0.555580 0.831463 0.000000
 outer loop
  vertex 51.5349 0.8513 1.9931
  vertex 51.4732 0.8101 2.0000
  vertex 51.5349 0.8513 2.0000
 endloop
endfacet
facet normal -0.659347 0.751839 0.000000
 outer loop
  vertex 51.5349 0.8513 1.9931
  vertex 51.5349 0.8513 2.0000
  vertex 51.7021 0.9979 2.0000
 endloop
endfacet
facet normal -0.751834 0.659352 0.000000
 outer loop
  vertex 51.7021 0.9979 2.0000
  vertex 51.8487 1.1651 2.0000
  vertex 51.8487 1.1651 1.9931
 endloop
endfacet
facet normal -0.831463 0.555580 0.000000
 outer loop
  vertex 51.8487 1.1651 1.9931
  vertex 51.8487 1.1651 2.0000
  vertex 51.8899 1.2268 2.0000
 endloop
endfacet
facet normal -0.831464 0.555579 0.000000
 outer loop
  vertex 51.9722 1.3500 1.9931
  vertex 51.9310 1.2883 2.0000
  vertex 51.9722 1.3500 2.0000
 endloop
endfacet
facet normal -0.896875 0.442283 0.000000
 outer loop
  vertex 51.9722 1.3500 1.9931
  vertex 51.9722 1.3500 2.0000
  vertex 52.0706 1.5494 2.0000
 endloop
endfacet
facet normal -0.946929 0.321444 0.000000
 outer loop
  vertex 52.0706 1.5494 2.0000
  vertex 52.1421 1.7600 2.0000
  vertex 52.1421 1.7600 1.9931
 endloop
endfacet
facet normal -0.980788 0.195079 0.000000
 outer loop
  vertex 52.1421 1.7600 1.9931
  vertex 52.1421 1.7600 2.0000
  vertex 52.1566 1.8328 2.0000
 endloop
endfacet
facet normal -0.980787 0.195079 0.000000
 outer loop
  vertex 52.1710 1.9053 2.0000
  vertex 52.1855 1.9781 2.0000
  vertex 52.1855 1.9781 1.9931
 endloop
endfacet
facet normal 0.195091 -0.980785 0.000000
 outer loop
  vertex 50.2781 3.8855 1.9931
  vertex 50.2781 3.8855 2.0000
  vertex 50.2053 3.8710 2.0000
 endloop
endfacet
facet normal 0.065404 -0.997859 0.000000
 outer loop
  vertex 50.2781 3.8855 1.9931
  vertex 50.5000 3.9000 2.0000
  vertex 50.2781 3.8855 2.0000
 endloop
endfacet
facet normal -0.065404 -0.997859 0.000000
 outer loop
  vertex 50.7219 3.8855 1.9931
  vertex 50.7219 3.8855 2.0000
  vertex 50.5000 3.9000 2.0000
 endloop
endfacet
facet normal -0.195091 -0.980785 0.000000
 outer loop
  vertex 50.7219 3.8855 1.9931
  vertex 50.7947 3.8710 2.0000
  vertex 50.7219 3.8855 2.0000
 endloop
endfacet
facet normal -0.195091 -0.980785 0.000000
 outer loop
  vertex 50.9400 3.8421 1.9931
  vertex 50.9400 3.8421 2.0000
  vertex 50.8672 3.8566 2.0000
 endloop
endfacet
facet normal -0.321437 -0.946931 0.000000
 outer loop
  vertex 50.9400 3.8421 1.9931
  vertex 51.1506 3.7706 2.0000
  vertex 50.9400 3.8421 2.0000
 endloop
endfacet
facet normal -0.442293 -0.896871 0.000000
 outer loop
  vertex 51.1506 3.7706 2.0000
  vertex 51.3500 3.6722 1.9931
  vertex 51.3500 3.6722 2.0000
 endloop
endfacet
facet normal -0.980788 -0.195079 0.000000
 outer loop
  vertex 52.1710 2.4947 2.0000
  vertex 52.1855 2.4219 1.9931
  vertex 52.1855 2.4219 2.0000
 endloop
endfacet
facet normal -0.997858 0.065411 0.000000
 outer loop
  vertex 52.1855 1.9781 1.9931
  vertex 52.1855 1.9781 2.0000
  vertex 52.2000 2.2000 2.0000
 endloop
endfacet
facet normal -0.997858 -0.065411 0.000000
 outer loop
  vertex 52.2000 2.2000 2.0000
  vertex 52.1855 2.4219 2.0000
  vertex 52.1855 2.4219 1.9931
 endloop
endfacet
facet normal -0.980788 -0.195079 0.000000
 outer loop
  vertex 52.1421 2.6400 1.9931
  vertex 52.1566 2.5672 2.0000
  vertex 52.1421 2.6400 2.0000
 endloop
endfacet
facet normal -0.946929 -0.321444 0.000000
 outer loop
  vertex 52.1421 2.6400 1.9931
  vertex 52.1421 2.6400 2.0000
  vertex 52.0706 2.8506 2.0000
 endloop
endfacet
facet normal -0.896875 -0.442283 0.000000
 outer loop
  vertex 52.0706 2.8506 2.0000
  vertex 51.9722 3.0500 2.0000
  vertex 51.9722 3.0500 1.9931
 endloop
endfacet
facet normal -0.659346 -0.751839 0.000000
 outer loop
  vertex 51.7021 3.4021 2.0000
  vertex 51.5349 3.5487 2.0000
  vertex 51.5349 3.5487 1.9931
 endloop
endfacet
facet normal -0.831464 -0.555579 0.000000
 outer loop
  vertex 51.8487 3.2349 1.9931
  vertex 51.8899 3.1732 2.0000
  vertex 51.8487 3.2349 2.0000
 endloop
endfacet
facet normal -0.751834 -0.659353 0.000000
 outer loop
  vertex 51.8487 3.2349 1.9931
  vertex 51.8487 3.2349 2.0000
  vertex 51.7021 3.4021 2.0000
 endloop
endfacet
facet normal -0.555557 -0.831479 0.000000
 outer loop
  vertex 51.3500 3.6722 1.9931
  vertex 51.4117 3.6310 2.0000
  vertex 51.3500 3.6722 2.0000
 endloop
endfacet
facet normal -0.555580 -0.831463 0.000000
 outer loop
  vertex 51.5349 3.5487 1.9931
  vertex 51.5349 3.5487 2.0000
  vertex 51.4732 3.5899 2.0000
 endloop
endfacet
facet normal -0.831464 -0.555579 0.000000
 outer loop
  vertex 51.9722 3.0500 1.9931
  vertex 51.9722 3.0500 2.0000
  vertex 51.9310 3.1117 2.0000
 endloop
endfacet
facet normal 0.000000 -0.000000 1.000000
 outer loop
  vertex 47.3588 0.8989 0.4000
  vertex 47.3588 3.5011 0.4000
  vertex 47.1653 1.5367 0.4000
 endloop
endfacet
facet normal 0.000000 -0.000000 1.000000
 outer loop
  vertex 47.6730 0.3111 0.4000
  vertex 47.6730 4.0889 0.4000
  vertex 47.3588 0.8989 0.4000
 endloop
endfacet
facet normal -0.000000 0.000000 1.000000
 outer loop
  vertex 47.6730 0.3111 0.4000
  vertex 47.9283 0.0000 0.4000
  vertex 48.0958 4.6042 0.4000
 endloop
endfacet
facet normal 0.000000 -0.000000 1.000000
 outer loop
  vertex 47.1653 1.5367 0.4000
  vertex 47.1653 2.8633 0.4000
  vertex 47.1000 2.2000 0.4000
 endloop
endfacet
facet normal 0.000000 0.000000 1.000000
 outer loop
  vertex 47.1653 1.5367 0.4000
  vertex 47.3588 3.5011 0.4000
  vertex 47.1653 2.8633 0.4000
 endloop
endfacet
facet normal 0.000000 0.000000 1.000000
 outer loop
  vertex 47.3588 0.8989 0.4000
  vertex 47.6730 4.0889 0.4000
  vertex 47.3588 3.5011 0.4000
 endloop
endfacet
facet normal 0.000000 0.000000 1.000000
 outer loop
  vertex 47.6730 0.3111 0.4000
  vertex 48.0958 4.6042 0.4000
  vertex 47.6730 4.0889 0.4000
 endloop
endfacet
facet normal 0.000000 0.000000 1.000000
 outer loop
  vertex 47.9283 0.0000 0.4000
  vertex 49.1513 1.1651 0.4000
  vertex 49.0278 1.3500 0.4000
 endloop
endfacet
facet normal 0.000000 0.000000 1.000000
 outer loop
  vertex 47.9283 0.0000 0.4000
  vertex 49.0278 1.3500 0.4000
  vertex 48.9294 1.5494 0.4000
 endloop
endfacet
facet normal 0.000000 0.000000 1.000000
 outer loop
  vertex 47.9283 0.0000 0.4000
  vertex 49.4651 0.8513 0.4000
  vertex 49.2979 0.9979 0.4000
 endloop
endfacet
facet normal 0.000000 0.000000 1.000000
 outer loop
  vertex 47.9283 0.0000 0.4000
  vertex 49.2979 0.9979 0.4000
  vertex 49.1513 1.1651 0.4000
 endloop
endfacet
facet normal 0.000000 0.000000 1.000000
 outer loop
  vertex 47.9283 0.0000 0.4000
  vertex 49.6500 0.7278 0.4000
  vertex 49.4651 0.8513 0.4000
 endloop
endfacet
facet normal 0.000000 0.000000 1.000000
 outer loop
  vertex 47.9283 0.0000 0.4000
  vertex 48.9294 1.5494 0.4000
  vertex 48.8579 1.7600 0.4000
 endloop
endfacet
facet normal 0.000000 0.000000 1.000000
 outer loop
  vertex 47.9283 0.0000 0.4000
  vertex 48.8579 1.7600 0.4000
  vertex 48.8145 1.9781 0.4000
 endloop
endfacet
facet normal 0.000000 0.000000 1.000000
 outer loop
  vertex 47.9283 0.0000 0.4000
  vertex 49.8494 0.6294 0.4000
  vertex 49.6500 0.7278 0.4000
 endloop
endfacet
facet normal 0.000000 0.000000 1.000000
 outer loop
  vertex 47.9283 0.0000 0.4000
  vertex 50.0600 0.5579 0.4000
  vertex 49.8494 0.6294 0.4000
 endloop
endfacet
facet normal 0.000000 0.000000 1.000000
 outer loop
  vertex 47.9283 0.0000 0.4000
  vertex 50.2781 0.5145 0.4000
  vertex 50.0600 0.5579 0.4000
 endloop
endfacet
facet normal 0.000000 0.000000 1.000000
 outer loop
  vertex 47.9283 0.0000 0.4000
  vertex 50.5000 0.5000 0.4000
  vertex 50.2781 0.5145 0.4000
 endloop
endfacet
facet normal 0.000000 0.000000 1.000000
 outer loop
  vertex 47.9283 0.0000 0.4000
  vertex 48.8145 1.9781 0.4000
  vertex 48.6111 5.0270 0.4000
 endloop
endfacet
facet normal 0.000000 0.000000 1.000000
 outer loop
  vertex 47.9283 0.0000 0.4000
  vertex 48.6111 5.0270 0.4000
  vertex 48.0958 4.6042 0.4000
 endloop
endfacet
facet normal 0.000000 0.000000 1.000000
 outer loop
  vertex 48.8145 1.9781 0.4000
  vertex 48.8000 2.2000 0.4000
  vertex 48.6111 5.0270 0.4000
 endloop
endfacet
facet normal 0.000000 -0.000000 1.000000
 outer loop
  vertex 48.8000 2.2000 0.4000
  vertex 48.8145 2.4219 0.4000
  vertex 48.6111 5.0270 0.4000
 endloop
endfacet
facet normal 0.000000 -0.000000 1.000000
 outer loop
  vertex 48.8145 2.4219 0.4000
  vertex 48.8579 2.6400 0.4000
  vertex 48.6111 5.0270 0.4000
 endloop
endfacet
facet normal 0.000000 -0.000000 1.000000
 outer loop
  vertex 48.8579 2.6400 0.4000
  vertex 48.9294 2.8506 0.4000
  vertex 48.6111 5.0270 0.4000
 endloop
endfacet
facet normal 0.000000 0.000000 1.000000
 outer loop
  vertex 48.9294 2.8506 0.4000
  vertex 49.0278 3.0500 0.4000
  vertex 49.1989 5.3412 0.4000
 endloop
endfacet
facet normal 0.000000 0.000000 1.000000
 outer loop
  vertex 49.0278 3.0500 0.4000
  vertex 49.1513 3.2349 0.4000
  vertex 49.1989 5.3412 0.4000
 endloop
endfacet
facet normal 0.000000 0.000000 1.000000
 outer loop
  vertex 49.1513 3.2349 0.4000
  vertex 49.2979 3.4021 0.4000
  vertex 49.1989 5.3412 0.4000
 endloop
endfacet
facet normal 0.000000 -0.000000 1.000000
 outer loop
  vertex 48.9294 2.8506 0.4000
  vertex 49.1989 5.3412 0.4000
  vertex 48.6111 5.0270 0.4000
 endloop
endfacet
facet normal 0.000000 -0.000000 1.000000
 outer loop
  vertex 49.2979 3.4021 0.4000
  vertex 49.4651 3.5487 0.4000
  vertex 49.1989 5.3412 0.4000
 endloop
endfacet
facet normal 0.000000 -0.000000 1.000000
 outer loop
  vertex 49.4651 3.5487 0.4000
  vertex 49.6500 3.6722 0.4000
  vertex 49.1989 5.3412 0.4000
 endloop
endfacet
facet normal 0.000000 -0.000000 1.000000
 outer loop
  vertex 49.6500 3.6722 0.4000
  vertex 49.8367 5.5347 0.4000
  vertex 49.1989 5.3412 0.4000
 endloop
endfacet
facet normal 0.000000 0.000000 1.000000
 outer loop
  vertex 49.6500 3.6722 0.4000
  vertex 49.8494 3.7706 0.4000
  vertex 49.8367 5.5347 0.4000
 endloop
endfacet
facet normal 0.000000 -0.000000 1.000000
 outer loop
  vertex 49.8494 3.7706 0.4000
  vertex 50.0600 3.8421 0.4000
  vertex 49.8367 5.5347 0.4000
 endloop
endfacet
facet normal 0.000000 -0.000000 1.000000
 outer loop
  vertex 50.0600 3.8421 0.4000
  vertex 50.2781 3.8855 0.4000
  vertex 49.8367 5.5347 0.4000
 endloop
endfacet
facet normal 0.000000 0.000000 1.000000
 outer loop
  vertex 47.9283 0.0000 0.4000
  vertex 53.0717 0.0000 0.4000
  vertex 50.5000 0.5000 0.4000
 endloop
endfacet
facet normal -0.000000 0.000000 1.000000
 outer loop
  vertex 50.5000 0.5000 0.4000
  vertex 53.0717 0.0000 0.4000
  vertex 50.7219 0.5145 0.4000
 endloop
endfacet
facet normal -0.000000 0.000000 1.000000
 outer loop
  vertex 50.7219 0.5145 0.4000
  vertex 53.0717 0.0000 0.4000
  vertex 50.9400 0.5579 0.4000
 endloop
endfacet
facet normal -0.000000 0.000000 1.000000
 outer loop
  vertex 50.9400 0.5579 0.4000
  vertex 53.0717 0.0000 0.4000
  vertex 51.1506 0.6294 0.4000
 endloop
endfacet
facet normal -0.000000 0.000000 1.000000
 outer loop
  vertex 51.1506 0.6294 0.4000
  vertex 53.0717 0.0000 0.4000
  vertex 51.3500 0.7278 0.4000
 endloop
endfacet
facet normal -0.000000 0.000000 1.000000
 outer loop
  vertex 51.3500 0.7278 0.4000
  vertex 53.0717 0.0000 0.4000
  vertex 51.5349 0.8513 0.4000
 endloop
endfacet
facet normal -0.000000 0.000000 1.000000
 outer loop
  vertex 51.5349 0.8513 0.4000
  vertex 53.0717 0.0000 0.4000
  vertex 51.7021 0.9979 0.4000
 endloop
endfacet
facet normal -0.000000 0.000000 1.000000
 outer loop
  vertex 51.7021 0.9979 0.4000
  vertex 53.0717 0.0000 0.4000
  vertex 51.8487 1.1651 0.4000
 endloop
endfacet
facet normal -0.000000 0.000000 1.000000
 outer loop
  vertex 51.8487 1.1651 0.4000
  vertex 53.0717 0.0000 0.4000
  vertex 51.9722 1.3500 0.4000
 endloop
endfacet
facet normal -0.000000 0.000000 1.000000
 outer loop
  vertex 51.9722 1.3500 0.4000
  vertex 53.0717 0.0000 0.4000
  vertex 52.0706 1.5494 0.4000
 endloop
endfacet
facet normal -0.000000 0.000000 1.000000
 outer loop
  vertex 52.0706 1.5494 0.4000
  vertex 53.0717 0.0000 0.4000
  vertex 52.1421 1.7600 0.4000
 endloop
endfacet
facet normal -0.000000 0.000000 1.000000
 outer loop
  vertex 52.1421 1.7600 0.4000
  vertex 53.0717 0.0000 0.4000
  vertex 52.1855 1.9781 0.4000
 endloop
endfacet
facet normal 0.000000 -0.000000 1.000000
 outer loop
  vertex 52.1855 2.4219 0.4000
  vertex 52.3889 5.0270 0.4000
  vertex 52.1421 2.6400 0.4000
 endloop
endfacet
facet normal 0.000000 -0.000000 1.000000
 outer loop
  vertex 52.0706 2.8506 0.4000
  vertex 52.3889 5.0270 0.4000
  vertex 51.9722 3.0500 0.4000
 endloop
endfacet
facet normal 0.000000 -0.000000 1.000000
 outer loop
  vertex 51.8487 3.2349 0.4000
  vertex 52.3889 5.0270 0.4000
  vertex 51.7021 3.4021 0.4000
 endloop
endfacet
facet normal -0.000000 0.000000 1.000000
 outer loop
  vertex 51.8487 3.2349 0.4000
  vertex 51.9722 3.0500 0.4000
  vertex 52.3889 5.0270 0.4000
 endloop
endfacet
facet normal 0.000000 -0.000000 1.000000
 outer loop
  vertex 52.1421 2.6400 0.4000
  vertex 52.3889 5.0270 0.4000
  vertex 52.0706 2.8506 0.4000
 endloop
endfacet
facet normal -0.000000 0.000000 1.000000
 outer loop
  vertex 52.1855 1.9781 0.4000
  vertex 53.0717 0.0000 0.4000
  vertex 52.2000 2.2000 0.4000
 endloop
endfacet
facet normal -0.000000 -0.000000 1.000000
 outer loop
  vertex 52.2000 2.2000 0.4000
  vertex 53.0717 0.0000 0.4000
  vertex 52.1855 2.4219 0.4000
 endloop
endfacet
facet normal 0.000000 0.000000 1.000000
 outer loop
  vertex 53.0717 0.0000 0.4000
  vertex 53.3270 0.3111 0.4000
  vertex 53.3270 4.0889 0.4000
 endloop
endfacet
facet normal 0.000000 0.000000 1.000000
 outer loop
  vertex 53.3270 0.3111 0.4000
  vertex 53.6412 0.8989 0.4000
  vertex 53.6412 3.5011 0.4000
 endloop
endfacet
facet normal 0.000000 0.000000 1.000000
 outer loop
  vertex 53.6412 0.8989 0.4000
  vertex 53.8347 1.5367 0.4000
  vertex 53.8347 2.8633 0.4000
 endloop
endfacet
facet normal -0.000000 0.000000 1.000000
 outer loop
  vertex 52.1855 2.4219 0.4000
  vertex 53.0717 0.0000 0.4000
  vertex 52.3889 5.0270 0.4000
 endloop
endfacet
facet normal 0.000000 -0.000000 1.000000
 outer loop
  vertex 53.0717 0.0000 0.4000
  vertex 53.3270 4.0889 0.4000
  vertex 52.9042 4.6042 0.4000
 endloop
endfacet
facet normal 0.000000 0.000000 1.000000
 outer loop
  vertex 53.3270 0.3111 0.4000
  vertex 53.6412 3.5011 0.4000
  vertex 53.3270 4.0889 0.4000
 endloop
endfacet
facet normal 0.000000 0.000000 1.000000
 outer loop
  vertex 53.0717 0.0000 0.4000
  vertex 52.9042 4.6042 0.4000
  vertex 52.3889 5.0270 0.4000
 endloop
endfacet
facet normal 0.000000 0.000000 1.000000
 outer loop
  vertex 53.8347 1.5367 0.4000
  vertex 53.9000 2.2000 0.4000
  vertex 53.8347 2.8633 0.4000
 endloop
endfacet
facet normal 0.000000 0.000000 1.000000
 outer loop
  vertex 53.6412 0.8989 0.4000
  vertex 53.8347 2.8633 0.4000
  vertex 53.6412 3.5011 0.4000
 endloop
endfacet
facet normal 0.000000 0.000000 1.000000
 outer loop
  vertex 50.2781 3.8855 0.4000
  vertex 50.5000 3.9000 0.4000
  vertex 50.5000 5.6000 0.4000
 endloop
endfacet
facet normal -0.000000 0.000000 1.000000
 outer loop
  vertex 50.5000 3.9000 0.4000
  vertex 50.7219 3.8855 0.4000
  vertex 50.5000 5.6000 0.4000
 endloop
endfacet
facet normal -0.000000 0.000000 1.000000
 outer loop
  vertex 50.7219 3.8855 0.4000
  vertex 50.9400 3.8421 0.4000
  vertex 51.1633 5.5347 0.4000
 endloop
endfacet
facet normal -0.000000 0.000000 1.000000
 outer loop
  vertex 50.9400 3.8421 0.4000
  vertex 51.1506 3.7706 0.4000
  vertex 51.1633 5.5347 0.4000
 endloop
endfacet
facet normal -0.000000 0.000000 1.000000
 outer loop
  vertex 49.8367 5.5347 0.4000
  vertex 50.2781 3.8855 0.4000
  vertex 50.5000 5.6000 0.4000
 endloop
endfacet
facet normal 0.000000 -0.000000 1.000000
 outer loop
  vertex 50.7219 3.8855 0.4000
  vertex 51.1633 5.5347 0.4000
  vertex 50.5000 5.6000 0.4000
 endloop
endfacet
facet normal -0.000000 0.000000 1.000000
 outer loop
  vertex 51.3500 3.6722 0.4000
  vertex 51.5349 3.5487 0.4000
  vertex 51.8011 5.3412 0.4000
 endloop
endfacet
facet normal -0.000000 0.000000 1.000000
 outer loop
  vertex 51.1506 3.7706 0.4000
  vertex 51.3500 3.6722 0.4000
  vertex 51.8011 5.3412 0.4000
 endloop
endfacet
facet normal 0.000000 -0.000000 1.000000
 outer loop
  vertex 51.7021 3.4021 0.4000
  vertex 51.8011 5.3412 0.4000
  vertex 51.5349 3.5487 0.4000
 endloop
endfacet
facet normal 0.000000 0.000000 1.000000
 outer loop
  vertex 51.1506 3.7706 0.4000
  vertex 51.8011 5.3412 0.4000
  vertex 51.1633 5.5347 0.4000
 endloop
endfacet
facet normal 0.000000 0.000000 1.000000
 outer loop
  vertex 51.7021 3.4021 0.4000
  vertex 52.3889 5.0270 0.4000
  vertex 51.8011 5.3412 0.4000
 endloop
endfacet
facet normal 0.657530 0.199461 -0.726547
 outer loop
  vertex 47.3588 0.8989 0.4000
  vertex 47.1653 1.5367 0.4000
  vertex 48.8327 1.8683 2.0000
 endloop
endfacet
facet normal 0.683808 0.067350 -0.726547
 outer loop
  vertex 47.1653 1.5367 0.4000
  vertex 47.1000 2.2000 0.4000
  vertex 48.8000 2.2000 2.0000
 endloop
endfacet
facet normal 0.683808 -0.067350 -0.726547
 outer loop
  vertex 47.1000 2.2000 0.4000
  vertex 47.1653 2.8633 0.4000
  vertex 48.8327 2.5317 2.0000
 endloop
endfacet
facet normal 0.657530 -0.199461 -0.726547
 outer loop
  vertex 47.1653 2.8633 0.4000
  vertex 47.3588 3.5011 0.4000
  vertex 48.9294 2.8506 2.0000
 endloop
endfacet
facet normal 0.605983 0.323905 -0.726547
 outer loop
  vertex 47.6730 0.3111 0.4000
  vertex 47.3588 0.8989 0.4000
  vertex 48.9294 1.5494 2.0000
 endloop
endfacet
facet normal 0.531150 0.435901 -0.726547
 outer loop
  vertex 47.6730 0.3111 0.4000
  vertex 49.0865 1.2555 2.0000
  vertex 47.9283 0.0000 0.4000
 endloop
endfacet
facet normal 0.531149 0.435902 -0.726547
 outer loop
  vertex 47.9283 0.0000 0.4000
  vertex 49.0865 1.2555 2.0000
  vertex 48.3000 0.0000 0.6717
 endloop
endfacet
facet normal 0.435903 0.531148 -0.726547
 outer loop
  vertex 48.3000 0.0000 0.6717
  vertex 49.2979 0.9979 2.0000
  vertex 49.0300 0.0000 1.1097
 endloop
endfacet
facet normal 0.605983 -0.323905 -0.726546
 outer loop
  vertex 47.3588 3.5011 0.4000
  vertex 47.6730 4.0889 0.4000
  vertex 49.0865 3.1445 2.0000
 endloop
endfacet
facet normal 0.605980 0.323911 -0.726547
 outer loop
  vertex 47.6730 0.3111 0.4000
  vertex 49.0690 1.2883 2.0000
  vertex 49.0865 1.2555 2.0000
 endloop
endfacet
facet normal 0.605979 0.323913 -0.726547
 outer loop
  vertex 47.6730 0.3111 0.4000
  vertex 49.0278 1.3500 1.9931
  vertex 49.0690 1.2883 2.0000
 endloop
endfacet
facet normal 0.657529 0.199462 -0.726547
 outer loop
  vertex 47.3588 0.8989 0.4000
  vertex 48.8579 1.7600 1.9931
  vertex 48.9294 1.5494 2.0000
 endloop
endfacet
facet normal 0.657534 0.199452 -0.726545
 outer loop
  vertex 47.3588 0.8989 0.4000
  vertex 48.8434 1.8328 2.0000
  vertex 48.8579 1.7600 1.9931
 endloop
endfacet
facet normal 0.657524 0.199473 -0.726549
 outer loop
  vertex 47.3588 0.8989 0.4000
  vertex 48.8327 1.8683 2.0000
  vertex 48.8434 1.8328 2.0000
 endloop
endfacet
facet normal 0.683810 0.067342 -0.726546
 outer loop
  vertex 47.1653 1.5367 0.4000
  vertex 48.8145 1.9781 1.9931
  vertex 48.8290 1.9053 2.0000
 endloop
endfacet
facet normal 0.683810 0.067337 -0.726546
 outer loop
  vertex 47.1653 1.5367 0.4000
  vertex 48.8290 1.9053 2.0000
  vertex 48.8327 1.8683 2.0000
 endloop
endfacet
facet normal 0.683807 0.067354 -0.726547
 outer loop
  vertex 47.1653 1.5367 0.4000
  vertex 48.8000 2.2000 2.0000
  vertex 48.8145 1.9781 1.9931
 endloop
endfacet
facet normal 0.605986 0.323901 -0.726546
 outer loop
  vertex 47.6730 0.3111 0.4000
  vertex 48.9294 1.5494 2.0000
  vertex 49.0278 1.3500 1.9931
 endloop
endfacet
facet normal 0.323905 0.605983 -0.726547
 outer loop
  vertex 49.0300 0.0000 1.1097
  vertex 49.5555 0.7865 2.0000
  vertex 49.5887 0.0000 1.3588
 endloop
endfacet
facet normal 0.531144 0.435907 -0.726547
 outer loop
  vertex 48.3000 0.0000 0.6717
  vertex 49.1513 1.1651 1.9931
  vertex 49.2979 0.9979 2.0000
 endloop
endfacet
facet normal 0.531174 0.435881 -0.726541
 outer loop
  vertex 48.3000 0.0000 0.6717
  vertex 49.0865 1.2555 2.0000
  vertex 49.1101 1.2268 2.0000
 endloop
endfacet
facet normal 0.531143 0.435908 -0.726547
 outer loop
  vertex 48.3000 0.0000 0.6717
  vertex 49.1101 1.2268 2.0000
  vertex 49.1513 1.1651 1.9931
 endloop
endfacet
facet normal 0.199459 0.657530 -0.726547
 outer loop
  vertex 49.5887 0.0000 1.3588
  vertex 49.8494 0.6294 2.0000
  vertex 50.0624 0.0000 1.4888
 endloop
endfacet
facet normal 0.435903 0.531148 -0.726547
 outer loop
  vertex 49.0300 0.0000 1.1097
  vertex 49.2979 0.9979 2.0000
  vertex 49.4651 0.8513 1.9931
 endloop
endfacet
facet normal 0.435910 0.531143 -0.726546
 outer loop
  vertex 49.0300 0.0000 1.1097
  vertex 49.4651 0.8513 1.9931
  vertex 49.5268 0.8101 2.0000
 endloop
endfacet
facet normal 0.435901 0.531149 -0.726547
 outer loop
  vertex 49.0300 0.0000 1.1097
  vertex 49.5268 0.8101 2.0000
  vertex 49.5555 0.7865 2.0000
 endloop
endfacet
facet normal 0.683808 -0.067355 -0.726546
 outer loop
  vertex 47.1000 2.2000 0.4000
  vertex 48.8145 2.4219 1.9931
  vertex 48.8000 2.2000 2.0000
 endloop
endfacet
facet normal 0.683808 -0.067341 -0.726548
 outer loop
  vertex 47.1000 2.2000 0.4000
  vertex 48.8290 2.4947 2.0000
  vertex 48.8145 2.4219 1.9931
 endloop
endfacet
facet normal 0.683808 -0.067337 -0.726548
 outer loop
  vertex 47.1000 2.2000 0.4000
  vertex 48.8327 2.5317 2.0000
  vertex 48.8290 2.4947 2.0000
 endloop
endfacet
facet normal 0.657527 -0.199473 -0.726546
 outer loop
  vertex 47.1653 2.8633 0.4000
  vertex 48.8434 2.5672 2.0000
  vertex 48.8327 2.5317 2.0000
 endloop
endfacet
facet normal 0.657532 -0.199452 -0.726547
 outer loop
  vertex 47.1653 2.8633 0.4000
  vertex 48.8579 2.6400 1.9931
  vertex 48.8434 2.5672 2.0000
 endloop
endfacet
facet normal 0.657529 -0.199463 -0.726546
 outer loop
  vertex 47.1653 2.8633 0.4000
  vertex 48.9294 2.8506 2.0000
  vertex 48.8579 2.6400 1.9931
 endloop
endfacet
facet normal 0.605985 -0.323901 -0.726547
 outer loop
  vertex 47.3588 3.5011 0.4000
  vertex 49.0278 3.0500 1.9931
  vertex 48.9294 2.8506 2.0000
 endloop
endfacet
facet normal 0.605981 -0.323912 -0.726546
 outer loop
  vertex 47.3588 3.5011 0.4000
  vertex 49.0690 3.1117 2.0000
  vertex 49.0278 3.0500 1.9931
 endloop
endfacet
facet normal 0.605980 -0.323914 -0.726545
 outer loop
  vertex 47.3588 3.5011 0.4000
  vertex 49.0865 3.1445 2.0000
  vertex 49.0690 3.1117 2.0000
 endloop
endfacet
facet normal 0.531166 -0.435878 -0.726549
 outer loop
  vertex 47.6730 4.0889 0.4000
  vertex 49.1101 3.1732 2.0000
  vertex 49.0865 3.1445 2.0000
 endloop
endfacet
facet normal 0.531146 -0.435908 -0.726546
 outer loop
  vertex 47.6730 4.0889 0.4000
  vertex 49.1513 3.2349 1.9931
  vertex 49.1101 3.1732 2.0000
 endloop
endfacet
facet normal 0.531145 -0.435908 -0.726546
 outer loop
  vertex 47.6730 4.0889 0.4000
  vertex 49.2979 3.4021 2.0000
  vertex 49.1513 3.2349 1.9931
 endloop
endfacet
facet normal 0.435903 -0.531148 -0.726547
 outer loop
  vertex 48.0958 4.6042 0.4000
  vertex 49.4651 3.5487 1.9931
  vertex 49.2979 3.4021 2.0000
 endloop
endfacet
facet normal 0.435909 -0.531141 -0.726548
 outer loop
  vertex 48.0958 4.6042 0.4000
  vertex 49.5268 3.5899 2.0000
  vertex 49.4651 3.5487 1.9931
 endloop
endfacet
facet normal 0.435903 -0.531148 -0.726547
 outer loop
  vertex 48.0958 4.6042 0.4000
  vertex 49.5555 3.6135 2.0000
  vertex 49.5268 3.5899 2.0000
 endloop
endfacet
facet normal 0.531149 -0.435902 -0.726547
 outer loop
  vertex 47.6730 4.0889 0.4000
  vertex 48.0958 4.6042 0.4000
  vertex 49.2979 3.4021 2.0000
 endloop
endfacet
facet normal 0.435902 -0.531149 -0.726547
 outer loop
  vertex 48.0958 4.6042 0.4000
  vertex 48.6111 5.0270 0.4000
  vertex 49.5555 3.6135 2.0000
 endloop
endfacet
facet normal 0.323905 -0.605983 -0.726547
 outer loop
  vertex 48.6111 5.0270 0.4000
  vertex 49.1989 5.3412 0.4000
  vertex 49.8494 3.7706 2.0000
 endloop
endfacet
facet normal 0.199459 -0.657530 -0.726547
 outer loop
  vertex 49.1989 5.3412 0.4000
  vertex 49.8367 5.5347 0.4000
  vertex 50.1683 3.8673 2.0000
 endloop
endfacet
facet normal 0.323908 -0.605982 -0.726546
 outer loop
  vertex 48.6111 5.0270 0.4000
  vertex 49.5883 3.6310 2.0000
  vertex 49.5555 3.6135 2.0000
 endloop
endfacet
facet normal 0.323897 -0.605988 -0.726546
 outer loop
  vertex 48.6111 5.0270 0.4000
  vertex 49.6500 3.6722 1.9931
  vertex 49.5883 3.6310 2.0000
 endloop
endfacet
facet normal 0.323908 -0.605981 -0.726547
 outer loop
  vertex 48.6111 5.0270 0.4000
  vertex 49.8494 3.7706 2.0000
  vertex 49.6500 3.6722 1.9931
 endloop
endfacet
facet normal 0.199458 -0.657531 -0.726546
 outer loop
  vertex 49.1989 5.3412 0.4000
  vertex 50.0600 3.8421 1.9931
  vertex 49.8494 3.7706 2.0000
 endloop
endfacet
facet normal 0.199459 -0.657530 -0.726546
 outer loop
  vertex 49.1989 5.3412 0.4000
  vertex 50.1328 3.8566 2.0000
  vertex 50.0600 3.8421 1.9931
 endloop
endfacet
facet normal 0.199469 -0.657526 -0.726548
 outer loop
  vertex 49.1989 5.3412 0.4000
  vertex 50.1683 3.8673 2.0000
  vertex 50.1328 3.8566 2.0000
 endloop
endfacet
facet normal 0.067346 -0.683809 -0.726546
 outer loop
  vertex 49.8367 5.5347 0.4000
  vertex 50.2053 3.8710 2.0000
  vertex 50.1683 3.8673 2.0000
 endloop
endfacet
facet normal 0.067350 -0.683808 -0.726547
 outer loop
  vertex 49.8367 5.5347 0.4000
  vertex 50.2781 3.8855 1.9931
  vertex 50.2053 3.8710 2.0000
 endloop
endfacet
facet normal -0.435903 0.531149 -0.726547
 outer loop
  vertex 52.7000 0.0000 0.6717
  vertex 51.9700 0.0000 1.1097
  vertex 51.4445 0.7865 2.0000
 endloop
endfacet
facet normal -0.531150 0.435900 -0.726547
 outer loop
  vertex 53.0717 0.0000 0.4000
  vertex 51.7021 0.9979 2.0000
  vertex 53.3270 0.3111 0.4000
 endloop
endfacet
facet normal -0.605983 0.323905 -0.726547
 outer loop
  vertex 53.3270 0.3111 0.4000
  vertex 51.9135 1.2555 2.0000
  vertex 53.6412 0.8989 0.4000
 endloop
endfacet
facet normal -0.531149 0.435902 -0.726547
 outer loop
  vertex 53.0717 0.0000 0.4000
  vertex 52.7000 0.0000 0.6717
  vertex 51.7021 0.9979 2.0000
 endloop
endfacet
facet normal -0.657530 0.199461 -0.726547
 outer loop
  vertex 53.6412 0.8989 0.4000
  vertex 52.0706 1.5494 2.0000
  vertex 53.8347 1.5367 0.4000
 endloop
endfacet
facet normal -0.683808 0.067350 -0.726547
 outer loop
  vertex 53.8347 1.5367 0.4000
  vertex 52.1673 1.8683 2.0000
  vertex 53.9000 2.2000 0.4000
 endloop
endfacet
facet normal -0.683808 -0.067350 -0.726547
 outer loop
  vertex 53.9000 2.2000 0.4000
  vertex 52.2000 2.2000 2.0000
  vertex 53.8347 2.8633 0.4000
 endloop
endfacet
facet normal -0.657530 -0.199461 -0.726547
 outer loop
  vertex 53.8347 2.8633 0.4000
  vertex 52.1673 2.5317 2.0000
  vertex 53.6412 3.5011 0.4000
 endloop
endfacet
facet normal -0.605983 -0.323905 -0.726546
 outer loop
  vertex 53.6412 3.5011 0.4000
  vertex 52.0706 2.8506 2.0000
  vertex 53.3270 4.0889 0.4000
 endloop
endfacet
facet normal -0.531149 -0.435902 -0.726547
 outer loop
  vertex 52.9042 4.6042 0.4000
  vertex 53.3270 4.0889 0.4000
  vertex 51.9135 3.1445 2.0000
 endloop
endfacet
facet normal -0.323905 0.605983 -0.726547
 outer loop
  vertex 51.9700 0.0000 1.1097
  vertex 51.4113 0.0000 1.3588
  vertex 51.1506 0.6294 2.0000
 endloop
endfacet
facet normal -0.531146 0.435908 -0.726546
 outer loop
  vertex 53.3270 0.3111 0.4000
  vertex 51.7021 0.9979 2.0000
  vertex 51.8487 1.1651 1.9931
 endloop
endfacet
facet normal -0.531145 0.435909 -0.726546
 outer loop
  vertex 53.3270 0.3111 0.4000
  vertex 51.8487 1.1651 1.9931
  vertex 51.8899 1.2268 2.0000
 endloop
endfacet
facet normal -0.531168 0.435877 -0.726548
 outer loop
  vertex 53.3270 0.3111 0.4000
  vertex 51.8899 1.2268 2.0000
  vertex 51.9135 1.2555 2.0000
 endloop
endfacet
facet normal -0.199459 0.657530 -0.726547
 outer loop
  vertex 50.9376 0.0000 1.4888
  vertex 50.8317 0.5327 2.0000
  vertex 51.4113 0.0000 1.3588
 endloop
endfacet
facet normal 0.067349 0.683809 -0.726547
 outer loop
  vertex 50.0624 0.0000 1.4888
  vertex 50.1683 0.5327 2.0000
  vertex 50.5000 0.0000 1.5294
 endloop
endfacet
facet normal -0.067349 0.683809 -0.726547
 outer loop
  vertex 50.5000 0.0000 1.5294
  vertex 50.5000 0.5000 2.0000
  vertex 50.9376 0.0000 1.4888
 endloop
endfacet
facet normal -0.435902 0.531149 -0.726546
 outer loop
  vertex 52.7000 0.0000 0.6717
  vertex 51.4445 0.7865 2.0000
  vertex 51.4732 0.8101 2.0000
 endloop
endfacet
facet normal -0.435909 0.531141 -0.726548
 outer loop
  vertex 52.7000 0.0000 0.6717
  vertex 51.4732 0.8101 2.0000
  vertex 51.5349 0.8513 1.9931
 endloop
endfacet
facet normal -0.435903 0.531148 -0.726547
 outer loop
  vertex 52.7000 0.0000 0.6717
  vertex 51.5349 0.8513 1.9931
  vertex 51.7021 0.9979 2.0000
 endloop
endfacet
facet normal -0.323907 0.605981 -0.726547
 outer loop
  vertex 51.9700 0.0000 1.1097
  vertex 51.1506 0.6294 2.0000
  vertex 51.3500 0.7278 1.9931
 endloop
endfacet
facet normal -0.323897 0.605988 -0.726546
 outer loop
  vertex 51.9700 0.0000 1.1097
  vertex 51.3500 0.7278 1.9931
  vertex 51.4117 0.7690 2.0000
 endloop
endfacet
facet normal -0.323909 0.605981 -0.726547
 outer loop
  vertex 51.9700 0.0000 1.1097
  vertex 51.4117 0.7690 2.0000
  vertex 51.4445 0.7865 2.0000
 endloop
endfacet
facet normal -0.435903 -0.531148 -0.726547
 outer loop
  vertex 52.3889 5.0270 0.4000
  vertex 51.7021 3.4021 2.0000
  vertex 51.5349 3.5487 1.9931
 endloop
endfacet
facet normal -0.605986 -0.323901 -0.726546
 outer loop
  vertex 53.3270 4.0889 0.4000
  vertex 52.0706 2.8506 2.0000
  vertex 51.9722 3.0500 1.9931
 endloop
endfacet
facet normal -0.605980 -0.323910 -0.726547
 outer loop
  vertex 53.3270 4.0889 0.4000
  vertex 51.9310 3.1117 2.0000
  vertex 51.9135 3.1445 2.0000
 endloop
endfacet
facet normal -0.605979 -0.323912 -0.726547
 outer loop
  vertex 53.3270 4.0889 0.4000
  vertex 51.9722 3.0500 1.9931
  vertex 51.9310 3.1117 2.0000
 endloop
endfacet
facet normal -0.531144 -0.435907 -0.726547
 outer loop
  vertex 52.9042 4.6042 0.4000
  vertex 51.8487 3.2349 1.9931
  vertex 51.7021 3.4021 2.0000
 endloop
endfacet
facet normal -0.531173 -0.435881 -0.726542
 outer loop
  vertex 52.9042 4.6042 0.4000
  vertex 51.9135 3.1445 2.0000
  vertex 51.8899 3.1732 2.0000
 endloop
endfacet
facet normal -0.531144 -0.435907 -0.726548
 outer loop
  vertex 52.9042 4.6042 0.4000
  vertex 51.8899 3.1732 2.0000
  vertex 51.8487 3.2349 1.9931
 endloop
endfacet
facet normal -0.605980 0.323915 -0.726545
 outer loop
  vertex 53.6412 0.8989 0.4000
  vertex 51.9135 1.2555 2.0000
  vertex 51.9310 1.2883 2.0000
 endloop
endfacet
facet normal -0.605981 0.323912 -0.726546
 outer loop
  vertex 53.6412 0.8989 0.4000
  vertex 51.9310 1.2883 2.0000
  vertex 51.9722 1.3500 1.9931
 endloop
endfacet
facet normal -0.605985 0.323901 -0.726547
 outer loop
  vertex 53.6412 0.8989 0.4000
  vertex 51.9722 1.3500 1.9931
  vertex 52.0706 1.5494 2.0000
 endloop
endfacet
facet normal -0.657529 0.199463 -0.726546
 outer loop
  vertex 53.8347 1.5367 0.4000
  vertex 52.0706 1.5494 2.0000
  vertex 52.1421 1.7600 1.9931
 endloop
endfacet
facet normal -0.657532 0.199452 -0.726547
 outer loop
  vertex 53.8347 1.5367 0.4000
  vertex 52.1421 1.7600 1.9931
  vertex 52.1566 1.8328 2.0000
 endloop
endfacet
facet normal -0.657527 0.199473 -0.726545
 outer loop
  vertex 53.8347 1.5367 0.4000
  vertex 52.1566 1.8328 2.0000
  vertex 52.1673 1.8683 2.0000
 endloop
endfacet
facet normal -0.683808 0.067337 -0.726548
 outer loop
  vertex 53.9000 2.2000 0.4000
  vertex 52.1673 1.8683 2.0000
  vertex 52.1710 1.9053 2.0000
 endloop
endfacet
facet normal -0.683808 0.067341 -0.726548
 outer loop
  vertex 53.9000 2.2000 0.4000
  vertex 52.1710 1.9053 2.0000
  vertex 52.1855 1.9781 1.9931
 endloop
endfacet
facet normal -0.683807 -0.067354 -0.726547
 outer loop
  vertex 53.8347 2.8633 0.4000
  vertex 52.2000 2.2000 2.0000
  vertex 52.1855 2.4219 1.9931
 endloop
endfacet
facet normal -0.683808 0.067355 -0.726546
 outer loop
  vertex 53.9000 2.2000 0.4000
  vertex 52.1855 1.9781 1.9931
  vertex 52.2000 2.2000 2.0000
 endloop
endfacet
facet normal -0.683809 -0.067342 -0.726546
 outer loop
  vertex 53.8347 2.8633 0.4000
  vertex 52.1855 2.4219 1.9931
  vertex 52.1710 2.4947 2.0000
 endloop
endfacet
facet normal -0.683810 -0.067337 -0.726546
 outer loop
  vertex 53.8347 2.8633 0.4000
  vertex 52.1710 2.4947 2.0000
  vertex 52.1673 2.5317 2.0000
 endloop
endfacet
facet normal -0.657525 -0.199473 -0.726548
 outer loop
  vertex 53.6412 3.5011 0.4000
  vertex 52.1673 2.5317 2.0000
  vertex 52.1566 2.5672 2.0000
 endloop
endfacet
facet normal -0.657535 -0.199452 -0.726545
 outer loop
  vertex 53.6412 3.5011 0.4000
  vertex 52.1566 2.5672 2.0000
  vertex 52.1421 2.6400 1.9931
 endloop
endfacet
facet normal -0.657529 -0.199463 -0.726547
 outer loop
  vertex 53.6412 3.5011 0.4000
  vertex 52.1421 2.6400 1.9931
  vertex 52.0706 2.8506 2.0000
 endloop
endfacet
facet normal 0.067349 -0.683809 -0.726547
 outer loop
  vertex 49.8367 5.5347 0.4000
  vertex 50.5000 5.6000 0.4000
  vertex 50.5000 3.9000 2.0000
 endloop
endfacet
facet normal -0.067349 -0.683809 -0.726547
 outer loop
  vertex 50.5000 5.6000 0.4000
  vertex 51.1633 5.5347 0.4000
  vertex 50.8317 3.8673 2.0000
 endloop
endfacet
facet normal -0.199459 -0.657530 -0.726547
 outer loop
  vertex 51.1633 5.5347 0.4000
  vertex 51.8011 5.3412 0.4000
  vertex 51.1506 3.7706 2.0000
 endloop
endfacet
facet normal -0.323905 -0.605983 -0.726547
 outer loop
  vertex 51.8011 5.3412 0.4000
  vertex 52.3889 5.0270 0.4000
  vertex 51.4445 3.6135 2.0000
 endloop
endfacet
facet normal -0.435902 -0.531149 -0.726547
 outer loop
  vertex 52.3889 5.0270 0.4000
  vertex 52.9042 4.6042 0.4000
  vertex 51.7021 3.4021 2.0000
 endloop
endfacet
facet normal 0.067350 -0.683809 -0.726547
 outer loop
  vertex 49.8367 5.5347 0.4000
  vertex 50.5000 3.9000 2.0000
  vertex 50.2781 3.8855 1.9931
 endloop
endfacet
facet normal -0.067349 -0.683809 -0.726547
 outer loop
  vertex 50.5000 5.6000 0.4000
  vertex 50.7219 3.8855 1.9931
  vertex 50.5000 3.9000 2.0000
 endloop
endfacet
facet normal -0.067351 -0.683808 -0.726547
 outer loop
  vertex 50.5000 5.6000 0.4000
  vertex 50.7947 3.8710 2.0000
  vertex 50.7219 3.8855 1.9931
 endloop
endfacet
facet normal -0.067346 -0.683809 -0.726547
 outer loop
  vertex 50.5000 5.6000 0.4000
  vertex 50.8317 3.8673 2.0000
  vertex 50.7947 3.8710 2.0000
 endloop
endfacet
facet normal -0.199467 -0.657529 -0.726546
 outer loop
  vertex 51.1633 5.5347 0.4000
  vertex 50.8672 3.8566 2.0000
  vertex 50.8317 3.8673 2.0000
 endloop
endfacet
facet normal -0.199459 -0.657530 -0.726547
 outer loop
  vertex 51.1633 5.5347 0.4000
  vertex 50.9400 3.8421 1.9931
  vertex 50.8672 3.8566 2.0000
 endloop
endfacet
facet normal -0.199458 -0.657530 -0.726547
 outer loop
  vertex 51.1633 5.5347 0.4000
  vertex 51.1506 3.7706 2.0000
  vertex 50.9400 3.8421 1.9931
 endloop
endfacet
facet normal -0.323897 -0.605986 -0.726548
 outer loop
  vertex 51.8011 5.3412 0.4000
  vertex 51.4117 3.6310 2.0000
  vertex 51.3500 3.6722 1.9931
 endloop
endfacet
facet normal -0.323905 -0.605983 -0.726547
 outer loop
  vertex 51.8011 5.3412 0.4000
  vertex 51.4445 3.6135 2.0000
  vertex 51.4117 3.6310 2.0000
 endloop
endfacet
facet normal -0.323908 -0.605982 -0.726547
 outer loop
  vertex 51.8011 5.3412 0.4000
  vertex 51.3500 3.6722 1.9931
  vertex 51.1506 3.7706 2.0000
 endloop
endfacet
facet normal -0.435909 -0.531143 -0.726546
 outer loop
  vertex 52.3889 5.0270 0.4000
  vertex 51.5349 3.5487 1.9931
  vertex 51.4732 3.5899 2.0000
 endloop
endfacet
facet normal -0.435903 -0.531148 -0.726547
 outer loop
  vertex 52.3889 5.0270 0.4000
  vertex 51.4732 3.5899 2.0000
  vertex 51.4445 3.6135 2.0000
 endloop
endfacet
facet normal 0.323895 0.605986 -0.726549
 outer loop
  vertex 49.5887 0.0000 1.3588
  vertex 49.5883 0.7690 2.0000
  vertex 49.6500 0.7278 1.9931
 endloop
endfacet
facet normal 0.323910 0.605982 -0.726545
 outer loop
  vertex 49.5887 0.0000 1.3588
  vertex 49.5555 0.7865 2.0000
  vertex 49.5883 0.7690 2.0000
 endloop
endfacet
facet normal 0.323907 0.605982 -0.726546
 outer loop
  vertex 49.5887 0.0000 1.3588
  vertex 49.6500 0.7278 1.9931
  vertex 49.8494 0.6294 2.0000
 endloop
endfacet
facet normal 0.199458 0.657530 -0.726547
 outer loop
  vertex 50.0624 0.0000 1.4888
  vertex 49.8494 0.6294 2.0000
  vertex 50.0600 0.5579 1.9931
 endloop
endfacet
facet normal 0.199459 0.657530 -0.726547
 outer loop
  vertex 50.0624 0.0000 1.4888
  vertex 50.0600 0.5579 1.9931
  vertex 50.1328 0.5434 2.0000
 endloop
endfacet
facet normal 0.199468 0.657528 -0.726546
 outer loop
  vertex 50.0624 0.0000 1.4888
  vertex 50.1328 0.5434 2.0000
  vertex 50.1683 0.5327 2.0000
 endloop
endfacet
facet normal 0.067347 0.683808 -0.726547
 outer loop
  vertex 50.5000 0.0000 1.5294
  vertex 50.1683 0.5327 2.0000
  vertex 50.2053 0.5290 2.0000
 endloop
endfacet
facet normal 0.067349 0.683808 -0.726547
 outer loop
  vertex 50.5000 0.0000 1.5294
  vertex 50.2053 0.5290 2.0000
  vertex 50.2781 0.5145 1.9931
 endloop
endfacet
facet normal 0.067349 0.683809 -0.726547
 outer loop
  vertex 50.5000 0.0000 1.5294
  vertex 50.2781 0.5145 1.9931
  vertex 50.5000 0.5000 2.0000
 endloop
endfacet
facet normal -0.067349 0.683809 -0.726547
 outer loop
  vertex 50.9376 0.0000 1.4888
  vertex 50.5000 0.5000 2.0000
  vertex 50.7219 0.5145 1.9931
 endloop
endfacet
facet normal -0.199467 0.657524 -0.726550
 outer loop
  vertex 51.4113 0.0000 1.3588
  vertex 50.8317 0.5327 2.0000
  vertex 50.8672 0.5434 2.0000
 endloop
endfacet
facet normal -0.199459 0.657531 -0.726546
 outer loop
  vertex 51.4113 0.0000 1.3588
  vertex 50.8672 0.5434 2.0000
  vertex 50.9400 0.5579 1.9931
 endloop
endfacet
facet normal -0.199458 0.657531 -0.726546
 outer loop
  vertex 51.4113 0.0000 1.3588
  vertex 50.9400 0.5579 1.9931
  vertex 51.1506 0.6294 2.0000
 endloop
endfacet
facet normal -0.067349 0.683808 -0.726547
 outer loop
  vertex 50.9376 0.0000 1.4888
  vertex 50.7219 0.5145 1.9931
  vertex 50.7947 0.5290 2.0000
 endloop
endfacet
facet normal -0.067347 0.683809 -0.726546
 outer loop
  vertex 50.9376 0.0000 1.4888
  vertex 50.7947 0.5290 2.0000
  vertex 50.8317 0.5327 2.0000
 endloop
endfacet
facet normal 0.000000 0.000000 -1.000000
 outer loop
  vertex 6.6470 4.5034 0.0000
  vertex 6.7868 4.9674 0.0000
  vertex 6.9338 4.5604 0.0000
 endloop
endfacet
facet normal 0.000000 0.000000 -1.000000
 outer loop
  vertex 6.6470 4.5034 0.0000
  vertex 6.7149 4.9918 0.0000
  vertex 6.7703 4.9730 0.0000
 endloop
endfacet
facet normal 0.000000 0.000000 -1.000000
 outer loop
  vertex 6.6470 4.5034 0.0000
  vertex 6.7703 4.9730 0.0000
  vertex 6.7868 4.9674 0.0000
 endloop
endfacet
facet normal 0.000000 0.000000 -1.000000
 outer loop
  vertex 6.9567 4.5558 0.0000
  vertex 7.2347 4.5320 0.0000
  vertex 6.9567 4.5425 0.0000
 endloop
endfacet
facet normal 0.000000 0.000000 -1.000000
 outer loop
  vertex 6.9567 4.5558 0.0000
  vertex 6.9658 4.9052 0.0000
  vertex 7.2253 4.7772 0.0000
 endloop
endfacet
facet normal 0.000000 0.000000 -1.000000
 outer loop
  vertex 7.2324 4.4967 0.0000
  vertex 6.9567 4.5425 0.0000
  vertex 7.2347 4.5320 0.0000
 endloop
endfacet
facet normal 0.000000 0.000000 -1.000000
 outer loop
  vertex 6.9567 4.5558 0.0000
  vertex 7.2253 4.7772 0.0000
  vertex 7.2347 4.5320 0.0000
 endloop
endfacet
facet normal -0.065402 0.997859 0.000000
 outer loop
  vertex 5.6737 5.0786 2.0000
  vertex 5.7300 5.0823 5.0000
  vertex 5.7300 5.0823 2.0000
 endloop
endfacet
facet normal 0.659347 0.751839 0.000000
 outer loop
  vertex 7.7678 4.3678 2.0000
  vertex 7.6088 4.5071 2.0000
  vertex 7.6088 4.5071 5.0000
 endloop
endfacet
facet normal -0.751840 -0.659346 0.000000
 outer loop
  vertex 4.2322 0.8322 2.0000
  vertex 4.0166 1.0781 7.0000
  vertex 4.0166 1.0781 2.0000
 endloop
endfacet
facet normal -0.659346 -0.751840 0.000000
 outer loop
  vertex 4.2322 0.8322 2.0000
  vertex 4.4781 0.6166 2.0000
  vertex 4.2322 0.8322 7.0000
 endloop
endfacet
facet normal -0.831469 -0.555571 0.000000
 outer loop
  vertex 3.8349 1.3500 2.0000
  vertex 4.0166 1.0781 2.0000
  vertex 3.8349 1.3500 7.0000
 endloop
endfacet
facet normal -0.946930 -0.321439 0.000000
 outer loop
  vertex 3.6903 1.6433 2.0000
  vertex 3.5852 1.9530 7.0000
  vertex 3.5852 1.9530 2.0000
 endloop
endfacet
facet normal -0.896873 -0.442288 0.000000
 outer loop
  vertex 3.8349 1.3500 2.0000
  vertex 3.6903 1.6433 7.0000
  vertex 3.6903 1.6433 2.0000
 endloop
endfacet
facet normal -0.980785 -0.195091 0.000000
 outer loop
  vertex 3.5852 1.9530 2.0000
  vertex 3.5214 2.2737 7.0000
  vertex 3.5214 2.2737 2.0000
 endloop
endfacet
facet normal -0.997859 -0.065403 0.000000
 outer loop
  vertex 3.5214 2.2737 2.0000
  vertex 3.5000 2.6000 7.0000
  vertex 3.5000 2.6000 2.0000
 endloop
endfacet
facet normal -0.997859 0.065403 0.000000
 outer loop
  vertex 3.5000 2.6000 2.0000
  vertex 3.5214 2.9263 7.0000
  vertex 3.5214 2.9263 2.0000
 endloop
endfacet
facet normal -0.980785 0.195091 0.000000
 outer loop
  vertex 3.5214 2.9263 2.0000
  vertex 3.5852 3.2470 7.0000
  vertex 3.5852 3.2470 2.0000
 endloop
endfacet
facet normal -0.946930 0.321439 0.000000
 outer loop
  vertex 3.5852 3.2470 2.0000
  vertex 3.6903 3.5567 7.0000
  vertex 3.6903 3.5567 2.0000
 endloop
endfacet
facet normal -0.896873 0.442288 0.000000
 outer loop
  vertex 3.6903 3.5567 2.0000
  vertex 3.8349 3.8500 7.0000
  vertex 3.8349 3.8500 2.0000
 endloop
endfacet
facet normal -0.831469 0.555571 0.000000
 outer loop
  vertex 3.8349 3.8500 2.0000
  vertex 4.0166 4.1219 7.0000
  vertex 4.0166 4.1219 2.0000
 endloop
endfacet
facet normal -0.751840 0.659345 0.000000
 outer loop
  vertex 4.0166 4.1219 2.0000
  vertex 4.2322 4.3678 7.0000
  vertex 4.2322 4.3678 2.0000
 endloop
endfacet
facet normal -0.659346 0.751839 0.000000
 outer loop
  vertex 4.2322 4.3678 2.0000
  vertex 4.4781 4.5834 7.0000
  vertex 4.4781 4.5834 2.0000
 endloop
endfacet
facet normal -0.442288 -0.896873 0.000000
 outer loop
  vertex 4.7500 0.4349 2.0000
  vertex 5.0433 0.2903 2.0000
  vertex 4.7500 0.4349 7.0000
 endloop
endfacet
facet normal -0.555570 -0.831470 0.000000
 outer loop
  vertex 4.4781 0.6166 2.0000
  vertex 4.7500 0.4349 2.0000
  vertex 4.4781 0.6166 7.0000
 endloop
endfacet
facet normal -0.321440 -0.946930 0.000000
 outer loop
  vertex 5.0433 0.2903 2.0000
  vertex 5.3530 0.1852 2.0000
  vertex 5.0433 0.2903 7.0000
 endloop
endfacet
facet normal -0.195090 -0.980785 0.000000
 outer loop
  vertex 5.3530 0.1852 2.0000
  vertex 5.6737 0.1214 2.0000
  vertex 5.3530 0.1852 7.0000
 endloop
endfacet
facet normal -0.065403 -0.997859 0.000000
 outer loop
  vertex 5.6737 0.1214 2.0000
  vertex 6.0000 0.1000 2.0000
  vertex 5.6737 0.1214 7.0000
 endloop
endfacet
facet normal 0.065403 -0.997859 0.000000
 outer loop
  vertex 6.0000 0.1000 2.0000
  vertex 6.3263 0.1214 2.0000
  vertex 6.0000 0.1000 7.0000
 endloop
endfacet
facet normal 0.195090 -0.980785 0.000000
 outer loop
  vertex 6.3263 0.1214 2.0000
  vertex 6.6470 0.1852 2.0000
  vertex 6.3263 0.1214 7.0000
 endloop
endfacet
facet normal 0.321440 -0.946930 0.000000
 outer loop
  vertex 6.6470 0.1852 2.0000
  vertex 6.9567 0.2903 2.0000
  vertex 6.6470 0.1852 7.0000
 endloop
endfacet
facet normal 0.442288 -0.896873 0.000000
 outer loop
  vertex 6.9567 0.2903 2.0000
  vertex 7.2500 0.4349 2.0000
  vertex 6.9567 0.2903 7.0000
 endloop
endfacet
facet normal 0.555570 -0.831470 0.000000
 outer loop
  vertex 7.2500 0.4349 2.0000
  vertex 7.5219 0.6166 2.0000
  vertex 7.2500 0.4349 7.0000
 endloop
endfacet
facet normal 0.659346 -0.751840 0.000000
 outer loop
  vertex 7.5219 0.6166 2.0000
  vertex 7.7678 0.8322 2.0000
  vertex 7.5219 0.6166 7.0000
 endloop
endfacet
facet normal 0.751840 -0.659346 0.000000
 outer loop
  vertex 7.7678 0.8322 2.0000
  vertex 7.9834 1.0781 2.0000
  vertex 7.7678 0.8322 7.0000
 endloop
endfacet
facet normal 0.831469 -0.555571 0.000000
 outer loop
  vertex 7.9834 1.0781 2.0000
  vertex 8.1651 1.3500 2.0000
  vertex 7.9834 1.0781 7.0000
 endloop
endfacet
facet normal 0.896873 -0.442288 0.000000
 outer loop
  vertex 8.1651 1.3500 2.0000
  vertex 8.3097 1.6433 2.0000
  vertex 8.1651 1.3500 7.0000
 endloop
endfacet
facet normal 0.946930 -0.321440 0.000000
 outer loop
  vertex 8.3097 1.6433 2.0000
  vertex 8.4148 1.9530 2.0000
  vertex 8.3097 1.6433 7.0000
 endloop
endfacet
facet normal 0.980786 -0.195089 0.000000
 outer loop
  vertex 8.4148 1.9530 2.0000
  vertex 8.4786 2.2737 2.0000
  vertex 8.4148 1.9530 7.0000
 endloop
endfacet
facet normal 0.997859 -0.065404 0.000000
 outer loop
  vertex 8.4786 2.2737 2.0000
  vertex 8.5000 2.6000 2.0000
  vertex 8.4786 2.2737 7.0000
 endloop
endfacet
facet normal 0.997859 0.065404 -0.000000
 outer loop
  vertex 8.5000 2.6000 2.0000
  vertex 8.4786 2.9263 2.0000
  vertex 8.5000 2.6000 7.0000
 endloop
endfacet
facet normal 0.980786 0.195089 -0.000000
 outer loop
  vertex 8.4786 2.9263 2.0000
  vertex 8.4148 3.2470 2.0000
  vertex 8.4786 2.9263 7.0000
 endloop
endfacet
facet normal 0.946930 0.321440 -0.000000
 outer loop
  vertex 8.4148 3.2470 2.0000
  vertex 8.3097 3.5567 2.0000
  vertex 8.4148 3.2470 7.0000
 endloop
endfacet
facet normal 0.896873 0.442288 0.000000
 outer loop
  vertex 8.1651 3.8500 2.0000
  vertex 8.3097 3.5567 7.0000
  vertex 8.3097 3.5567 2.0000
 endloop
endfacet
facet normal 0.831469 0.555571 -0.000000
 outer loop
  vertex 8.1651 3.8500 2.0000
  vertex 7.9834 4.1219 2.0000
  vertex 8.1651 3.8500 7.0000
 endloop
endfacet
facet normal -0.555569 0.831470 0.000000
 outer loop
  vertex 4.4781 4.5834 2.0000
  vertex 4.7500 4.7651 7.0000
  vertex 4.7500 4.7651 2.0000
 endloop
endfacet
facet normal -0.442289 0.896872 0.000000
 outer loop
  vertex 4.7500 4.7651 2.0000
  vertex 5.0433 4.9097 7.0000
  vertex 5.0433 4.9097 2.0000
 endloop
endfacet
facet normal -0.321439 0.946930 0.000000
 outer loop
  vertex 5.0433 4.9097 2.0000
  vertex 5.3530 5.0148 7.0000
  vertex 5.3530 5.0148 2.0000
 endloop
endfacet
facet normal -0.195091 0.980785 0.000000
 outer loop
  vertex 5.3530 5.0148 2.0000
  vertex 5.6737 5.0786 7.0000
  vertex 5.6737 5.0786 2.0000
 endloop
endfacet
facet normal 0.751840 0.659345 -0.000000
 outer loop
  vertex 7.9834 4.1219 2.0000
  vertex 7.7678 4.3678 2.0000
  vertex 7.9834 4.1219 7.0000
 endloop
endfacet
facet normal -0.065402 0.997859 0.000000
 outer loop
  vertex 5.6737 5.0786 2.0000
  vertex 5.6737 5.0786 7.0000
  vertex 5.7300 5.0823 5.0000
 endloop
endfacet
facet normal 0.659347 0.751839 -0.000000
 outer loop
  vertex 7.7678 4.3678 2.0000
  vertex 7.6088 4.5071 5.0000
  vertex 7.7678 4.3678 7.0000
 endloop
endfacet
facet normal -0.751840 -0.659346 0.000000
 outer loop
  vertex 4.2322 0.8322 2.0000
  vertex 4.2322 0.8322 7.0000
  vertex 4.0166 1.0781 7.0000
 endloop
endfacet
facet normal -0.659346 -0.751840 0.000000
 outer loop
  vertex 4.4781 0.6166 2.0000
  vertex 4.4781 0.6166 7.0000
  vertex 4.2322 0.8322 7.0000
 endloop
endfacet
facet normal -0.831469 -0.555571 0.000000
 outer loop
  vertex 4.0166 1.0781 2.0000
  vertex 4.0166 1.0781 7.0000
  vertex 3.8349 1.3500 7.0000
 endloop
endfacet
facet normal -0.896873 -0.442288 0.000000
 outer loop
  vertex 3.8349 1.3500 2.0000
  vertex 3.8349 1.3500 7.0000
  vertex 3.6903 1.6433 7.0000
 endloop
endfacet
facet normal -0.946930 -0.321439 0.000000
 outer loop
  vertex 3.6903 1.6433 2.0000
  vertex 3.6903 1.6433 7.0000
  vertex 3.5852 1.9530 7.0000
 endloop
endfacet
facet normal -0.980785 -0.195091 0.000000
 outer loop
  vertex 3.5852 1.9530 2.0000
  vertex 3.5852 1.9530 7.0000
  vertex 3.5214 2.2737 7.0000
 endloop
endfacet
facet normal -0.997859 -0.065403 0.000000
 outer loop
  vertex 3.5214 2.2737 2.0000
  vertex 3.5214 2.2737 7.0000
  vertex 3.5000 2.6000 7.0000
 endloop
endfacet
facet normal -0.997859 0.065403 0.000000
 outer loop
  vertex 3.5000 2.6000 2.0000
  vertex 3.5000 2.6000 7.0000
  vertex 3.5214 2.9263 7.0000
 endloop
endfacet
facet normal -0.980785 0.195091 0.000000
 outer loop
  vertex 3.5214 2.9263 2.0000
  vertex 3.5214 2.9263 7.0000
  vertex 3.5852 3.2470 7.0000
 endloop
endfacet
facet normal -0.946930 0.321439 0.000000
 outer loop
  vertex 3.5852 3.2470 2.0000
  vertex 3.5852 3.2470 7.0000
  vertex 3.6903 3.5567 7.0000
 endloop
endfacet
facet normal -0.896873 0.442288 0.000000
 outer loop
  vertex 3.6903 3.5567 2.0000
  vertex 3.6903 3.5567 7.0000
  vertex 3.8349 3.8500 7.0000
 endloop
endfacet
facet normal -0.831469 0.555571 0.000000
 outer loop
  vertex 3.8349 3.8500 2.0000
  vertex 3.8349 3.8500 7.0000
  vertex 4.0166 4.1219 7.0000
 endloop
endfacet
facet normal -0.751840 0.659345 0.000000
 outer loop
  vertex 4.0166 4.1219 2.0000
  vertex 4.0166 4.1219 7.0000
  vertex 4.2322 4.3678 7.0000
 endloop
endfacet
facet normal -0.659346 0.751839 0.000000
 outer loop
  vertex 4.2322 4.3678 2.0000
  vertex 4.2322 4.3678 7.0000
  vertex 4.4781 4.5834 7.0000
 endloop
endfacet
facet normal -0.555570 -0.831470 0.000000
 outer loop
  vertex 4.7500 0.4349 2.0000
  vertex 4.7500 0.4349 7.0000
  vertex 4.4781 0.6166 7.0000
 endloop
endfacet
facet normal -0.442288 -0.896873 0.000000
 outer loop
  vertex 5.0433 0.2903 2.0000
  vertex 5.0433 0.2903 7.0000
  vertex 4.7500 0.4349 7.0000
 endloop
endfacet
facet normal -0.321440 -0.946930 0.000000
 outer loop
  vertex 5.3530 0.1852 2.0000
  vertex 5.3530 0.1852 7.0000
  vertex 5.0433 0.2903 7.0000
 endloop
endfacet
facet normal -0.195090 -0.980785 0.000000
 outer loop
  vertex 5.6737 0.1214 2.0000
  vertex 5.6737 0.1214 7.0000
  vertex 5.3530 0.1852 7.0000
 endloop
endfacet
facet normal -0.065403 -0.997859 0.000000
 outer loop
  vertex 6.0000 0.1000 2.0000
  vertex 6.0000 0.1000 7.0000
  vertex 5.6737 0.1214 7.0000
 endloop
endfacet
facet normal 0.065403 -0.997859 0.000000
 outer loop
  vertex 6.3263 0.1214 2.0000
  vertex 6.3263 0.1214 7.0000
  vertex 6.0000 0.1000 7.0000
 endloop
endfacet
facet normal 0.195090 -0.980785 0.000000
 outer loop
  vertex 6.6470 0.1852 2.0000
  vertex 6.6470 0.1852 7.0000
  vertex 6.3263 0.1214 7.0000
 endloop
endfacet
facet normal 0.321440 -0.946930 0.000000
 outer loop
  vertex 6.9567 0.2903 2.0000
  vertex 6.9567 0.2903 7.0000
  vertex 6.6470 0.1852 7.0000
 endloop
endfacet
facet normal 0.442288 -0.896873 0.000000
 outer loop
  vertex 7.2500 0.4349 2.0000
  vertex 7.2500 0.4349 7.0000
  vertex 6.9567 0.2903 7.0000
 endloop
endfacet
facet normal 0.555570 -0.831470 0.000000
 outer loop
  vertex 7.5219 0.6166 2.0000
  vertex 7.5219 0.6166 7.0000
  vertex 7.2500 0.4349 7.0000
 endloop
endfacet
facet normal 0.659346 -0.751840 0.000000
 outer loop
  vertex 7.7678 0.8322 2.0000
  vertex 7.7678 0.8322 7.0000
  vertex 7.5219 0.6166 7.0000
 endloop
endfacet
facet normal 0.751840 -0.659346 0.000000
 outer loop
  vertex 7.9834 1.0781 2.0000
  vertex 7.9834 1.0781 7.0000
  vertex 7.7678 0.8322 7.0000
 endloop
endfacet
facet normal 0.831469 -0.555571 0.000000
 outer loop
  vertex 8.1651 1.3500 2.0000
  vertex 8.1651 1.3500 7.0000
  vertex 7.9834 1.0781 7.0000
 endloop
endfacet
facet normal 0.896873 -0.442288 0.000000
 outer loop
  vertex 8.3097 1.6433 2.0000
  vertex 8.3097 1.6433 7.0000
  vertex 8.1651 1.3500 7.0000
 endloop
endfacet
facet normal 0.946930 -0.321440 0.000000
 outer loop
  vertex 8.4148 1.9530 2.0000
  vertex 8.4148 1.9530 7.0000
  vertex 8.3097 1.6433 7.0000
 endloop
endfacet
facet normal 0.980786 -0.195089 0.000000
 outer loop
  vertex 8.4786 2.2737 2.0000
  vertex 8.4786 2.2737 7.0000
  vertex 8.4148 1.9530 7.0000
 endloop
endfacet
facet normal 0.997859 -0.065404 0.000000
 outer loop
  vertex 8.5000 2.6000 2.0000
  vertex 8.5000 2.6000 7.0000
  vertex 8.4786 2.2737 7.0000
 endloop
endfacet
facet normal 0.997859 0.065404 -0.000000
 outer loop
  vertex 8.4786 2.9263 2.0000
  vertex 8.4786 2.9263 7.0000
  vertex 8.5000 2.6000 7.0000
 endloop
endfacet
facet normal 0.980786 0.195089 -0.000000
 outer loop
  vertex 8.4148 3.2470 2.0000
  vertex 8.4148 3.2470 7.0000
  vertex 8.4786 2.9263 7.0000
 endloop
endfacet
facet normal 0.946930 0.321440 -0.000000
 outer loop
  vertex 8.3097 3.5567 2.0000
  vertex 8.3097 3.5567 7.0000
  vertex 8.4148 3.2470 7.0000
 endloop
endfacet
facet normal 0.896873 0.442288 -0.000000
 outer loop
  vertex 8.1651 3.8500 2.0000
  vertex 8.1651 3.8500 7.0000
  vertex 8.3097 3.5567 7.0000
 endloop
endfacet
facet normal -0.555569 0.831470 0.000000
 outer loop
  vertex 4.4781 4.5834 2.0000
  vertex 4.4781 4.5834 7.0000
  vertex 4.7500 4.7651 7.0000
 endloop
endfacet
facet normal -0.442289 0.896872 0.000000
 outer loop
  vertex 4.7500 4.7651 2.0000
  vertex 4.7500 4.7651 7.0000
  vertex 5.0433 4.9097 7.0000
 endloop
endfacet
facet normal -0.321439 0.946930 0.000000
 outer loop
  vertex 5.0433 4.9097 2.0000
  vertex 5.0433 4.9097 7.0000
  vertex 5.3530 5.0148 7.0000
 endloop
endfacet
facet normal -0.195091 0.980785 0.000000
 outer loop
  vertex 5.3530 5.0148 2.0000
  vertex 5.3530 5.0148 7.0000
  vertex 5.6737 5.0786 7.0000
 endloop
endfacet
facet normal -0.065402 0.997859 0.000000
 outer loop
  vertex 5.7300 5.0823 5.0000
  vertex 6.0000 5.1000 7.0000
  vertex 6.0000 5.1000 5.0000
 endloop
endfacet
facet normal 0.065402 0.997859 0.000000
 outer loop
  vertex 6.0000 5.1000 5.0000
  vertex 6.3263 5.0786 7.0000
  vertex 6.3263 5.0786 5.0000
 endloop
endfacet
facet normal 0.195091 0.980785 0.000000
 outer loop
  vertex 6.3263 5.0786 5.0000
  vertex 6.6470 5.0148 7.0000
  vertex 6.6470 5.0148 5.0000
 endloop
endfacet
facet normal 0.751840 0.659345 -0.000000
 outer loop
  vertex 7.7678 4.3678 2.0000
  vertex 7.7678 4.3678 7.0000
  vertex 7.9834 4.1219 7.0000
 endloop
endfacet
facet normal 0.831469 0.555571 -0.000000
 outer loop
  vertex 7.9834 4.1219 2.0000
  vertex 7.9834 4.1219 7.0000
  vertex 8.1651 3.8500 7.0000
 endloop
endfacet
facet normal 0.321439 0.946930 0.000000
 outer loop
  vertex 6.6470 5.0148 5.0000
  vertex 6.9567 4.9097 7.0000
  vertex 6.9567 4.9097 5.0000
 endloop
endfacet
facet normal 0.442289 0.896872 0.000000
 outer loop
  vertex 6.9567 4.9097 5.0000
  vertex 7.2500 4.7651 7.0000
  vertex 7.2500 4.7651 5.0000
 endloop
endfacet
facet normal 0.659345 0.751840 -0.000000
 outer loop
  vertex 7.5219 4.5834 5.0000
  vertex 7.5219 4.5834 7.0000
  vertex 7.6088 4.5071 5.0000
 endloop
endfacet
facet normal 0.555569 0.831470 0.000000
 outer loop
  vertex 7.2500 4.7651 5.0000
  vertex 7.5219 4.5834 7.0000
  vertex 7.5219 4.5834 5.0000
 endloop
endfacet
facet normal 0.000000 -0.000000 1.000000
 outer loop
  vertex 3.5852 1.9530 7.0000
  vertex 3.5852 3.2470 7.0000
  vertex 3.5214 2.2737 7.0000
 endloop
endfacet
facet normal 0.000000 -0.000000 1.000000
 outer loop
  vertex 3.6903 1.6433 7.0000
  vertex 3.6903 3.5567 7.0000
  vertex 3.5852 1.9530 7.0000
 endloop
endfacet
facet normal -0.000000 0.000000 1.000000
 outer loop
  vertex 3.8349 1.3500 7.0000
  vertex 4.0166 1.0781 7.0000
  vertex 4.0166 4.1219 7.0000
 endloop
endfacet
facet normal 0.000000 -0.000000 1.000000
 outer loop
  vertex 3.8349 1.3500 7.0000
  vertex 3.8349 3.8500 7.0000
  vertex 3.6903 1.6433 7.0000
 endloop
endfacet
facet normal 0.000000 -0.000000 1.000000
 outer loop
  vertex 3.5214 2.2737 7.0000
  vertex 3.5214 2.9263 7.0000
  vertex 3.5000 2.6000 7.0000
 endloop
endfacet
facet normal 0.000000 0.000000 1.000000
 outer loop
  vertex 3.5214 2.2737 7.0000
  vertex 3.5852 3.2470 7.0000
  vertex 3.5214 2.9263 7.0000
 endloop
endfacet
facet normal 0.000000 0.000000 1.000000
 outer loop
  vertex 3.5852 1.9530 7.0000
  vertex 3.6903 3.5567 7.0000
  vertex 3.5852 3.2470 7.0000
 endloop
endfacet
facet normal 0.000000 -0.000000 1.000000
 outer loop
  vertex 4.2322 0.8322 7.0000
  vertex 4.2322 4.3678 7.0000
  vertex 4.0166 1.0781 7.0000
 endloop
endfacet
facet normal -0.000000 0.000000 1.000000
 outer loop
  vertex 4.2322 0.8322 7.0000
  vertex 4.4781 0.6166 7.0000
  vertex 4.4781 4.5834 7.0000
 endloop
endfacet
facet normal 0.000000 0.000000 1.000000
 outer loop
  vertex 3.6903 1.6433 7.0000
  vertex 3.8349 3.8500 7.0000
  vertex 3.6903 3.5567 7.0000
 endloop
endfacet
facet normal 0.000000 0.000000 1.000000
 outer loop
  vertex 3.8349 1.3500 7.0000
  vertex 4.0166 4.1219 7.0000
  vertex 3.8349 3.8500 7.0000
 endloop
endfacet
facet normal 0.000000 0.000000 1.000000
 outer loop
  vertex 4.0166 1.0781 7.0000
  vertex 4.2322 4.3678 7.0000
  vertex 4.0166 4.1219 7.0000
 endloop
endfacet
facet normal 0.000000 0.000000 1.000000
 outer loop
  vertex 4.2322 0.8322 7.0000
  vertex 4.4781 4.5834 7.0000
  vertex 4.2322 4.3678 7.0000
 endloop
endfacet
facet normal -0.000000 0.000000 1.000000
 outer loop
  vertex 4.7500 0.4349 7.0000
  vertex 5.0433 0.2903 7.0000
  vertex 4.9837 2.1790 7.0000
 endloop
endfacet
facet normal -0.000000 0.000000 1.000000
 outer loop
  vertex 5.0433 0.2903 7.0000
  vertex 5.3530 0.1852 7.0000
  vertex 5.3304 1.7273 7.0000
 endloop
endfacet
facet normal -0.000000 0.000000 1.000000
 outer loop
  vertex 5.3530 0.1852 7.0000
  vertex 5.6737 0.1214 7.0000
  vertex 5.5790 1.5837 7.0000
 endloop
endfacet
facet normal 0.000000 0.000000 1.000000
 outer loop
  vertex 5.0433 0.2903 7.0000
  vertex 5.2222 1.8222 7.0000
  vertex 5.1273 1.9304 7.0000
 endloop
endfacet
facet normal 0.000000 0.000000 1.000000
 outer loop
  vertex 5.0433 0.2903 7.0000
  vertex 5.1273 1.9304 7.0000
  vertex 5.0474 2.0500 7.0000
 endloop
endfacet
facet normal -0.000000 0.000000 1.000000
 outer loop
  vertex 4.4781 0.6166 7.0000
  vertex 4.7500 0.4349 7.0000
  vertex 4.7500 4.7651 7.0000
 endloop
endfacet
facet normal 0.000000 0.000000 1.000000
 outer loop
  vertex 4.7500 0.4349 7.0000
  vertex 4.9837 2.1790 7.0000
  vertex 4.9375 2.3153 7.0000
 endloop
endfacet
facet normal 0.000000 0.000000 1.000000
 outer loop
  vertex 4.7500 0.4349 7.0000
  vertex 4.9375 2.3153 7.0000
  vertex 4.9094 2.4564 7.0000
 endloop
endfacet
facet normal 0.000000 -0.000000 1.000000
 outer loop
  vertex 5.0433 0.2903 7.0000
  vertex 5.0474 2.0500 7.0000
  vertex 4.9837 2.1790 7.0000
 endloop
endfacet
facet normal 0.000000 0.000000 1.000000
 outer loop
  vertex 4.7500 0.4349 7.0000
  vertex 4.9094 2.4564 7.0000
  vertex 4.9000 2.6000 7.0000
 endloop
endfacet
facet normal 0.000000 0.000000 1.000000
 outer loop
  vertex 4.7500 0.4349 7.0000
  vertex 4.9000 2.6000 7.0000
  vertex 4.9094 2.7436 7.0000
 endloop
endfacet
facet normal 0.000000 -0.000000 1.000000
 outer loop
  vertex 5.3530 0.1852 7.0000
  vertex 5.4500 1.6474 7.0000
  vertex 5.3304 1.7273 7.0000
 endloop
endfacet
facet normal 0.000000 0.000000 1.000000
 outer loop
  vertex 5.0433 0.2903 7.0000
  vertex 5.3304 1.7273 7.0000
  vertex 5.2222 1.8222 7.0000
 endloop
endfacet
facet normal 0.000000 0.000000 1.000000
 outer loop
  vertex 5.3530 0.1852 7.0000
  vertex 5.5790 1.5837 7.0000
  vertex 5.4500 1.6474 7.0000
 endloop
endfacet
facet normal 0.000000 -0.000000 1.000000
 outer loop
  vertex 5.6737 0.1214 7.0000
  vertex 5.7153 1.5375 7.0000
  vertex 5.5790 1.5837 7.0000
 endloop
endfacet
facet normal -0.000000 0.000000 1.000000
 outer loop
  vertex 5.6737 0.1214 7.0000
  vertex 6.0000 0.1000 7.0000
  vertex 5.8564 1.5094 7.0000
 endloop
endfacet
facet normal 0.000000 0.000000 1.000000
 outer loop
  vertex 6.0000 0.1000 7.0000
  vertex 6.3263 0.1214 7.0000
  vertex 6.0000 1.5000 7.0000
 endloop
endfacet
facet normal 0.000000 0.000000 1.000000
 outer loop
  vertex 6.3263 0.1214 7.0000
  vertex 6.6470 0.1852 7.0000
  vertex 6.4210 1.5837 7.0000
 endloop
endfacet
facet normal 0.000000 0.000000 1.000000
 outer loop
  vertex 6.6470 0.1852 7.0000
  vertex 6.9567 0.2903 7.0000
  vertex 6.6696 1.7273 7.0000
 endloop
endfacet
facet normal 0.000000 0.000000 1.000000
 outer loop
  vertex 5.6737 0.1214 7.0000
  vertex 5.8564 1.5094 7.0000
  vertex 5.7153 1.5375 7.0000
 endloop
endfacet
facet normal 0.000000 -0.000000 1.000000
 outer loop
  vertex 6.0000 0.1000 7.0000
  vertex 6.0000 1.5000 7.0000
  vertex 5.8564 1.5094 7.0000
 endloop
endfacet
facet normal 0.000000 0.000000 1.000000
 outer loop
  vertex 6.3263 0.1214 7.0000
  vertex 6.1436 1.5094 7.0000
  vertex 6.0000 1.5000 7.0000
 endloop
endfacet
facet normal 0.000000 0.000000 1.000000
 outer loop
  vertex 6.3263 0.1214 7.0000
  vertex 6.2847 1.5375 7.0000
  vertex 6.1436 1.5094 7.0000
 endloop
endfacet
facet normal 0.000000 -0.000000 1.000000
 outer loop
  vertex 6.3263 0.1214 7.0000
  vertex 6.4210 1.5837 7.0000
  vertex 6.2847 1.5375 7.0000
 endloop
endfacet
facet normal 0.000000 0.000000 1.000000
 outer loop
  vertex 6.6470 0.1852 7.0000
  vertex 6.5500 1.6474 7.0000
  vertex 6.4210 1.5837 7.0000
 endloop
endfacet
facet normal 0.000000 -0.000000 1.000000
 outer loop
  vertex 6.6470 0.1852 7.0000
  vertex 6.6696 1.7273 7.0000
  vertex 6.5500 1.6474 7.0000
 endloop
endfacet
facet normal -0.000000 0.000000 1.000000
 outer loop
  vertex 6.6696 1.7273 7.0000
  vertex 6.9567 0.2903 7.0000
  vertex 6.7778 1.8222 7.0000
 endloop
endfacet
facet normal 0.000000 0.000000 1.000000
 outer loop
  vertex 4.7500 0.4349 7.0000
  vertex 4.9094 2.7436 7.0000
  vertex 5.0433 4.9097 7.0000
 endloop
endfacet
facet normal 0.000000 0.000000 1.000000
 outer loop
  vertex 4.4781 0.6166 7.0000
  vertex 4.7500 4.7651 7.0000
  vertex 4.4781 4.5834 7.0000
 endloop
endfacet
facet normal 0.000000 0.000000 1.000000
 outer loop
  vertex 4.7500 0.4349 7.0000
  vertex 5.0433 4.9097 7.0000
  vertex 4.7500 4.7651 7.0000
 endloop
endfacet
facet normal 0.000000 0.000000 1.000000
 outer loop
  vertex 4.9094 2.7436 7.0000
  vertex 4.9375 2.8847 7.0000
  vertex 5.0433 4.9097 7.0000
 endloop
endfacet
facet normal 0.000000 0.000000 1.000000
 outer loop
  vertex 4.9375 2.8847 7.0000
  vertex 4.9837 3.0210 7.0000
  vertex 5.0433 4.9097 7.0000
 endloop
endfacet
facet normal 0.000000 0.000000 1.000000
 outer loop
  vertex 4.9837 3.0210 7.0000
  vertex 5.0474 3.1500 7.0000
  vertex 5.0433 4.9097 7.0000
 endloop
endfacet
facet normal 0.000000 -0.000000 1.000000
 outer loop
  vertex 5.0474 3.1500 7.0000
  vertex 5.1273 3.2696 7.0000
  vertex 5.0433 4.9097 7.0000
 endloop
endfacet
facet normal 0.000000 -0.000000 1.000000
 outer loop
  vertex 5.1273 3.2696 7.0000
  vertex 5.2222 3.3778 7.0000
  vertex 5.0433 4.9097 7.0000
 endloop
endfacet
facet normal 0.000000 -0.000000 1.000000
 outer loop
  vertex 5.2222 3.3778 7.0000
  vertex 5.3304 3.4727 7.0000
  vertex 5.0433 4.9097 7.0000
 endloop
endfacet
facet normal -0.000000 0.000000 1.000000
 outer loop
  vertex 6.6696 3.4727 7.0000
  vertex 6.7778 3.3778 7.0000
  vertex 6.9567 4.9097 7.0000
 endloop
endfacet
facet normal -0.000000 0.000000 1.000000
 outer loop
  vertex 6.7778 1.8222 7.0000
  vertex 6.9567 0.2903 7.0000
  vertex 6.8727 1.9304 7.0000
 endloop
endfacet
facet normal 0.000000 0.000000 1.000000
 outer loop
  vertex 6.9567 0.2903 7.0000
  vertex 6.9526 2.0500 7.0000
  vertex 6.8727 1.9304 7.0000
 endloop
endfacet
facet normal 0.000000 -0.000000 1.000000
 outer loop
  vertex 6.9567 0.2903 7.0000
  vertex 7.0163 2.1790 7.0000
  vertex 6.9526 2.0500 7.0000
 endloop
endfacet
facet normal 0.000000 0.000000 1.000000
 outer loop
  vertex 6.9567 0.2903 7.0000
  vertex 7.0625 2.3153 7.0000
  vertex 7.0163 2.1790 7.0000
 endloop
endfacet
facet normal 0.000000 0.000000 1.000000
 outer loop
  vertex 6.9567 0.2903 7.0000
  vertex 7.0906 2.4564 7.0000
  vertex 7.0625 2.3153 7.0000
 endloop
endfacet
facet normal 0.000000 0.000000 1.000000
 outer loop
  vertex 6.9567 0.2903 7.0000
  vertex 7.2500 0.4349 7.0000
  vertex 7.2500 4.7651 7.0000
 endloop
endfacet
facet normal 0.000000 0.000000 1.000000
 outer loop
  vertex 7.2500 0.4349 7.0000
  vertex 7.5219 0.6166 7.0000
  vertex 7.5219 4.5834 7.0000
 endloop
endfacet
facet normal 0.000000 0.000000 1.000000
 outer loop
  vertex 7.5219 0.6166 7.0000
  vertex 7.7678 0.8322 7.0000
  vertex 7.7678 4.3678 7.0000
 endloop
endfacet
facet normal 0.000000 0.000000 1.000000
 outer loop
  vertex 6.9567 0.2903 7.0000
  vertex 7.2500 4.7651 7.0000
  vertex 7.0906 2.4564 7.0000
 endloop
endfacet
facet normal 0.000000 0.000000 1.000000
 outer loop
  vertex 7.7678 0.8322 7.0000
  vertex 7.9834 1.0781 7.0000
  vertex 7.9834 4.1219 7.0000
 endloop
endfacet
facet normal 0.000000 0.000000 1.000000
 outer loop
  vertex 7.0906 2.4564 7.0000
  vertex 7.2500 4.7651 7.0000
  vertex 7.1000 2.6000 7.0000
 endloop
endfacet
facet normal 0.000000 -0.000000 1.000000
 outer loop
  vertex 7.1000 2.6000 7.0000
  vertex 7.2500 4.7651 7.0000
  vertex 7.0906 2.7436 7.0000
 endloop
endfacet
facet normal 0.000000 -0.000000 1.000000
 outer loop
  vertex 7.0906 2.7436 7.0000
  vertex 7.2500 4.7651 7.0000
  vertex 7.0625 2.8847 7.0000
 endloop
endfacet
facet normal 0.000000 0.000000 1.000000
 outer loop
  vertex 7.2500 0.4349 7.0000
  vertex 7.5219 4.5834 7.0000
  vertex 7.2500 4.7651 7.0000
 endloop
endfacet
facet normal -0.000000 0.000000 1.000000
 outer loop
  vertex 6.9526 3.1500 7.0000
  vertex 7.0163 3.0210 7.0000
  vertex 6.9567 4.9097 7.0000
 endloop
endfacet
facet normal 0.000000 -0.000000 1.000000
 outer loop
  vertex 7.0625 2.8847 7.0000
  vertex 7.2500 4.7651 7.0000
  vertex 7.0163 3.0210 7.0000
 endloop
endfacet
facet normal -0.000000 0.000000 1.000000
 outer loop
  vertex 6.7778 3.3778 7.0000
  vertex 6.8727 3.2696 7.0000
  vertex 6.9567 4.9097 7.0000
 endloop
endfacet
facet normal 0.000000 -0.000000 1.000000
 outer loop
  vertex 6.9526 3.1500 7.0000
  vertex 6.9567 4.9097 7.0000
  vertex 6.8727 3.2696 7.0000
 endloop
endfacet
facet normal 0.000000 0.000000 1.000000
 outer loop
  vertex 7.5219 0.6166 7.0000
  vertex 7.7678 4.3678 7.0000
  vertex 7.5219 4.5834 7.0000
 endloop
endfacet
facet normal 0.000000 0.000000 1.000000
 outer loop
  vertex 7.7678 0.8322 7.0000
  vertex 7.9834 4.1219 7.0000
  vertex 7.7678 4.3678 7.0000
 endloop
endfacet
facet normal 0.000000 0.000000 1.000000
 outer loop
  vertex 7.9834 1.0781 7.0000
  vertex 8.1651 1.3500 7.0000
  vertex 8.1651 3.8500 7.0000
 endloop
endfacet
facet normal 0.000000 0.000000 1.000000
 outer loop
  vertex 8.1651 1.3500 7.0000
  vertex 8.3097 1.6433 7.0000
  vertex 8.3097 3.5567 7.0000
 endloop
endfacet
facet normal 0.000000 0.000000 1.000000
 outer loop
  vertex 8.3097 1.6433 7.0000
  vertex 8.4148 1.9530 7.0000
  vertex 8.4148 3.2470 7.0000
 endloop
endfacet
facet normal 0.000000 0.000000 1.000000
 outer loop
  vertex 8.4148 1.9530 7.0000
  vertex 8.4786 2.2737 7.0000
  vertex 8.4786 2.9263 7.0000
 endloop
endfacet
facet normal 0.000000 0.000000 1.000000
 outer loop
  vertex 8.1651 1.3500 7.0000
  vertex 8.3097 3.5567 7.0000
  vertex 8.1651 3.8500 7.0000
 endloop
endfacet
facet normal 0.000000 0.000000 1.000000
 outer loop
  vertex 8.4786 2.2737 7.0000
  vertex 8.5000 2.6000 7.0000
  vertex 8.4786 2.9263 7.0000
 endloop
endfacet
facet normal 0.000000 0.000000 1.000000
 outer loop
  vertex 8.4148 1.9530 7.0000
  vertex 8.4786 2.9263 7.0000
  vertex 8.4148 3.2470 7.0000
 endloop
endfacet
facet normal 0.000000 0.000000 1.000000
 outer loop
  vertex 8.3097 1.6433 7.0000
  vertex 8.4148 3.2470 7.0000
  vertex 8.3097 3.5567 7.0000
 endloop
endfacet
facet normal 0.000000 0.000000 1.000000
 outer loop
  vertex 7.9834 1.0781 7.0000
  vertex 8.1651 3.8500 7.0000
  vertex 7.9834 4.1219 7.0000
 endloop
endfacet
facet normal 0.321439 0.946930 -0.000000
 outer loop
  vertex 6.6470 5.0148 5.0000
  vertex 6.6470 5.0148 7.0000
  vertex 6.9567 4.9097 7.0000
 endloop
endfacet
facet normal -0.065402 0.997859 -0.000000
 outer loop
  vertex 5.7300 5.0823 5.0000
  vertex 5.6737 5.0786 7.0000
  vertex 6.0000 5.1000 7.0000
 endloop
endfacet
facet normal 0.065402 0.997859 -0.000000
 outer loop
  vertex 6.0000 5.1000 5.0000
  vertex 6.0000 5.1000 7.0000
  vertex 6.3263 5.0786 7.0000
 endloop
endfacet
facet normal 0.195091 0.980785 -0.000000
 outer loop
  vertex 6.3263 5.0786 5.0000
  vertex 6.3263 5.0786 7.0000
  vertex 6.6470 5.0148 7.0000
 endloop
endfacet
facet normal 0.442289 0.896872 -0.000000
 outer loop
  vertex 6.9567 4.9097 5.0000
  vertex 6.9567 4.9097 7.0000
  vertex 7.2500 4.7651 7.0000
 endloop
endfacet
facet normal 0.555569 0.831470 -0.000000
 outer loop
  vertex 7.2500 4.7651 5.0000
  vertex 7.2500 4.7651 7.0000
  vertex 7.5219 4.5834 7.0000
 endloop
endfacet
facet normal 0.659346 0.751839 0.000000
 outer loop
  vertex 7.6088 4.5071 5.0000
  vertex 7.5219 4.5834 7.0000
  vertex 7.7678 4.3678 7.0000
 endloop
endfacet
facet normal 0.000000 0.000000 1.000000
 outer loop
  vertex 5.3304 3.4727 7.0000
  vertex 5.4500 3.5526 7.0000
  vertex 5.3530 5.0148 7.0000
 endloop
endfacet
facet normal 0.000000 -0.000000 1.000000
 outer loop
  vertex 5.3304 3.4727 7.0000
  vertex 5.3530 5.0148 7.0000
  vertex 5.0433 4.9097 7.0000
 endloop
endfacet
facet normal 0.000000 -0.000000 1.000000
 outer loop
  vertex 5.4500 3.5526 7.0000
  vertex 5.5790 3.6163 7.0000
  vertex 5.3530 5.0148 7.0000
 endloop
endfacet
facet normal 0.000000 0.000000 1.000000
 outer loop
  vertex 5.5790 3.6163 7.0000
  vertex 5.7153 3.6625 7.0000
  vertex 5.6737 5.0786 7.0000
 endloop
endfacet
facet normal 0.000000 -0.000000 1.000000
 outer loop
  vertex 5.5790 3.6163 7.0000
  vertex 5.6737 5.0786 7.0000
  vertex 5.3530 5.0148 7.0000
 endloop
endfacet
facet normal 0.000000 -0.000000 1.000000
 outer loop
  vertex 5.7153 3.6625 7.0000
  vertex 5.8564 3.6906 7.0000
  vertex 5.6737 5.0786 7.0000
 endloop
endfacet
facet normal 0.000000 -0.000000 1.000000
 outer loop
  vertex 5.8564 3.6906 7.0000
  vertex 6.0000 3.7000 7.0000
  vertex 5.6737 5.0786 7.0000
 endloop
endfacet
facet normal -0.000000 0.000000 1.000000
 outer loop
  vertex 6.0000 3.7000 7.0000
  vertex 6.1436 3.6906 7.0000
  vertex 6.0000 5.1000 7.0000
 endloop
endfacet
facet normal -0.000000 0.000000 1.000000
 outer loop
  vertex 6.1436 3.6906 7.0000
  vertex 6.2847 3.6625 7.0000
  vertex 6.3263 5.0786 7.0000
 endloop
endfacet
facet normal 0.000000 -0.000000 1.000000
 outer loop
  vertex 6.0000 3.7000 7.0000
  vertex 6.0000 5.1000 7.0000
  vertex 5.6737 5.0786 7.0000
 endloop
endfacet
facet normal 0.000000 -0.000000 1.000000
 outer loop
  vertex 6.1436 3.6906 7.0000
  vertex 6.3263 5.0786 7.0000
  vertex 6.0000 5.1000 7.0000
 endloop
endfacet
facet normal -0.000000 0.000000 1.000000
 outer loop
  vertex 6.2847 3.6625 7.0000
  vertex 6.4210 3.6163 7.0000
  vertex 6.3263 5.0786 7.0000
 endloop
endfacet
facet normal -0.000000 0.000000 1.000000
 outer loop
  vertex 6.4210 3.6163 7.0000
  vertex 6.5500 3.5526 7.0000
  vertex 6.6470 5.0148 7.0000
 endloop
endfacet
facet normal 0.000000 0.000000 1.000000
 outer loop
  vertex 6.6696 3.4727 7.0000
  vertex 6.6470 5.0148 7.0000
  vertex 6.5500 3.5526 7.0000
 endloop
endfacet
facet normal 0.000000 -0.000000 1.000000
 outer loop
  vertex 6.6696 3.4727 7.0000
  vertex 6.9567 4.9097 7.0000
  vertex 6.6470 5.0148 7.0000
 endloop
endfacet
facet normal 0.000000 -0.000000 1.000000
 outer loop
  vertex 6.4210 3.6163 7.0000
  vertex 6.6470 5.0148 7.0000
  vertex 6.3263 5.0786 7.0000
 endloop
endfacet
facet normal 0.000000 -0.000000 1.000000
 outer loop
  vertex 7.0163 3.0210 7.0000
  vertex 7.2500 4.7651 7.0000
  vertex 6.9567 4.9097 7.0000
 endloop
endfacet
facet normal 0.555571 0.831469 -0.000000
 outer loop
  vertex 5.3304 1.7273 0.0000
  vertex 5.3304 1.7273 7.0000
  vertex 5.4500 1.6474 0.0000
 endloop
endfacet
facet normal 0.659347 0.751839 0.000000
 outer loop
  vertex 5.3304 1.7273 0.0000
  vertex 5.2222 1.8222 0.0000
  vertex 5.2222 1.8222 7.0000
 endloop
endfacet
facet normal 0.751839 0.659347 -0.000000
 outer loop
  vertex 5.1273 1.9304 0.0000
  vertex 5.1273 1.9304 7.0000
  vertex 5.2222 1.8222 0.0000
 endloop
endfacet
facet normal 0.442288 0.896873 -0.000000
 outer loop
  vertex 5.4500 1.6474 0.0000
  vertex 5.4500 1.6474 7.0000
  vertex 5.5790 1.5837 0.0000
 endloop
endfacet
facet normal 0.321439 0.946930 -0.000000
 outer loop
  vertex 5.5790 1.5837 0.0000
  vertex 5.5790 1.5837 7.0000
  vertex 5.7153 1.5375 0.0000
 endloop
endfacet
facet normal 0.195091 0.980785 -0.000000
 outer loop
  vertex 5.7153 1.5375 0.0000
  vertex 5.7153 1.5375 7.0000
  vertex 5.8564 1.5094 0.0000
 endloop
endfacet
facet normal 0.065403 0.997859 -0.000000
 outer loop
  vertex 5.8564 1.5094 0.0000
  vertex 5.8564 1.5094 7.0000
  vertex 6.0000 1.5000 0.0000
 endloop
endfacet
facet normal -0.065403 0.997859 0.000000
 outer loop
  vertex 6.0000 1.5000 0.0000
  vertex 6.0000 1.5000 7.0000
  vertex 6.1436 1.5094 0.0000
 endloop
endfacet
facet normal -0.195091 0.980785 0.000000
 outer loop
  vertex 6.1436 1.5094 0.0000
  vertex 6.1436 1.5094 7.0000
  vertex 6.2847 1.5375 0.0000
 endloop
endfacet
facet normal -0.321439 0.946930 0.000000
 outer loop
  vertex 6.2847 1.5375 0.0000
  vertex 6.2847 1.5375 7.0000
  vertex 6.4210 1.5837 0.0000
 endloop
endfacet
facet normal -0.442288 0.896873 0.000000
 outer loop
  vertex 6.4210 1.5837 0.0000
  vertex 6.4210 1.5837 7.0000
  vertex 6.5500 1.6474 0.0000
 endloop
endfacet
facet normal -0.555571 0.831469 0.000000
 outer loop
  vertex 6.5500 1.6474 0.0000
  vertex 6.5500 1.6474 7.0000
  vertex 6.6696 1.7273 0.0000
 endloop
endfacet
facet normal -0.659347 0.751839 0.000000
 outer loop
  vertex 6.6696 1.7273 0.0000
  vertex 6.6696 1.7273 7.0000
  vertex 6.7778 1.8222 0.0000
 endloop
endfacet
facet normal -0.751839 0.659347 0.000000
 outer loop
  vertex 6.7778 1.8222 0.0000
  vertex 6.7778 1.8222 7.0000
  vertex 6.8727 1.9304 0.0000
 endloop
endfacet
facet normal 0.831469 0.555571 0.000000
 outer loop
  vertex 5.1273 1.9304 0.0000
  vertex 5.0474 2.0500 0.0000
  vertex 5.0474 2.0500 7.0000
 endloop
endfacet
facet normal 0.896874 0.442286 -0.000000
 outer loop
  vertex 4.9837 2.1790 0.0000
  vertex 4.9837 2.1790 7.0000
  vertex 5.0474 2.0500 0.0000
 endloop
endfacet
facet normal 0.946929 0.321442 0.000000
 outer loop
  vertex 4.9837 2.1790 0.0000
  vertex 4.9375 2.3153 0.0000
  vertex 4.9375 2.3153 7.0000
 endloop
endfacet
facet normal 0.980785 0.195090 0.000000
 outer loop
  vertex 4.9375 2.3153 0.0000
  vertex 4.9094 2.4564 0.0000
  vertex 4.9094 2.4564 7.0000
 endloop
endfacet
facet normal 0.997859 0.065401 0.000000
 outer loop
  vertex 4.9094 2.4564 0.0000
  vertex 4.9000 2.6000 0.0000
  vertex 4.9000 2.6000 7.0000
 endloop
endfacet
facet normal 0.997859 -0.065401 0.000000
 outer loop
  vertex 4.9000 2.6000 0.0000
  vertex 4.9094 2.7436 0.0000
  vertex 4.9094 2.7436 7.0000
 endloop
endfacet
facet normal 0.980785 -0.195090 0.000000
 outer loop
  vertex 4.9094 2.7436 0.0000
  vertex 4.9375 2.8847 0.0000
  vertex 4.9375 2.8847 7.0000
 endloop
endfacet
facet normal 0.946929 -0.321442 0.000000
 outer loop
  vertex 4.9375 2.8847 0.0000
  vertex 4.9837 3.0210 0.0000
  vertex 4.9837 3.0210 7.0000
 endloop
endfacet
facet normal 0.896874 -0.442286 0.000000
 outer loop
  vertex 4.9837 3.0210 0.0000
  vertex 5.0474 3.1500 0.0000
  vertex 5.0474 3.1500 7.0000
 endloop
endfacet
facet normal 0.831469 -0.555571 0.000000
 outer loop
  vertex 5.0474 3.1500 0.0000
  vertex 5.1273 3.2696 0.0000
  vertex 5.1273 3.2696 7.0000
 endloop
endfacet
facet normal 0.751839 -0.659347 0.000000
 outer loop
  vertex 5.1273 3.2696 0.0000
  vertex 5.2222 3.3778 0.0000
  vertex 5.2222 3.3778 7.0000
 endloop
endfacet
facet normal 0.659347 -0.751839 0.000000
 outer loop
  vertex 5.2222 3.3778 0.0000
  vertex 5.3304 3.4727 0.0000
  vertex 5.3304 3.4727 7.0000
 endloop
endfacet
facet normal 0.555571 -0.831469 0.000000
 outer loop
  vertex 5.3304 3.4727 0.0000
  vertex 5.4500 3.5526 0.0000
  vertex 5.4500 3.5526 7.0000
 endloop
endfacet
facet normal 0.442288 -0.896873 0.000000
 outer loop
  vertex 5.4500 3.5526 0.0000
  vertex 5.5790 3.6163 0.0000
  vertex 5.5790 3.6163 7.0000
 endloop
endfacet
facet normal 0.321440 -0.946930 0.000000
 outer loop
  vertex 5.5790 3.6163 0.0000
  vertex 5.7153 3.6625 0.0000
  vertex 5.7153 3.6625 7.0000
 endloop
endfacet
facet normal 0.195091 -0.980785 0.000000
 outer loop
  vertex 5.7153 3.6625 0.0000
  vertex 5.8564 3.6906 0.0000
  vertex 5.8564 3.6906 7.0000
 endloop
endfacet
facet normal 0.065403 -0.997859 0.000000
 outer loop
  vertex 5.8564 3.6906 0.0000
  vertex 6.0000 3.7000 0.0000
  vertex 6.0000 3.7000 7.0000
 endloop
endfacet
facet normal -0.065403 -0.997859 0.000000
 outer loop
  vertex 6.0000 3.7000 0.0000
  vertex 6.1436 3.6906 0.0000
  vertex 6.1436 3.6906 7.0000
 endloop
endfacet
facet normal -0.195091 -0.980785 0.000000
 outer loop
  vertex 6.1436 3.6906 0.0000
  vertex 6.2847 3.6625 0.0000
  vertex 6.2847 3.6625 7.0000
 endloop
endfacet
facet normal -0.555571 -0.831469 0.000000
 outer loop
  vertex 6.6696 3.4727 0.0000
  vertex 6.6696 3.4727 7.0000
  vertex 6.5500 3.5526 0.0000
 endloop
endfacet
facet normal -0.751839 -0.659347 0.000000
 outer loop
  vertex 6.7778 3.3778 0.0000
  vertex 6.8727 3.2696 0.0000
  vertex 6.8727 3.2696 7.0000
 endloop
endfacet
facet normal -0.659347 -0.751839 0.000000
 outer loop
  vertex 6.6696 3.4727 0.0000
  vertex 6.7778 3.3778 0.0000
  vertex 6.7778 3.3778 7.0000
 endloop
endfacet
facet normal -0.321440 -0.946930 0.000000
 outer loop
  vertex 6.2847 3.6625 0.0000
  vertex 6.4210 3.6163 0.0000
  vertex 6.4210 3.6163 7.0000
 endloop
endfacet
facet normal -0.442288 -0.896873 0.000000
 outer loop
  vertex 6.4210 3.6163 0.0000
  vertex 6.5500 3.5526 0.0000
  vertex 6.5500 3.5526 7.0000
 endloop
endfacet
facet normal -0.831469 0.555571 0.000000
 outer loop
  vertex 6.8727 1.9304 0.0000
  vertex 6.8727 1.9304 7.0000
  vertex 6.9526 2.0500 0.0000
 endloop
endfacet
facet normal -0.896874 0.442286 0.000000
 outer loop
  vertex 6.9526 2.0500 0.0000
  vertex 6.9526 2.0500 7.0000
  vertex 7.0163 2.1790 0.0000
 endloop
endfacet
facet normal -0.946929 0.321442 0.000000
 outer loop
  vertex 7.0163 2.1790 0.0000
  vertex 7.0163 2.1790 7.0000
  vertex 7.0625 2.3153 0.0000
 endloop
endfacet
facet normal -0.980785 0.195090 0.000000
 outer loop
  vertex 7.0625 2.3153 0.0000
  vertex 7.0625 2.3153 7.0000
  vertex 7.0906 2.4564 0.0000
 endloop
endfacet
facet normal -0.997859 0.065401 0.000000
 outer loop
  vertex 7.0906 2.4564 0.0000
  vertex 7.0906 2.4564 7.0000
  vertex 7.1000 2.6000 0.0000
 endloop
endfacet
facet normal -0.997859 -0.065401 0.000000
 outer loop
  vertex 7.1000 2.6000 0.0000
  vertex 7.1000 2.6000 7.0000
  vertex 7.0906 2.7436 0.0000
 endloop
endfacet
facet normal -0.980785 -0.195090 0.000000
 outer loop
  vertex 7.0906 2.7436 0.0000
  vertex 7.0906 2.7436 7.0000
  vertex 7.0625 2.8847 0.0000
 endloop
endfacet
facet normal -0.946929 -0.321442 0.000000
 outer loop
  vertex 7.0625 2.8847 0.0000
  vertex 7.0625 2.8847 7.0000
  vertex 7.0163 3.0210 0.0000
 endloop
endfacet
facet normal -0.831469 -0.555571 0.000000
 outer loop
  vertex 6.9526 3.1500 0.0000
  vertex 6.9526 3.1500 7.0000
  vertex 6.8727 3.2696 0.0000
 endloop
endfacet
facet normal -0.896874 -0.442286 0.000000
 outer loop
  vertex 6.9526 3.1500 0.0000
  vertex 7.0163 3.0210 0.0000
  vertex 7.0163 3.0210 7.0000
 endloop
endfacet
facet normal 0.831469 0.555571 -0.000000
 outer loop
  vertex 5.1273 1.9304 0.0000
  vertex 5.0474 2.0500 7.0000
  vertex 5.1273 1.9304 7.0000
 endloop
endfacet
facet normal 0.555571 0.831469 -0.000000
 outer loop
  vertex 5.4500 1.6474 0.0000
  vertex 5.3304 1.7273 7.0000
  vertex 5.4500 1.6474 7.0000
 endloop
endfacet
facet normal 0.751839 0.659347 -0.000000
 outer loop
  vertex 5.2222 1.8222 0.0000
  vertex 5.1273 1.9304 7.0000
  vertex 5.2222 1.8222 7.0000
 endloop
endfacet
facet normal 0.659347 0.751839 -0.000000
 outer loop
  vertex 5.3304 1.7273 0.0000
  vertex 5.2222 1.8222 7.0000
  vertex 5.3304 1.7273 7.0000
 endloop
endfacet
facet normal 0.442288 0.896873 -0.000000
 outer loop
  vertex 5.5790 1.5837 0.0000
  vertex 5.4500 1.6474 7.0000
  vertex 5.5790 1.5837 7.0000
 endloop
endfacet
facet normal 0.321439 0.946930 -0.000000
 outer loop
  vertex 5.7153 1.5375 0.0000
  vertex 5.5790 1.5837 7.0000
  vertex 5.7153 1.5375 7.0000
 endloop
endfacet
facet normal 0.195091 0.980785 -0.000000
 outer loop
  vertex 5.8564 1.5094 0.0000
  vertex 5.7153 1.5375 7.0000
  vertex 5.8564 1.5094 7.0000
 endloop
endfacet
facet normal 0.065403 0.997859 -0.000000
 outer loop
  vertex 6.0000 1.5000 0.0000
  vertex 5.8564 1.5094 7.0000
  vertex 6.0000 1.5000 7.0000
 endloop
endfacet
facet normal -0.065403 0.997859 0.000000
 outer loop
  vertex 6.1436 1.5094 0.0000
  vertex 6.0000 1.5000 7.0000
  vertex 6.1436 1.5094 7.0000
 endloop
endfacet
facet normal -0.195091 0.980785 0.000000
 outer loop
  vertex 6.2847 1.5375 0.0000
  vertex 6.1436 1.5094 7.0000
  vertex 6.2847 1.5375 7.0000
 endloop
endfacet
facet normal -0.321439 0.946930 0.000000
 outer loop
  vertex 6.4210 1.5837 0.0000
  vertex 6.2847 1.5375 7.0000
  vertex 6.4210 1.5837 7.0000
 endloop
endfacet
facet normal -0.442288 0.896873 0.000000
 outer loop
  vertex 6.5500 1.6474 0.0000
  vertex 6.4210 1.5837 7.0000
  vertex 6.5500 1.6474 7.0000
 endloop
endfacet
facet normal -0.555571 0.831469 0.000000
 outer loop
  vertex 6.6696 1.7273 0.0000
  vertex 6.5500 1.6474 7.0000
  vertex 6.6696 1.7273 7.0000
 endloop
endfacet
facet normal -0.659347 0.751839 0.000000
 outer loop
  vertex 6.7778 1.8222 0.0000
  vertex 6.6696 1.7273 7.0000
  vertex 6.7778 1.8222 7.0000
 endloop
endfacet
facet normal -0.751839 0.659347 0.000000
 outer loop
  vertex 6.8727 1.9304 0.0000
  vertex 6.7778 1.8222 7.0000
  vertex 6.8727 1.9304 7.0000
 endloop
endfacet
facet normal 0.946929 0.321442 -0.000000
 outer loop
  vertex 4.9837 2.1790 0.0000
  vertex 4.9375 2.3153 7.0000
  vertex 4.9837 2.1790 7.0000
 endloop
endfacet
facet normal 0.896874 0.442286 -0.000000
 outer loop
  vertex 5.0474 2.0500 0.0000
  vertex 4.9837 2.1790 7.0000
  vertex 5.0474 2.0500 7.0000
 endloop
endfacet
facet normal 0.980785 0.195090 -0.000000
 outer loop
  vertex 4.9375 2.3153 0.0000
  vertex 4.9094 2.4564 7.0000
  vertex 4.9375 2.3153 7.0000
 endloop
endfacet
facet normal 0.997859 0.065401 -0.000000
 outer loop
  vertex 4.9094 2.4564 0.0000
  vertex 4.9000 2.6000 7.0000
  vertex 4.9094 2.4564 7.0000
 endloop
endfacet
facet normal 0.997859 -0.065401 0.000000
 outer loop
  vertex 4.9000 2.6000 0.0000
  vertex 4.9094 2.7436 7.0000
  vertex 4.9000 2.6000 7.0000
 endloop
endfacet
facet normal 0.980785 -0.195090 0.000000
 outer loop
  vertex 4.9094 2.7436 0.0000
  vertex 4.9375 2.8847 7.0000
  vertex 4.9094 2.7436 7.0000
 endloop
endfacet
facet normal 0.946929 -0.321442 0.000000
 outer loop
  vertex 4.9375 2.8847 0.0000
  vertex 4.9837 3.0210 7.0000
  vertex 4.9375 2.8847 7.0000
 endloop
endfacet
facet normal 0.896874 -0.442286 0.000000
 outer loop
  vertex 4.9837 3.0210 0.0000
  vertex 5.0474 3.1500 7.0000
  vertex 4.9837 3.0210 7.0000
 endloop
endfacet
facet normal 0.831469 -0.555571 0.000000
 outer loop
  vertex 5.0474 3.1500 0.0000
  vertex 5.1273 3.2696 7.0000
  vertex 5.0474 3.1500 7.0000
 endloop
endfacet
facet normal 0.751839 -0.659347 0.000000
 outer loop
  vertex 5.1273 3.2696 0.0000
  vertex 5.2222 3.3778 7.0000
  vertex 5.1273 3.2696 7.0000
 endloop
endfacet
facet normal 0.659347 -0.751839 0.000000
 outer loop
  vertex 5.2222 3.3778 0.0000
  vertex 5.3304 3.4727 7.0000
  vertex 5.2222 3.3778 7.0000
 endloop
endfacet
facet normal 0.555571 -0.831469 0.000000
 outer loop
  vertex 5.3304 3.4727 0.0000
  vertex 5.4500 3.5526 7.0000
  vertex 5.3304 3.4727 7.0000
 endloop
endfacet
facet normal 0.442288 -0.896873 0.000000
 outer loop
  vertex 5.4500 3.5526 0.0000
  vertex 5.5790 3.6163 7.0000
  vertex 5.4500 3.5526 7.0000
 endloop
endfacet
facet normal 0.321440 -0.946930 0.000000
 outer loop
  vertex 5.5790 3.6163 0.0000
  vertex 5.7153 3.6625 7.0000
  vertex 5.5790 3.6163 7.0000
 endloop
endfacet
facet normal 0.195091 -0.980785 0.000000
 outer loop
  vertex 5.7153 3.6625 0.0000
  vertex 5.8564 3.6906 7.0000
  vertex 5.7153 3.6625 7.0000
 endloop
endfacet
facet normal 0.065403 -0.997859 0.000000
 outer loop
  vertex 5.8564 3.6906 0.0000
  vertex 6.0000 3.7000 7.0000
  vertex 5.8564 3.6906 7.0000
 endloop
endfacet
facet normal -0.065403 -0.997859 0.000000
 outer loop
  vertex 6.0000 3.7000 0.0000
  vertex 6.1436 3.6906 7.0000
  vertex 6.0000 3.7000 7.0000
 endloop
endfacet
facet normal -0.195091 -0.980785 0.000000
 outer loop
  vertex 6.1436 3.6906 0.0000
  vertex 6.2847 3.6625 7.0000
  vertex 6.1436 3.6906 7.0000
 endloop
endfacet
facet normal -0.751839 -0.659347 0.000000
 outer loop
  vertex 6.7778 3.3778 0.0000
  vertex 6.8727 3.2696 7.0000
  vertex 6.7778 3.3778 7.0000
 endloop
endfacet
facet normal -0.659347 -0.751839 0.000000
 outer loop
  vertex 6.6696 3.4727 0.0000
  vertex 6.7778 3.3778 7.0000
  vertex 6.6696 3.4727 7.0000
 endloop
endfacet
facet normal -0.321440 -0.946930 0.000000
 outer loop
  vertex 6.2847 3.6625 0.0000
  vertex 6.4210 3.6163 7.0000
  vertex 6.2847 3.6625 7.0000
 endloop
endfacet
facet normal -0.442288 -0.896873 0.000000
 outer loop
  vertex 6.4210 3.6163 0.0000
  vertex 6.5500 3.5526 7.0000
  vertex 6.4210 3.6163 7.0000
 endloop
endfacet
facet normal -0.555571 -0.831469 0.000000
 outer loop
  vertex 6.5500 3.5526 0.0000
  vertex 6.6696 3.4727 7.0000
  vertex 6.5500 3.5526 7.0000
 endloop
endfacet
facet normal -0.831469 0.555571 0.000000
 outer loop
  vertex 6.9526 2.0500 0.0000
  vertex 6.8727 1.9304 7.0000
  vertex 6.9526 2.0500 7.0000
 endloop
endfacet
facet normal -0.896874 0.442286 0.000000
 outer loop
  vertex 7.0163 2.1790 0.0000
  vertex 6.9526 2.0500 7.0000
  vertex 7.0163 2.1790 7.0000
 endloop
endfacet
facet normal -0.946929 0.321442 0.000000
 outer loop
  vertex 7.0625 2.3153 0.0000
  vertex 7.0163 2.1790 7.0000
  vertex 7.0625 2.3153 7.0000
 endloop
endfacet
facet normal -0.980785 0.195090 0.000000
 outer loop
  vertex 7.0906 2.4564 0.0000
  vertex 7.0625 2.3153 7.0000
  vertex 7.0906 2.4564 7.0000
 endloop
endfacet
facet normal -0.997859 0.065401 0.000000
 outer loop
  vertex 7.1000 2.6000 0.0000
  vertex 7.0906 2.4564 7.0000
  vertex 7.1000 2.6000 7.0000
 endloop
endfacet
facet normal -0.997859 -0.065401 0.000000
 outer loop
  vertex 7.0906 2.7436 0.0000
  vertex 7.1000 2.6000 7.0000
  vertex 7.0906 2.7436 7.0000
 endloop
endfacet
facet normal -0.980785 -0.195090 0.000000
 outer loop
  vertex 7.0625 2.8847 0.0000
  vertex 7.0906 2.7436 7.0000
  vertex 7.0625 2.8847 7.0000
 endloop
endfacet
facet normal -0.946929 -0.321442 0.000000
 outer loop
  vertex 7.0163 3.0210 0.0000
  vertex 7.0625 2.8847 7.0000
  vertex 7.0163 3.0210 7.0000
 endloop
endfacet
facet normal -0.896874 -0.442286 0.000000
 outer loop
  vertex 6.9526 3.1500 0.0000
  vertex 7.0163 3.0210 7.0000
  vertex 6.9526 3.1500 7.0000
 endloop
endfacet
facet normal -0.831469 -0.555571 0.000000
 outer loop
  vertex 6.8727 3.2696 0.0000
  vertex 6.9526 3.1500 7.0000
  vertex 6.8727 3.2696 7.0000
 endloop
endfacet
facet normal -0.659341 0.751844 0.000000
 outer loop
  vertex 65.2322 4.3678 2.0000
  vertex 65.3912 4.5071 5.0000
  vertex 65.3912 4.5071 2.0000
 endloop
endfacet
facet normal 0.065397 0.997859 -0.000000
 outer loop
  vertex 67.2700 5.0823 2.0000
  vertex 67.2700 5.0823 5.0000
  vertex 67.3263 5.0786 2.0000
 endloop
endfacet
facet normal -0.831472 -0.555567 0.000000
 outer loop
  vertex 64.8349 1.3500 2.0000
  vertex 65.0166 1.0781 2.0000
  vertex 64.8349 1.3500 7.0000
 endloop
endfacet
facet normal -0.946928 -0.321445 0.000000
 outer loop
  vertex 64.6903 1.6433 2.0000
  vertex 64.5852 1.9530 7.0000
  vertex 64.5852 1.9530 2.0000
 endloop
endfacet
facet normal -0.896869 -0.442295 0.000000
 outer loop
  vertex 64.8349 1.3500 2.0000
  vertex 64.6903 1.6433 7.0000
  vertex 64.6903 1.6433 2.0000
 endloop
endfacet
facet normal -0.751843 -0.659342 0.000000
 outer loop
  vertex 65.2322 0.8322 2.0000
  vertex 65.0166 1.0781 7.0000
  vertex 65.0166 1.0781 2.0000
 endloop
endfacet
facet normal -0.555570 -0.831470 0.000000
 outer loop
  vertex 65.4781 0.6166 2.0000
  vertex 65.7500 0.4349 2.0000
  vertex 65.4781 0.6166 7.0000
 endloop
endfacet
facet normal -0.659344 -0.751842 0.000000
 outer loop
  vertex 65.2322 0.8322 2.0000
  vertex 65.4781 0.6166 2.0000
  vertex 65.2322 0.8322 7.0000
 endloop
endfacet
facet normal -0.442291 -0.896871 0.000000
 outer loop
  vertex 65.7500 0.4349 2.0000
  vertex 66.0433 0.2903 2.0000
  vertex 65.7500 0.4349 7.0000
 endloop
endfacet
facet normal -0.321439 -0.946930 0.000000
 outer loop
  vertex 66.0433 0.2903 2.0000
  vertex 66.3530 0.1852 2.0000
  vertex 66.0433 0.2903 7.0000
 endloop
endfacet
facet normal -0.980786 -0.195089 0.000000
 outer loop
  vertex 64.5852 1.9530 2.0000
  vertex 64.5214 2.2737 7.0000
  vertex 64.5214 2.2737 2.0000
 endloop
endfacet
facet normal -0.997859 -0.065395 0.000000
 outer loop
  vertex 64.5214 2.2737 2.0000
  vertex 64.5000 2.6000 7.0000
  vertex 64.5000 2.6000 2.0000
 endloop
endfacet
facet normal -0.997859 0.065395 0.000000
 outer loop
  vertex 64.5000 2.6000 2.0000
  vertex 64.5214 2.9263 7.0000
  vertex 64.5214 2.9263 2.0000
 endloop
endfacet
facet normal -0.980786 0.195089 0.000000
 outer loop
  vertex 64.5214 2.9263 2.0000
  vertex 64.5852 3.2470 7.0000
  vertex 64.5852 3.2470 2.0000
 endloop
endfacet
facet normal -0.946928 0.321445 0.000000
 outer loop
  vertex 64.5852 3.2470 2.0000
  vertex 64.6903 3.5567 7.0000
  vertex 64.6903 3.5567 2.0000
 endloop
endfacet
facet normal -0.896869 0.442296 0.000000
 outer loop
  vertex 64.6903 3.5567 2.0000
  vertex 64.8349 3.8500 7.0000
  vertex 64.8349 3.8500 2.0000
 endloop
endfacet
facet normal -0.195090 -0.980785 0.000000
 outer loop
  vertex 66.3530 0.1852 2.0000
  vertex 66.6737 0.1214 2.0000
  vertex 66.3530 0.1852 7.0000
 endloop
endfacet
facet normal -0.065403 -0.997859 0.000000
 outer loop
  vertex 66.6737 0.1214 2.0000
  vertex 67.0000 0.1000 2.0000
  vertex 66.6737 0.1214 7.0000
 endloop
endfacet
facet normal 0.065403 -0.997859 0.000000
 outer loop
  vertex 67.0000 0.1000 2.0000
  vertex 67.3263 0.1214 2.0000
  vertex 67.0000 0.1000 7.0000
 endloop
endfacet
facet normal 0.195090 -0.980785 0.000000
 outer loop
  vertex 67.3263 0.1214 2.0000
  vertex 67.6470 0.1852 2.0000
  vertex 67.3263 0.1214 7.0000
 endloop
endfacet
facet normal 0.321439 -0.946930 0.000000
 outer loop
  vertex 67.6470 0.1852 2.0000
  vertex 67.9567 0.2903 2.0000
  vertex 67.6470 0.1852 7.0000
 endloop
endfacet
facet normal 0.442291 -0.896871 0.000000
 outer loop
  vertex 67.9567 0.2903 2.0000
  vertex 68.2500 0.4349 2.0000
  vertex 67.9567 0.2903 7.0000
 endloop
endfacet
facet normal 0.555570 -0.831470 0.000000
 outer loop
  vertex 68.2500 0.4349 2.0000
  vertex 68.5219 0.6166 2.0000
  vertex 68.2500 0.4349 7.0000
 endloop
endfacet
facet normal -0.831472 0.555567 0.000000
 outer loop
  vertex 64.8349 3.8500 2.0000
  vertex 65.0166 4.1219 7.0000
  vertex 65.0166 4.1219 2.0000
 endloop
endfacet
facet normal -0.751843 0.659342 0.000000
 outer loop
  vertex 65.0166 4.1219 2.0000
  vertex 65.2322 4.3678 7.0000
  vertex 65.2322 4.3678 2.0000
 endloop
endfacet
facet normal 0.321438 0.946931 -0.000000
 outer loop
  vertex 67.9567 4.9097 2.0000
  vertex 67.6470 5.0148 2.0000
  vertex 67.9567 4.9097 7.0000
 endloop
endfacet
facet normal 0.442292 0.896871 0.000000
 outer loop
  vertex 67.9567 4.9097 2.0000
  vertex 68.2500 4.7651 7.0000
  vertex 68.2500 4.7651 2.0000
 endloop
endfacet
facet normal 0.555569 0.831471 0.000000
 outer loop
  vertex 68.2500 4.7651 2.0000
  vertex 68.5219 4.5834 7.0000
  vertex 68.5219 4.5834 2.0000
 endloop
endfacet
facet normal 0.195091 0.980785 0.000000
 outer loop
  vertex 67.3263 5.0786 2.0000
  vertex 67.6470 5.0148 7.0000
  vertex 67.6470 5.0148 2.0000
 endloop
endfacet
facet normal 0.659344 -0.751842 0.000000
 outer loop
  vertex 68.5219 0.6166 2.0000
  vertex 68.7678 0.8322 2.0000
  vertex 68.5219 0.6166 7.0000
 endloop
endfacet
facet normal 0.751843 -0.659342 0.000000
 outer loop
  vertex 68.7678 0.8322 2.0000
  vertex 68.9834 1.0781 2.0000
  vertex 68.7678 0.8322 7.0000
 endloop
endfacet
facet normal 0.831472 -0.555567 0.000000
 outer loop
  vertex 68.9834 1.0781 2.0000
  vertex 69.1651 1.3500 2.0000
  vertex 68.9834 1.0781 7.0000
 endloop
endfacet
facet normal 0.896869 -0.442295 0.000000
 outer loop
  vertex 69.1651 1.3500 2.0000
  vertex 69.3097 1.6433 2.0000
  vertex 69.1651 1.3500 7.0000
 endloop
endfacet
facet normal 0.946928 -0.321445 0.000000
 outer loop
  vertex 69.3097 1.6433 2.0000
  vertex 69.4148 1.9530 2.0000
  vertex 69.3097 1.6433 7.0000
 endloop
endfacet
facet normal 0.980786 -0.195089 0.000000
 outer loop
  vertex 69.4148 1.9530 2.0000
  vertex 69.4786 2.2737 2.0000
  vertex 69.4148 1.9530 7.0000
 endloop
endfacet
facet normal 0.997859 -0.065395 0.000000
 outer loop
  vertex 69.4786 2.2737 2.0000
  vertex 69.5000 2.6000 2.0000
  vertex 69.4786 2.2737 7.0000
 endloop
endfacet
facet normal 0.997859 0.065395 -0.000000
 outer loop
  vertex 69.5000 2.6000 2.0000
  vertex 69.4786 2.9263 2.0000
  vertex 69.5000 2.6000 7.0000
 endloop
endfacet
facet normal 0.980786 0.195089 -0.000000
 outer loop
  vertex 69.4786 2.9263 2.0000
  vertex 69.4148 3.2470 2.0000
  vertex 69.4786 2.9263 7.0000
 endloop
endfacet
facet normal 0.946928 0.321445 -0.000000
 outer loop
  vertex 69.4148 3.2470 2.0000
  vertex 69.3097 3.5567 2.0000
  vertex 69.4148 3.2470 7.0000
 endloop
endfacet
facet normal 0.896869 0.442296 0.000000
 outer loop
  vertex 69.1651 3.8500 2.0000
  vertex 69.3097 3.5567 7.0000
  vertex 69.3097 3.5567 2.0000
 endloop
endfacet
facet normal 0.831472 0.555567 -0.000000
 outer loop
  vertex 69.1651 3.8500 2.0000
  vertex 68.9834 4.1219 2.0000
  vertex 69.1651 3.8500 7.0000
 endloop
endfacet
facet normal 0.659344 0.751841 -0.000000
 outer loop
  vertex 68.7678 4.3678 2.0000
  vertex 68.5219 4.5834 2.0000
  vertex 68.7678 4.3678 7.0000
 endloop
endfacet
facet normal 0.751843 0.659342 -0.000000
 outer loop
  vertex 68.9834 4.1219 2.0000
  vertex 68.7678 4.3678 2.0000
  vertex 68.9834 4.1219 7.0000
 endloop
endfacet
facet normal -0.659341 0.751844 0.000000
 outer loop
  vertex 65.2322 4.3678 2.0000
  vertex 65.2322 4.3678 7.0000
  vertex 65.3912 4.5071 5.0000
 endloop
endfacet
facet normal 0.065397 0.997859 -0.000000
 outer loop
  vertex 67.3263 5.0786 2.0000
  vertex 67.2700 5.0823 5.0000
  vertex 67.3263 5.0786 7.0000
 endloop
endfacet
facet normal -0.831472 -0.555567 0.000000
 outer loop
  vertex 65.0166 1.0781 2.0000
  vertex 65.0166 1.0781 7.0000
  vertex 64.8349 1.3500 7.0000
 endloop
endfacet
facet normal -0.896869 -0.442295 0.000000
 outer loop
  vertex 64.8349 1.3500 2.0000
  vertex 64.8349 1.3500 7.0000
  vertex 64.6903 1.6433 7.0000
 endloop
endfacet
facet normal -0.946928 -0.321445 0.000000
 outer loop
  vertex 64.6903 1.6433 2.0000
  vertex 64.6903 1.6433 7.0000
  vertex 64.5852 1.9530 7.0000
 endloop
endfacet
facet normal -0.751843 -0.659342 0.000000
 outer loop
  vertex 65.2322 0.8322 2.0000
  vertex 65.2322 0.8322 7.0000
  vertex 65.0166 1.0781 7.0000
 endloop
endfacet
facet normal -0.659344 -0.751842 0.000000
 outer loop
  vertex 65.4781 0.6166 2.0000
  vertex 65.4781 0.6166 7.0000
  vertex 65.2322 0.8322 7.0000
 endloop
endfacet
facet normal -0.555570 -0.831470 0.000000
 outer loop
  vertex 65.7500 0.4349 2.0000
  vertex 65.7500 0.4349 7.0000
  vertex 65.4781 0.6166 7.0000
 endloop
endfacet
facet normal -0.442291 -0.896871 0.000000
 outer loop
  vertex 66.0433 0.2903 2.0000
  vertex 66.0433 0.2903 7.0000
  vertex 65.7500 0.4349 7.0000
 endloop
endfacet
facet normal -0.980786 -0.195089 0.000000
 outer loop
  vertex 64.5852 1.9530 2.0000
  vertex 64.5852 1.9530 7.0000
  vertex 64.5214 2.2737 7.0000
 endloop
endfacet
facet normal -0.997859 -0.065395 0.000000
 outer loop
  vertex 64.5214 2.2737 2.0000
  vertex 64.5214 2.2737 7.0000
  vertex 64.5000 2.6000 7.0000
 endloop
endfacet
facet normal -0.997859 0.065395 0.000000
 outer loop
  vertex 64.5000 2.6000 2.0000
  vertex 64.5000 2.6000 7.0000
  vertex 64.5214 2.9263 7.0000
 endloop
endfacet
facet normal -0.980786 0.195089 0.000000
 outer loop
  vertex 64.5214 2.9263 2.0000
  vertex 64.5214 2.9263 7.0000
  vertex 64.5852 3.2470 7.0000
 endloop
endfacet
facet normal -0.946928 0.321445 0.000000
 outer loop
  vertex 64.5852 3.2470 2.0000
  vertex 64.5852 3.2470 7.0000
  vertex 64.6903 3.5567 7.0000
 endloop
endfacet
facet normal -0.896869 0.442296 0.000000
 outer loop
  vertex 64.6903 3.5567 2.0000
  vertex 64.6903 3.5567 7.0000
  vertex 64.8349 3.8500 7.0000
 endloop
endfacet
facet normal -0.831472 0.555567 0.000000
 outer loop
  vertex 64.8349 3.8500 2.0000
  vertex 64.8349 3.8500 7.0000
  vertex 65.0166 4.1219 7.0000
 endloop
endfacet
facet normal -0.321439 -0.946930 0.000000
 outer loop
  vertex 66.3530 0.1852 2.0000
  vertex 66.3530 0.1852 7.0000
  vertex 66.0433 0.2903 7.0000
 endloop
endfacet
facet normal -0.195090 -0.980785 0.000000
 outer loop
  vertex 66.6737 0.1214 2.0000
  vertex 66.6737 0.1214 7.0000
  vertex 66.3530 0.1852 7.0000
 endloop
endfacet
facet normal -0.065403 -0.997859 0.000000
 outer loop
  vertex 67.0000 0.1000 2.0000
  vertex 67.0000 0.1000 7.0000
  vertex 66.6737 0.1214 7.0000
 endloop
endfacet
facet normal 0.065403 -0.997859 0.000000
 outer loop
  vertex 67.3263 0.1214 2.0000
  vertex 67.3263 0.1214 7.0000
  vertex 67.0000 0.1000 7.0000
 endloop
endfacet
facet normal 0.195090 -0.980785 0.000000
 outer loop
  vertex 67.6470 0.1852 2.0000
  vertex 67.6470 0.1852 7.0000
  vertex 67.3263 0.1214 7.0000
 endloop
endfacet
facet normal 0.321439 -0.946930 0.000000
 outer loop
  vertex 67.9567 0.2903 2.0000
  vertex 67.9567 0.2903 7.0000
  vertex 67.6470 0.1852 7.0000
 endloop
endfacet
facet normal 0.442291 -0.896871 0.000000
 outer loop
  vertex 68.2500 0.4349 2.0000
  vertex 68.2500 0.4349 7.0000
  vertex 67.9567 0.2903 7.0000
 endloop
endfacet
facet normal 0.555570 -0.831470 0.000000
 outer loop
  vertex 68.5219 0.6166 2.0000
  vertex 68.5219 0.6166 7.0000
  vertex 68.2500 0.4349 7.0000
 endloop
endfacet
facet normal -0.751843 0.659342 0.000000
 outer loop
  vertex 65.0166 4.1219 2.0000
  vertex 65.0166 4.1219 7.0000
  vertex 65.2322 4.3678 7.0000
 endloop
endfacet
facet normal -0.659350 0.751836 0.000000
 outer loop
  vertex 65.3912 4.5071 5.0000
  vertex 65.4781 4.5834 7.0000
  vertex 65.4781 4.5834 5.0000
 endloop
endfacet
facet normal -0.555569 0.831471 0.000000
 outer loop
  vertex 65.4781 4.5834 5.0000
  vertex 65.7500 4.7651 7.0000
  vertex 65.7500 4.7651 5.0000
 endloop
endfacet
facet normal -0.442292 0.896871 0.000000
 outer loop
  vertex 65.7500 4.7651 5.0000
  vertex 66.0433 4.9097 7.0000
  vertex 66.0433 4.9097 5.0000
 endloop
endfacet
facet normal 0.321438 0.946931 -0.000000
 outer loop
  vertex 67.6470 5.0148 2.0000
  vertex 67.6470 5.0148 7.0000
  vertex 67.9567 4.9097 7.0000
 endloop
endfacet
facet normal 0.442292 0.896871 -0.000000
 outer loop
  vertex 67.9567 4.9097 2.0000
  vertex 67.9567 4.9097 7.0000
  vertex 68.2500 4.7651 7.0000
 endloop
endfacet
facet normal 0.555569 0.831471 -0.000000
 outer loop
  vertex 68.2500 4.7651 2.0000
  vertex 68.2500 4.7651 7.0000
  vertex 68.5219 4.5834 7.0000
 endloop
endfacet
facet normal 0.195091 0.980785 -0.000000
 outer loop
  vertex 67.3263 5.0786 2.0000
  vertex 67.3263 5.0786 7.0000
  vertex 67.6470 5.0148 7.0000
 endloop
endfacet
facet normal -0.321438 0.946931 0.000000
 outer loop
  vertex 66.0433 4.9097 5.0000
  vertex 66.3530 5.0148 7.0000
  vertex 66.3530 5.0148 5.0000
 endloop
endfacet
facet normal -0.195091 0.980785 0.000000
 outer loop
  vertex 66.3530 5.0148 5.0000
  vertex 66.3530 5.0148 7.0000
  vertex 66.6737 5.0786 5.0000
 endloop
endfacet
facet normal -0.065402 0.997859 0.000000
 outer loop
  vertex 66.6737 5.0786 5.0000
  vertex 67.0000 5.1000 7.0000
  vertex 67.0000 5.1000 5.0000
 endloop
endfacet
facet normal 0.065403 0.997859 -0.000000
 outer loop
  vertex 67.0000 5.1000 5.0000
  vertex 67.3263 5.0786 7.0000
  vertex 67.2700 5.0823 5.0000
 endloop
endfacet
facet normal 0.659344 -0.751842 0.000000
 outer loop
  vertex 68.7678 0.8322 2.0000
  vertex 68.7678 0.8322 7.0000
  vertex 68.5219 0.6166 7.0000
 endloop
endfacet
facet normal 0.751843 -0.659342 0.000000
 outer loop
  vertex 68.9834 1.0781 2.0000
  vertex 68.9834 1.0781 7.0000
  vertex 68.7678 0.8322 7.0000
 endloop
endfacet
facet normal 0.831472 -0.555567 0.000000
 outer loop
  vertex 69.1651 1.3500 2.0000
  vertex 69.1651 1.3500 7.0000
  vertex 68.9834 1.0781 7.0000
 endloop
endfacet
facet normal 0.896869 -0.442295 0.000000
 outer loop
  vertex 69.3097 1.6433 2.0000
  vertex 69.3097 1.6433 7.0000
  vertex 69.1651 1.3500 7.0000
 endloop
endfacet
facet normal 0.946928 -0.321445 0.000000
 outer loop
  vertex 69.4148 1.9530 2.0000
  vertex 69.4148 1.9530 7.0000
  vertex 69.3097 1.6433 7.0000
 endloop
endfacet
facet normal 0.980786 -0.195089 0.000000
 outer loop
  vertex 69.4786 2.2737 2.0000
  vertex 69.4786 2.2737 7.0000
  vertex 69.4148 1.9530 7.0000
 endloop
endfacet
facet normal 0.997859 -0.065395 0.000000
 outer loop
  vertex 69.5000 2.6000 2.0000
  vertex 69.5000 2.6000 7.0000
  vertex 69.4786 2.2737 7.0000
 endloop
endfacet
facet normal 0.997859 0.065395 -0.000000
 outer loop
  vertex 69.4786 2.9263 2.0000
  vertex 69.4786 2.9263 7.0000
  vertex 69.5000 2.6000 7.0000
 endloop
endfacet
facet normal 0.980786 0.195089 -0.000000
 outer loop
  vertex 69.4148 3.2470 2.0000
  vertex 69.4148 3.2470 7.0000
  vertex 69.4786 2.9263 7.0000
 endloop
endfacet
facet normal 0.946928 0.321445 -0.000000
 outer loop
  vertex 69.3097 3.5567 2.0000
  vertex 69.3097 3.5567 7.0000
  vertex 69.4148 3.2470 7.0000
 endloop
endfacet
facet normal 0.896869 0.442296 -0.000000
 outer loop
  vertex 69.1651 3.8500 2.0000
  vertex 69.1651 3.8500 7.0000
  vertex 69.3097 3.5567 7.0000
 endloop
endfacet
facet normal 0.751843 0.659342 -0.000000
 outer loop
  vertex 68.7678 4.3678 2.0000
  vertex 68.7678 4.3678 7.0000
  vertex 68.9834 4.1219 7.0000
 endloop
endfacet
facet normal 0.659344 0.751841 -0.000000
 outer loop
  vertex 68.5219 4.5834 2.0000
  vertex 68.5219 4.5834 7.0000
  vertex 68.7678 4.3678 7.0000
 endloop
endfacet
facet normal 0.831472 0.555567 -0.000000
 outer loop
  vertex 68.9834 4.1219 2.0000
  vertex 68.9834 4.1219 7.0000
  vertex 69.1651 3.8500 7.0000
 endloop
endfacet
facet normal -0.000000 0.000000 1.000000
 outer loop
  vertex 65.7500 0.4349 7.0000
  vertex 66.0433 0.2903 7.0000
  vertex 65.9837 2.1790 7.0000
 endloop
endfacet
facet normal 0.000000 0.000000 1.000000
 outer loop
  vertex 66.0433 0.2903 7.0000
  vertex 66.2222 1.8222 7.0000
  vertex 66.1273 1.9304 7.0000
 endloop
endfacet
facet normal 0.000000 0.000000 1.000000
 outer loop
  vertex 66.0433 0.2903 7.0000
  vertex 66.1273 1.9304 7.0000
  vertex 66.0474 2.0500 7.0000
 endloop
endfacet
facet normal 0.000000 0.000000 1.000000
 outer loop
  vertex 65.7500 0.4349 7.0000
  vertex 65.9375 2.3153 7.0000
  vertex 65.9094 2.4564 7.0000
 endloop
endfacet
facet normal -0.000000 0.000000 1.000000
 outer loop
  vertex 65.4781 0.6166 7.0000
  vertex 65.7500 0.4349 7.0000
  vertex 65.7500 4.7651 7.0000
 endloop
endfacet
facet normal 0.000000 0.000000 1.000000
 outer loop
  vertex 65.7500 0.4349 7.0000
  vertex 65.9094 2.4564 7.0000
  vertex 65.9000 2.6000 7.0000
 endloop
endfacet
facet normal 0.000000 0.000000 1.000000
 outer loop
  vertex 65.7500 0.4349 7.0000
  vertex 65.9000 2.6000 7.0000
  vertex 65.9094 2.7436 7.0000
 endloop
endfacet
facet normal 0.000000 0.000000 1.000000
 outer loop
  vertex 65.7500 0.4349 7.0000
  vertex 65.9837 2.1790 7.0000
  vertex 65.9375 2.3153 7.0000
 endloop
endfacet
facet normal 0.000000 -0.000000 1.000000
 outer loop
  vertex 66.0433 0.2903 7.0000
  vertex 66.0474 2.0500 7.0000
  vertex 65.9837 2.1790 7.0000
 endloop
endfacet
facet normal 0.000000 -0.000000 1.000000
 outer loop
  vertex 64.5852 1.9530 7.0000
  vertex 64.5852 3.2470 7.0000
  vertex 64.5214 2.2737 7.0000
 endloop
endfacet
facet normal 0.000000 -0.000000 1.000000
 outer loop
  vertex 64.6903 1.6433 7.0000
  vertex 64.6903 3.5567 7.0000
  vertex 64.5852 1.9530 7.0000
 endloop
endfacet
facet normal -0.000000 0.000000 1.000000
 outer loop
  vertex 64.8349 1.3500 7.0000
  vertex 65.0166 1.0781 7.0000
  vertex 65.0166 4.1219 7.0000
 endloop
endfacet
facet normal 0.000000 -0.000000 1.000000
 outer loop
  vertex 64.8349 1.3500 7.0000
  vertex 64.8349 3.8500 7.0000
  vertex 64.6903 1.6433 7.0000
 endloop
endfacet
facet normal 0.000000 -0.000000 1.000000
 outer loop
  vertex 64.5214 2.2737 7.0000
  vertex 64.5214 2.9263 7.0000
  vertex 64.5000 2.6000 7.0000
 endloop
endfacet
facet normal 0.000000 0.000000 1.000000
 outer loop
  vertex 64.5214 2.2737 7.0000
  vertex 64.5852 3.2470 7.0000
  vertex 64.5214 2.9263 7.0000
 endloop
endfacet
facet normal 0.000000 0.000000 1.000000
 outer loop
  vertex 64.5852 1.9530 7.0000
  vertex 64.6903 3.5567 7.0000
  vertex 64.5852 3.2470 7.0000
 endloop
endfacet
facet normal 0.000000 0.000000 1.000000
 outer loop
  vertex 64.6903 1.6433 7.0000
  vertex 64.8349 3.8500 7.0000
  vertex 64.6903 3.5567 7.0000
 endloop
endfacet
facet normal 0.000000 0.000000 1.000000
 outer loop
  vertex 64.8349 1.3500 7.0000
  vertex 65.0166 4.1219 7.0000
  vertex 64.8349 3.8500 7.0000
 endloop
endfacet
facet normal 0.000000 -0.000000 1.000000
 outer loop
  vertex 65.2322 0.8322 7.0000
  vertex 65.2322 4.3678 7.0000
  vertex 65.0166 1.0781 7.0000
 endloop
endfacet
facet normal -0.000000 0.000000 1.000000
 outer loop
  vertex 65.2322 0.8322 7.0000
  vertex 65.4781 0.6166 7.0000
  vertex 65.4781 4.5834 7.0000
 endloop
endfacet
facet normal 0.000000 0.000000 1.000000
 outer loop
  vertex 65.7500 0.4349 7.0000
  vertex 65.9094 2.7436 7.0000
  vertex 66.0433 4.9097 7.0000
 endloop
endfacet
facet normal 0.000000 0.000000 1.000000
 outer loop
  vertex 65.0166 1.0781 7.0000
  vertex 65.2322 4.3678 7.0000
  vertex 65.0166 4.1219 7.0000
 endloop
endfacet
facet normal 0.000000 0.000000 1.000000
 outer loop
  vertex 65.2322 0.8322 7.0000
  vertex 65.4781 4.5834 7.0000
  vertex 65.2322 4.3678 7.0000
 endloop
endfacet
facet normal 0.000000 0.000000 1.000000
 outer loop
  vertex 65.4781 0.6166 7.0000
  vertex 65.7500 4.7651 7.0000
  vertex 65.4781 4.5834 7.0000
 endloop
endfacet
facet normal 0.000000 0.000000 1.000000
 outer loop
  vertex 65.7500 0.4349 7.0000
  vertex 66.0433 4.9097 7.0000
  vertex 65.7500 4.7651 7.0000
 endloop
endfacet
facet normal 0.000000 0.000000 1.000000
 outer loop
  vertex 66.0433 4.9097 7.0000
  vertex 65.9094 2.7436 7.0000
  vertex 65.9375 2.8847 7.0000
 endloop
endfacet
facet normal 0.000000 0.000000 1.000000
 outer loop
  vertex 66.0433 4.9097 7.0000
  vertex 65.9375 2.8847 7.0000
  vertex 65.9837 3.0210 7.0000
 endloop
endfacet
facet normal 0.000000 0.000000 1.000000
 outer loop
  vertex 66.0433 4.9097 7.0000
  vertex 65.9837 3.0210 7.0000
  vertex 66.0474 3.1500 7.0000
 endloop
endfacet
facet normal 0.000000 0.000000 1.000000
 outer loop
  vertex 66.0433 4.9097 7.0000
  vertex 66.0474 3.1500 7.0000
  vertex 66.1273 3.2696 7.0000
 endloop
endfacet
facet normal 0.000000 0.000000 1.000000
 outer loop
  vertex 66.0433 4.9097 7.0000
  vertex 66.1273 3.2696 7.0000
  vertex 66.2222 3.3778 7.0000
 endloop
endfacet
facet normal -0.000000 0.000000 1.000000
 outer loop
  vertex 66.0433 0.2903 7.0000
  vertex 66.3530 0.1852 7.0000
  vertex 66.3304 1.7273 7.0000
 endloop
endfacet
facet normal -0.000000 0.000000 1.000000
 outer loop
  vertex 66.3530 0.1852 7.0000
  vertex 66.6737 0.1214 7.0000
  vertex 66.5790 1.5837 7.0000
 endloop
endfacet
facet normal -0.000000 0.000000 1.000000
 outer loop
  vertex 66.6737 0.1214 7.0000
  vertex 67.0000 0.1000 7.0000
  vertex 66.8564 1.5094 7.0000
 endloop
endfacet
facet normal 0.000000 0.000000 1.000000
 outer loop
  vertex 67.0000 0.1000 7.0000
  vertex 67.3263 0.1214 7.0000
  vertex 67.0000 1.5000 7.0000
 endloop
endfacet
facet normal 0.000000 -0.000000 1.000000
 outer loop
  vertex 66.3530 0.1852 7.0000
  vertex 66.4500 1.6474 7.0000
  vertex 66.3304 1.7273 7.0000
 endloop
endfacet
facet normal 0.000000 0.000000 1.000000
 outer loop
  vertex 66.0433 0.2903 7.0000
  vertex 66.3304 1.7273 7.0000
  vertex 66.2222 1.8222 7.0000
 endloop
endfacet
facet normal 0.000000 0.000000 1.000000
 outer loop
  vertex 66.3530 0.1852 7.0000
  vertex 66.5790 1.5837 7.0000
  vertex 66.4500 1.6474 7.0000
 endloop
endfacet
facet normal 0.000000 -0.000000 1.000000
 outer loop
  vertex 66.6737 0.1214 7.0000
  vertex 66.7153 1.5375 7.0000
  vertex 66.5790 1.5837 7.0000
 endloop
endfacet
facet normal 0.000000 0.000000 1.000000
 outer loop
  vertex 66.6737 0.1214 7.0000
  vertex 66.8564 1.5094 7.0000
  vertex 66.7153 1.5375 7.0000
 endloop
endfacet
facet normal 0.000000 -0.000000 1.000000
 outer loop
  vertex 67.0000 0.1000 7.0000
  vertex 67.0000 1.5000 7.0000
  vertex 66.8564 1.5094 7.0000
 endloop
endfacet
facet normal 0.000000 0.000000 1.000000
 outer loop
  vertex 67.3263 0.1214 7.0000
  vertex 67.1436 1.5094 7.0000
  vertex 67.0000 1.5000 7.0000
 endloop
endfacet
facet normal 0.000000 0.000000 1.000000
 outer loop
  vertex 67.3263 0.1214 7.0000
  vertex 67.2847 1.5375 7.0000
  vertex 67.1436 1.5094 7.0000
 endloop
endfacet
facet normal 0.000000 0.000000 1.000000
 outer loop
  vertex 67.3263 0.1214 7.0000
  vertex 67.6470 0.1852 7.0000
  vertex 67.4210 1.5837 7.0000
 endloop
endfacet
facet normal 0.000000 0.000000 1.000000
 outer loop
  vertex 67.6470 0.1852 7.0000
  vertex 67.9567 0.2903 7.0000
  vertex 67.6696 1.7273 7.0000
 endloop
endfacet
facet normal 0.000000 -0.000000 1.000000
 outer loop
  vertex 67.3263 0.1214 7.0000
  vertex 67.4210 1.5837 7.0000
  vertex 67.2847 1.5375 7.0000
 endloop
endfacet
facet normal 0.000000 0.000000 1.000000
 outer loop
  vertex 67.6470 0.1852 7.0000
  vertex 67.5500 1.6474 7.0000
  vertex 67.4210 1.5837 7.0000
 endloop
endfacet
facet normal 0.000000 -0.000000 1.000000
 outer loop
  vertex 67.6470 0.1852 7.0000
  vertex 67.6696 1.7273 7.0000
  vertex 67.5500 1.6474 7.0000
 endloop
endfacet
facet normal 0.000000 0.000000 1.000000
 outer loop
  vertex 67.9567 0.2903 7.0000
  vertex 67.7778 1.8222 7.0000
  vertex 67.6696 1.7273 7.0000
 endloop
endfacet
facet normal 0.000000 0.000000 1.000000
 outer loop
  vertex 67.9567 0.2903 7.0000
  vertex 67.8727 1.9304 7.0000
  vertex 67.7778 1.8222 7.0000
 endloop
endfacet
facet normal 0.000000 0.000000 1.000000
 outer loop
  vertex 67.9567 0.2903 7.0000
  vertex 67.9526 2.0500 7.0000
  vertex 67.8727 1.9304 7.0000
 endloop
endfacet
facet normal 0.000000 -0.000000 1.000000
 outer loop
  vertex 67.9567 0.2903 7.0000
  vertex 68.0163 2.1790 7.0000
  vertex 67.9526 2.0500 7.0000
 endloop
endfacet
facet normal 0.000000 0.000000 1.000000
 outer loop
  vertex 67.9567 0.2903 7.0000
  vertex 68.0625 2.3153 7.0000
  vertex 68.0163 2.1790 7.0000
 endloop
endfacet
facet normal 0.000000 0.000000 1.000000
 outer loop
  vertex 67.9567 0.2903 7.0000
  vertex 68.0906 2.4564 7.0000
  vertex 68.0625 2.3153 7.0000
 endloop
endfacet
facet normal 0.000000 0.000000 1.000000
 outer loop
  vertex 67.9567 0.2903 7.0000
  vertex 68.2500 0.4349 7.0000
  vertex 68.2500 4.7651 7.0000
 endloop
endfacet
facet normal 0.000000 0.000000 1.000000
 outer loop
  vertex 68.2500 0.4349 7.0000
  vertex 68.5219 0.6166 7.0000
  vertex 68.5219 4.5834 7.0000
 endloop
endfacet
facet normal 0.000000 0.000000 1.000000
 outer loop
  vertex 66.0433 4.9097 7.0000
  vertex 66.2222 3.3778 7.0000
  vertex 66.3304 3.4727 7.0000
 endloop
endfacet
facet normal 0.000000 0.000000 1.000000
 outer loop
  vertex 67.9567 0.2903 7.0000
  vertex 68.2500 4.7651 7.0000
  vertex 68.0906 2.4564 7.0000
 endloop
endfacet
facet normal 0.000000 0.000000 1.000000
 outer loop
  vertex 67.9567 4.9097 7.0000
  vertex 67.6696 3.4727 7.0000
  vertex 67.7778 3.3778 7.0000
 endloop
endfacet
facet normal 0.000000 0.000000 1.000000
 outer loop
  vertex 68.2500 4.7651 7.0000
  vertex 68.1000 2.6000 7.0000
  vertex 68.0906 2.4564 7.0000
 endloop
endfacet
facet normal 0.000000 0.000000 1.000000
 outer loop
  vertex 68.2500 4.7651 7.0000
  vertex 68.0906 2.7436 7.0000
  vertex 68.1000 2.6000 7.0000
 endloop
endfacet
facet normal 0.000000 0.000000 1.000000
 outer loop
  vertex 68.2500 4.7651 7.0000
  vertex 68.0625 2.8847 7.0000
  vertex 68.0906 2.7436 7.0000
 endloop
endfacet
facet normal 0.000000 0.000000 1.000000
 outer loop
  vertex 68.2500 0.4349 7.0000
  vertex 68.5219 4.5834 7.0000
  vertex 68.2500 4.7651 7.0000
 endloop
endfacet
facet normal 0.000000 0.000000 1.000000
 outer loop
  vertex 67.9567 4.9097 7.0000
  vertex 67.9526 3.1500 7.0000
  vertex 68.0163 3.0210 7.0000
 endloop
endfacet
facet normal 0.000000 0.000000 1.000000
 outer loop
  vertex 68.2500 4.7651 7.0000
  vertex 68.0163 3.0210 7.0000
  vertex 68.0625 2.8847 7.0000
 endloop
endfacet
facet normal 0.000000 0.000000 1.000000
 outer loop
  vertex 67.9567 4.9097 7.0000
  vertex 67.8727 3.2696 7.0000
  vertex 67.9526 3.1500 7.0000
 endloop
endfacet
facet normal 0.000000 0.000000 1.000000
 outer loop
  vertex 67.9567 4.9097 7.0000
  vertex 67.7778 3.3778 7.0000
  vertex 67.8727 3.2696 7.0000
 endloop
endfacet
facet normal -0.659344 0.751841 -0.000000
 outer loop
  vertex 65.3912 4.5071 5.0000
  vertex 65.2322 4.3678 7.0000
  vertex 65.4781 4.5834 7.0000
 endloop
endfacet
facet normal -0.555569 0.831471 0.000000
 outer loop
  vertex 65.4781 4.5834 5.0000
  vertex 65.4781 4.5834 7.0000
  vertex 65.7500 4.7651 7.0000
 endloop
endfacet
facet normal -0.442292 0.896871 0.000000
 outer loop
  vertex 65.7500 4.7651 5.0000
  vertex 65.7500 4.7651 7.0000
  vertex 66.0433 4.9097 7.0000
 endloop
endfacet
facet normal -0.321438 0.946931 0.000000
 outer loop
  vertex 66.0433 4.9097 5.0000
  vertex 66.0433 4.9097 7.0000
  vertex 66.3530 5.0148 7.0000
 endloop
endfacet
facet normal -0.195091 0.980785 0.000000
 outer loop
  vertex 66.6737 5.0786 5.0000
  vertex 66.3530 5.0148 7.0000
  vertex 66.6737 5.0786 7.0000
 endloop
endfacet
facet normal -0.065402 0.997859 0.000000
 outer loop
  vertex 66.6737 5.0786 5.0000
  vertex 66.6737 5.0786 7.0000
  vertex 67.0000 5.1000 7.0000
 endloop
endfacet
facet normal 0.065402 0.997859 -0.000000
 outer loop
  vertex 67.0000 5.1000 5.0000
  vertex 67.0000 5.1000 7.0000
  vertex 67.3263 5.0786 7.0000
 endloop
endfacet
facet normal 0.000000 0.000000 1.000000
 outer loop
  vertex 66.3530 5.0148 7.0000
  vertex 66.3304 3.4727 7.0000
  vertex 66.4500 3.5526 7.0000
 endloop
endfacet
facet normal -0.000000 0.000000 1.000000
 outer loop
  vertex 66.0433 4.9097 7.0000
  vertex 66.3304 3.4727 7.0000
  vertex 66.3530 5.0148 7.0000
 endloop
endfacet
facet normal 0.000000 0.000000 1.000000
 outer loop
  vertex 66.3530 5.0148 7.0000
  vertex 66.4500 3.5526 7.0000
  vertex 66.5790 3.6163 7.0000
 endloop
endfacet
facet normal 0.000000 0.000000 1.000000
 outer loop
  vertex 66.6737 5.0786 7.0000
  vertex 66.5790 3.6163 7.0000
  vertex 66.7153 3.6625 7.0000
 endloop
endfacet
facet normal -0.000000 0.000000 1.000000
 outer loop
  vertex 66.3530 5.0148 7.0000
  vertex 66.5790 3.6163 7.0000
  vertex 66.6737 5.0786 7.0000
 endloop
endfacet
facet normal 0.000000 0.000000 1.000000
 outer loop
  vertex 66.6737 5.0786 7.0000
  vertex 66.7153 3.6625 7.0000
  vertex 66.8564 3.6906 7.0000
 endloop
endfacet
facet normal 0.000000 0.000000 1.000000
 outer loop
  vertex 66.6737 5.0786 7.0000
  vertex 66.8564 3.6906 7.0000
  vertex 67.0000 3.7000 7.0000
 endloop
endfacet
facet normal 0.000000 0.000000 1.000000
 outer loop
  vertex 67.0000 5.1000 7.0000
  vertex 67.0000 3.7000 7.0000
  vertex 67.1436 3.6906 7.0000
 endloop
endfacet
facet normal 0.000000 0.000000 1.000000
 outer loop
  vertex 67.3263 5.0786 7.0000
  vertex 67.1436 3.6906 7.0000
  vertex 67.2847 3.6625 7.0000
 endloop
endfacet
facet normal -0.000000 0.000000 1.000000
 outer loop
  vertex 66.6737 5.0786 7.0000
  vertex 67.0000 3.7000 7.0000
  vertex 67.0000 5.1000 7.0000
 endloop
endfacet
facet normal 0.000000 0.000000 1.000000
 outer loop
  vertex 67.0000 5.1000 7.0000
  vertex 67.1436 3.6906 7.0000
  vertex 67.3263 5.0786 7.0000
 endloop
endfacet
facet normal 0.000000 0.000000 1.000000
 outer loop
  vertex 67.3263 5.0786 7.0000
  vertex 67.2847 3.6625 7.0000
  vertex 67.4210 3.6163 7.0000
 endloop
endfacet
facet normal 0.000000 0.000000 1.000000
 outer loop
  vertex 67.6470 5.0148 7.0000
  vertex 67.4210 3.6163 7.0000
  vertex 67.5500 3.5526 7.0000
 endloop
endfacet
facet normal 0.000000 0.000000 1.000000
 outer loop
  vertex 67.6470 5.0148 7.0000
  vertex 67.5500 3.5526 7.0000
  vertex 67.6696 3.4727 7.0000
 endloop
endfacet
facet normal 0.000000 0.000000 1.000000
 outer loop
  vertex 67.9567 4.9097 7.0000
  vertex 67.6470 5.0148 7.0000
  vertex 67.6696 3.4727 7.0000
 endloop
endfacet
facet normal 0.000000 0.000000 1.000000
 outer loop
  vertex 67.3263 5.0786 7.0000
  vertex 67.4210 3.6163 7.0000
  vertex 67.6470 5.0148 7.0000
 endloop
endfacet
facet normal 0.000000 0.000000 1.000000
 outer loop
  vertex 67.9567 4.9097 7.0000
  vertex 68.0163 3.0210 7.0000
  vertex 68.2500 4.7651 7.0000
 endloop
endfacet
facet normal 0.000000 0.000000 1.000000
 outer loop
  vertex 68.5219 0.6166 7.0000
  vertex 68.7678 0.8322 7.0000
  vertex 68.7678 4.3678 7.0000
 endloop
endfacet
facet normal 0.000000 0.000000 1.000000
 outer loop
  vertex 68.7678 0.8322 7.0000
  vertex 68.9834 1.0781 7.0000
  vertex 68.9834 4.1219 7.0000
 endloop
endfacet
facet normal 0.000000 0.000000 1.000000
 outer loop
  vertex 68.9834 1.0781 7.0000
  vertex 69.1651 1.3500 7.0000
  vertex 69.1651 3.8500 7.0000
 endloop
endfacet
facet normal 0.000000 0.000000 1.000000
 outer loop
  vertex 69.1651 1.3500 7.0000
  vertex 69.3097 1.6433 7.0000
  vertex 69.3097 3.5567 7.0000
 endloop
endfacet
facet normal 0.000000 0.000000 1.000000
 outer loop
  vertex 69.3097 1.6433 7.0000
  vertex 69.4148 1.9530 7.0000
  vertex 69.4148 3.2470 7.0000
 endloop
endfacet
facet normal 0.000000 0.000000 1.000000
 outer loop
  vertex 69.4148 1.9530 7.0000
  vertex 69.4786 2.2737 7.0000
  vertex 69.4786 2.9263 7.0000
 endloop
endfacet
facet normal 0.000000 0.000000 1.000000
 outer loop
  vertex 69.1651 1.3500 7.0000
  vertex 69.3097 3.5567 7.0000
  vertex 69.1651 3.8500 7.0000
 endloop
endfacet
facet normal 0.000000 0.000000 1.000000
 outer loop
  vertex 69.4786 2.2737 7.0000
  vertex 69.5000 2.6000 7.0000
  vertex 69.4786 2.9263 7.0000
 endloop
endfacet
facet normal 0.000000 0.000000 1.000000
 outer loop
  vertex 69.4148 1.9530 7.0000
  vertex 69.4786 2.9263 7.0000
  vertex 69.4148 3.2470 7.0000
 endloop
endfacet
facet normal 0.000000 0.000000 1.000000
 outer loop
  vertex 69.3097 1.6433 7.0000
  vertex 69.4148 3.2470 7.0000
  vertex 69.3097 3.5567 7.0000
 endloop
endfacet
facet normal 0.000000 0.000000 1.000000
 outer loop
  vertex 68.5219 0.6166 7.0000
  vertex 68.7678 4.3678 7.0000
  vertex 68.5219 4.5834 7.0000
 endloop
endfacet
facet normal 0.000000 0.000000 1.000000
 outer loop
  vertex 68.7678 0.8322 7.0000
  vertex 68.9834 4.1219 7.0000
  vertex 68.7678 4.3678 7.0000
 endloop
endfacet
facet normal 0.000000 0.000000 1.000000
 outer loop
  vertex 68.9834 1.0781 7.0000
  vertex 69.1651 3.8500 7.0000
  vertex 68.9834 4.1219 7.0000
 endloop
endfacet
facet normal 0.896880 0.442273 0.000000
 outer loop
  vertex 66.0474 2.0500 0.0000
  vertex 65.9837 2.1790 0.0000
  vertex 65.9837 2.1790 7.0000
 endloop
endfacet
facet normal 0.831465 0.555578 0.000000
 outer loop
  vertex 66.1273 1.9304 0.0000
  vertex 66.0474 2.0500 0.0000
  vertex 66.0474 2.0500 7.0000
 endloop
endfacet
facet normal 0.946933 0.321430 0.000000
 outer loop
  vertex 65.9837 2.1790 0.0000
  vertex 65.9375 2.3153 0.0000
  vertex 65.9375 2.3153 7.0000
 endloop
endfacet
facet normal 0.980778 0.195125 0.000000
 outer loop
  vertex 65.9375 2.3153 0.0000
  vertex 65.9094 2.4564 0.0000
  vertex 65.9094 2.4564 7.0000
 endloop
endfacet
facet normal 0.997861 0.065378 0.000000
 outer loop
  vertex 65.9094 2.4564 0.0000
  vertex 65.9000 2.6000 0.0000
  vertex 65.9000 2.6000 7.0000
 endloop
endfacet
facet normal 0.997861 -0.065378 0.000000
 outer loop
  vertex 65.9000 2.6000 0.0000
  vertex 65.9094 2.7436 0.0000
  vertex 65.9094 2.7436 7.0000
 endloop
endfacet
facet normal 0.980778 -0.195125 0.000000
 outer loop
  vertex 65.9094 2.7436 0.0000
  vertex 65.9375 2.8847 0.0000
  vertex 65.9375 2.8847 7.0000
 endloop
endfacet
facet normal 0.946933 -0.321430 0.000000
 outer loop
  vertex 65.9375 2.8847 0.0000
  vertex 65.9837 3.0210 0.0000
  vertex 65.9837 3.0210 7.0000
 endloop
endfacet
facet normal 0.896880 -0.442273 0.000000
 outer loop
  vertex 65.9837 3.0210 0.0000
  vertex 66.0474 3.1500 0.0000
  vertex 66.0474 3.1500 7.0000
 endloop
endfacet
facet normal 0.831465 -0.555578 0.000000
 outer loop
  vertex 66.0474 3.1500 0.0000
  vertex 66.1273 3.2696 0.0000
  vertex 66.1273 3.2696 7.0000
 endloop
endfacet
facet normal 0.555574 0.831467 0.000000
 outer loop
  vertex 66.4500 1.6474 0.0000
  vertex 66.3304 1.7273 0.0000
  vertex 66.3304 1.7273 7.0000
 endloop
endfacet
facet normal 0.659355 0.751832 0.000000
 outer loop
  vertex 66.3304 1.7273 0.0000
  vertex 66.2222 1.8222 0.0000
  vertex 66.2222 1.8222 7.0000
 endloop
endfacet
facet normal 0.751839 0.659347 0.000000
 outer loop
  vertex 66.2222 1.8222 0.0000
  vertex 66.1273 1.9304 0.0000
  vertex 66.1273 1.9304 7.0000
 endloop
endfacet
facet normal 0.442280 0.896877 0.000000
 outer loop
  vertex 66.5790 1.5837 0.0000
  vertex 66.4500 1.6474 0.0000
  vertex 66.4500 1.6474 7.0000
 endloop
endfacet
facet normal 0.321434 0.946932 0.000000
 outer loop
  vertex 66.7153 1.5375 0.0000
  vertex 66.5790 1.5837 0.0000
  vertex 66.5790 1.5837 7.0000
 endloop
endfacet
facet normal 0.195092 0.980785 0.000000
 outer loop
  vertex 66.8564 1.5094 0.0000
  vertex 66.7153 1.5375 0.0000
  vertex 66.7153 1.5375 7.0000
 endloop
endfacet
facet normal 0.065403 0.997859 -0.000000
 outer loop
  vertex 66.8564 1.5094 0.0000
  vertex 66.8564 1.5094 7.0000
  vertex 67.0000 1.5000 0.0000
 endloop
endfacet
facet normal -0.065403 0.997859 0.000000
 outer loop
  vertex 67.0000 1.5000 0.0000
  vertex 67.0000 1.5000 7.0000
  vertex 67.1436 1.5094 0.0000
 endloop
endfacet
facet normal -0.195092 0.980785 0.000000
 outer loop
  vertex 67.2847 1.5375 0.0000
  vertex 67.1436 1.5094 0.0000
  vertex 67.1436 1.5094 7.0000
 endloop
endfacet
facet normal -0.321434 0.946932 0.000000
 outer loop
  vertex 67.4210 1.5837 0.0000
  vertex 67.2847 1.5375 0.0000
  vertex 67.2847 1.5375 7.0000
 endloop
endfacet
facet normal -0.442280 0.896877 0.000000
 outer loop
  vertex 67.5500 1.6474 0.0000
  vertex 67.4210 1.5837 0.0000
  vertex 67.4210 1.5837 7.0000
 endloop
endfacet
facet normal -0.555574 0.831467 0.000000
 outer loop
  vertex 67.6696 1.7273 0.0000
  vertex 67.5500 1.6474 0.0000
  vertex 67.5500 1.6474 7.0000
 endloop
endfacet
facet normal -0.659355 0.751832 0.000000
 outer loop
  vertex 67.7778 1.8222 0.0000
  vertex 67.6696 1.7273 0.0000
  vertex 67.6696 1.7273 7.0000
 endloop
endfacet
facet normal -0.751839 0.659347 0.000000
 outer loop
  vertex 67.8727 1.9304 0.0000
  vertex 67.7778 1.8222 0.0000
  vertex 67.7778 1.8222 7.0000
 endloop
endfacet
facet normal -0.831465 0.555578 0.000000
 outer loop
  vertex 67.9526 2.0500 0.0000
  vertex 67.8727 1.9304 0.0000
  vertex 67.8727 1.9304 7.0000
 endloop
endfacet
facet normal 0.751839 -0.659347 0.000000
 outer loop
  vertex 66.1273 3.2696 0.0000
  vertex 66.2222 3.3778 0.0000
  vertex 66.2222 3.3778 7.0000
 endloop
endfacet
facet normal 0.659355 -0.751831 0.000000
 outer loop
  vertex 66.2222 3.3778 0.0000
  vertex 66.3304 3.4727 0.0000
  vertex 66.3304 3.4727 7.0000
 endloop
endfacet
facet normal 0.555574 -0.831467 0.000000
 outer loop
  vertex 66.3304 3.4727 0.0000
  vertex 66.4500 3.5526 0.0000
  vertex 66.4500 3.5526 7.0000
 endloop
endfacet
facet normal 0.442280 -0.896877 0.000000
 outer loop
  vertex 66.4500 3.5526 0.0000
  vertex 66.5790 3.6163 0.0000
  vertex 66.5790 3.6163 7.0000
 endloop
endfacet
facet normal 0.321435 -0.946932 0.000000
 outer loop
  vertex 66.5790 3.6163 0.0000
  vertex 66.7153 3.6625 0.0000
  vertex 66.7153 3.6625 7.0000
 endloop
endfacet
facet normal 0.195092 -0.980785 0.000000
 outer loop
  vertex 66.7153 3.6625 0.0000
  vertex 66.8564 3.6906 0.0000
  vertex 66.8564 3.6906 7.0000
 endloop
endfacet
facet normal 0.065403 -0.997859 0.000000
 outer loop
  vertex 66.8564 3.6906 0.0000
  vertex 67.0000 3.7000 0.0000
  vertex 67.0000 3.7000 7.0000
 endloop
endfacet
facet normal -0.065403 -0.997859 0.000000
 outer loop
  vertex 67.0000 3.7000 0.0000
  vertex 67.1436 3.6906 0.0000
  vertex 67.1436 3.6906 7.0000
 endloop
endfacet
facet normal -0.195092 -0.980785 0.000000
 outer loop
  vertex 67.1436 3.6906 0.0000
  vertex 67.2847 3.6625 0.0000
  vertex 67.2847 3.6625 7.0000
 endloop
endfacet
facet normal -0.896880 0.442273 0.000000
 outer loop
  vertex 68.0163 2.1790 0.0000
  vertex 67.9526 2.0500 0.0000
  vertex 67.9526 2.0500 7.0000
 endloop
endfacet
facet normal -0.946933 0.321430 0.000000
 outer loop
  vertex 68.0625 2.3153 0.0000
  vertex 68.0163 2.1790 0.0000
  vertex 68.0163 2.1790 7.0000
 endloop
endfacet
facet normal -0.980778 0.195125 0.000000
 outer loop
  vertex 68.0906 2.4564 0.0000
  vertex 68.0625 2.3153 0.0000
  vertex 68.0625 2.3153 7.0000
 endloop
endfacet
facet normal -0.997861 0.065378 0.000000
 outer loop
  vertex 68.0906 2.4564 0.0000
  vertex 68.0906 2.4564 7.0000
  vertex 68.1000 2.6000 0.0000
 endloop
endfacet
facet normal -0.997861 -0.065378 0.000000
 outer loop
  vertex 68.1000 2.6000 0.0000
  vertex 68.1000 2.6000 7.0000
  vertex 68.0906 2.7436 0.0000
 endloop
endfacet
facet normal -0.980778 -0.195125 0.000000
 outer loop
  vertex 68.0625 2.8847 0.0000
  vertex 68.0906 2.7436 0.0000
  vertex 68.0906 2.7436 7.0000
 endloop
endfacet
facet normal -0.946933 -0.321430 0.000000
 outer loop
  vertex 68.0163 3.0210 0.0000
  vertex 68.0625 2.8847 0.0000
  vertex 68.0625 2.8847 7.0000
 endloop
endfacet
facet normal -0.555574 -0.831467 0.000000
 outer loop
  vertex 67.5500 3.5526 0.0000
  vertex 67.6696 3.4727 0.0000
  vertex 67.6696 3.4727 7.0000
 endloop
endfacet
facet normal -0.751839 -0.659347 0.000000
 outer loop
  vertex 67.7778 3.3778 0.0000
  vertex 67.8727 3.2696 0.0000
  vertex 67.8727 3.2696 7.0000
 endloop
endfacet
facet normal -0.659355 -0.751831 0.000000
 outer loop
  vertex 67.6696 3.4727 0.0000
  vertex 67.7778 3.3778 0.0000
  vertex 67.7778 3.3778 7.0000
 endloop
endfacet
facet normal -0.321435 -0.946932 0.000000
 outer loop
  vertex 67.2847 3.6625 0.0000
  vertex 67.4210 3.6163 0.0000
  vertex 67.4210 3.6163 7.0000
 endloop
endfacet
facet normal -0.442280 -0.896877 0.000000
 outer loop
  vertex 67.4210 3.6163 0.0000
  vertex 67.5500 3.5526 0.0000
  vertex 67.5500 3.5526 7.0000
 endloop
endfacet
facet normal -0.896880 -0.442273 0.000000
 outer loop
  vertex 67.9526 3.1500 0.0000
  vertex 68.0163 3.0210 0.0000
  vertex 68.0163 3.0210 7.0000
 endloop
endfacet
facet normal -0.831465 -0.555578 0.000000
 outer loop
  vertex 67.8727 3.2696 0.0000
  vertex 67.9526 3.1500 0.0000
  vertex 67.9526 3.1500 7.0000
 endloop
endfacet
facet normal 0.831465 0.555578 -0.000000
 outer loop
  vertex 66.1273 1.9304 0.0000
  vertex 66.0474 2.0500 7.0000
  vertex 66.1273 1.9304 7.0000
 endloop
endfacet
facet normal 0.946933 0.321430 -0.000000
 outer loop
  vertex 65.9837 2.1790 0.0000
  vertex 65.9375 2.3153 7.0000
  vertex 65.9837 2.1790 7.0000
 endloop
endfacet
facet normal 0.896880 0.442273 0.000000
 outer loop
  vertex 65.9837 2.1790 7.0000
  vertex 66.0474 2.0500 7.0000
  vertex 66.0474 2.0500 0.0000
 endloop
endfacet
facet normal 0.980778 0.195125 -0.000000
 outer loop
  vertex 65.9375 2.3153 0.0000
  vertex 65.9094 2.4564 7.0000
  vertex 65.9375 2.3153 7.0000
 endloop
endfacet
facet normal 0.997861 0.065378 -0.000000
 outer loop
  vertex 65.9094 2.4564 0.0000
  vertex 65.9000 2.6000 7.0000
  vertex 65.9094 2.4564 7.0000
 endloop
endfacet
facet normal 0.997861 -0.065378 0.000000
 outer loop
  vertex 65.9000 2.6000 0.0000
  vertex 65.9094 2.7436 7.0000
  vertex 65.9000 2.6000 7.0000
 endloop
endfacet
facet normal 0.980778 -0.195125 0.000000
 outer loop
  vertex 65.9094 2.7436 0.0000
  vertex 65.9375 2.8847 7.0000
  vertex 65.9094 2.7436 7.0000
 endloop
endfacet
facet normal 0.946933 -0.321430 0.000000
 outer loop
  vertex 65.9375 2.8847 0.0000
  vertex 65.9837 3.0210 7.0000
  vertex 65.9375 2.8847 7.0000
 endloop
endfacet
facet normal 0.896880 -0.442273 0.000000
 outer loop
  vertex 66.0474 3.1500 7.0000
  vertex 65.9837 3.0210 7.0000
  vertex 65.9837 3.0210 0.0000
 endloop
endfacet
facet normal 0.831465 -0.555578 0.000000
 outer loop
  vertex 66.0474 3.1500 0.0000
  vertex 66.1273 3.2696 7.0000
  vertex 66.0474 3.1500 7.0000
 endloop
endfacet
facet normal 0.555574 0.831467 0.000000
 outer loop
  vertex 66.3304 1.7273 7.0000
  vertex 66.4500 1.6474 7.0000
  vertex 66.4500 1.6474 0.0000
 endloop
endfacet
facet normal 0.751839 0.659347 0.000000
 outer loop
  vertex 66.1273 1.9304 7.0000
  vertex 66.2222 1.8222 7.0000
  vertex 66.2222 1.8222 0.0000
 endloop
endfacet
facet normal 0.659355 0.751832 -0.000000
 outer loop
  vertex 66.3304 1.7273 0.0000
  vertex 66.2222 1.8222 7.0000
  vertex 66.3304 1.7273 7.0000
 endloop
endfacet
facet normal 0.442280 0.896877 -0.000000
 outer loop
  vertex 66.5790 1.5837 0.0000
  vertex 66.4500 1.6474 7.0000
  vertex 66.5790 1.5837 7.0000
 endloop
endfacet
facet normal 0.321434 0.946932 0.000000
 outer loop
  vertex 66.5790 1.5837 7.0000
  vertex 66.7153 1.5375 7.0000
  vertex 66.7153 1.5375 0.0000
 endloop
endfacet
facet normal 0.195092 0.980785 0.000000
 outer loop
  vertex 66.7153 1.5375 7.0000
  vertex 66.8564 1.5094 7.0000
  vertex 66.8564 1.5094 0.0000
 endloop
endfacet
facet normal 0.065403 0.997859 -0.000000
 outer loop
  vertex 67.0000 1.5000 0.0000
  vertex 66.8564 1.5094 7.0000
  vertex 67.0000 1.5000 7.0000
 endloop
endfacet
facet normal -0.065403 0.997859 0.000000
 outer loop
  vertex 67.0000 1.5000 7.0000
  vertex 67.1436 1.5094 7.0000
  vertex 67.1436 1.5094 0.0000
 endloop
endfacet
facet normal -0.195092 0.980785 0.000000
 outer loop
  vertex 67.2847 1.5375 0.0000
  vertex 67.1436 1.5094 7.0000
  vertex 67.2847 1.5375 7.0000
 endloop
endfacet
facet normal -0.321434 0.946932 0.000000
 outer loop
  vertex 67.2847 1.5375 7.0000
  vertex 67.4210 1.5837 7.0000
  vertex 67.4210 1.5837 0.0000
 endloop
endfacet
facet normal -0.442280 0.896877 0.000000
 outer loop
  vertex 67.5500 1.6474 0.0000
  vertex 67.4210 1.5837 7.0000
  vertex 67.5500 1.6474 7.0000
 endloop
endfacet
facet normal -0.555574 0.831467 0.000000
 outer loop
  vertex 67.5500 1.6474 7.0000
  vertex 67.6696 1.7273 7.0000
  vertex 67.6696 1.7273 0.0000
 endloop
endfacet
facet normal -0.659355 0.751832 0.000000
 outer loop
  vertex 67.6696 1.7273 7.0000
  vertex 67.7778 1.8222 7.0000
  vertex 67.7778 1.8222 0.0000
 endloop
endfacet
facet normal -0.751839 0.659347 0.000000
 outer loop
  vertex 67.8727 1.9304 0.0000
  vertex 67.7778 1.8222 7.0000
  vertex 67.8727 1.9304 7.0000
 endloop
endfacet
facet normal 0.751839 -0.659347 0.000000
 outer loop
  vertex 66.1273 3.2696 0.0000
  vertex 66.2222 3.3778 7.0000
  vertex 66.1273 3.2696 7.0000
 endloop
endfacet
facet normal 0.659355 -0.751831 0.000000
 outer loop
  vertex 66.3304 3.4727 7.0000
  vertex 66.2222 3.3778 7.0000
  vertex 66.2222 3.3778 0.0000
 endloop
endfacet
facet normal 0.555574 -0.831467 0.000000
 outer loop
  vertex 66.4500 3.5526 7.0000
  vertex 66.3304 3.4727 7.0000
  vertex 66.3304 3.4727 0.0000
 endloop
endfacet
facet normal 0.442280 -0.896877 0.000000
 outer loop
  vertex 66.4500 3.5526 0.0000
  vertex 66.5790 3.6163 7.0000
  vertex 66.4500 3.5526 7.0000
 endloop
endfacet
facet normal 0.321435 -0.946932 0.000000
 outer loop
  vertex 66.7153 3.6625 7.0000
  vertex 66.5790 3.6163 7.0000
  vertex 66.5790 3.6163 0.0000
 endloop
endfacet
facet normal 0.195092 -0.980785 0.000000
 outer loop
  vertex 66.7153 3.6625 0.0000
  vertex 66.8564 3.6906 7.0000
  vertex 66.7153 3.6625 7.0000
 endloop
endfacet
facet normal 0.065403 -0.997859 0.000000
 outer loop
  vertex 67.0000 3.7000 7.0000
  vertex 66.8564 3.6906 7.0000
  vertex 66.8564 3.6906 0.0000
 endloop
endfacet
facet normal -0.065403 -0.997859 0.000000
 outer loop
  vertex 67.0000 3.7000 0.0000
  vertex 67.1436 3.6906 7.0000
  vertex 67.0000 3.7000 7.0000
 endloop
endfacet
facet normal -0.195092 -0.980785 0.000000
 outer loop
  vertex 67.2847 3.6625 7.0000
  vertex 67.1436 3.6906 7.0000
  vertex 67.1436 3.6906 0.0000
 endloop
endfacet
facet normal -0.831465 0.555578 0.000000
 outer loop
  vertex 67.9526 2.0500 0.0000
  vertex 67.8727 1.9304 7.0000
  vertex 67.9526 2.0500 7.0000
 endloop
endfacet
facet normal -0.896880 0.442273 0.000000
 outer loop
  vertex 67.9526 2.0500 7.0000
  vertex 68.0163 2.1790 7.0000
  vertex 68.0163 2.1790 0.0000
 endloop
endfacet
facet normal -0.946933 0.321430 0.000000
 outer loop
  vertex 68.0625 2.3153 0.0000
  vertex 68.0163 2.1790 7.0000
  vertex 68.0625 2.3153 7.0000
 endloop
endfacet
facet normal -0.980778 0.195125 0.000000
 outer loop
  vertex 68.0906 2.4564 0.0000
  vertex 68.0625 2.3153 7.0000
  vertex 68.0906 2.4564 7.0000
 endloop
endfacet
facet normal -0.997861 0.065378 0.000000
 outer loop
  vertex 68.1000 2.6000 0.0000
  vertex 68.0906 2.4564 7.0000
  vertex 68.1000 2.6000 7.0000
 endloop
endfacet
facet normal -0.997861 -0.065378 0.000000
 outer loop
  vertex 68.0906 2.7436 0.0000
  vertex 68.1000 2.6000 7.0000
  vertex 68.0906 2.7436 7.0000
 endloop
endfacet
facet normal -0.980778 -0.195125 0.000000
 outer loop
  vertex 68.0625 2.8847 0.0000
  vertex 68.0906 2.7436 7.0000
  vertex 68.0625 2.8847 7.0000
 endloop
endfacet
facet normal -0.946933 -0.321430 0.000000
 outer loop
  vertex 68.0163 3.0210 0.0000
  vertex 68.0625 2.8847 7.0000
  vertex 68.0163 3.0210 7.0000
 endloop
endfacet
facet normal -0.659355 -0.751831 0.000000
 outer loop
  vertex 67.6696 3.4727 0.0000
  vertex 67.7778 3.3778 7.0000
  vertex 67.6696 3.4727 7.0000
 endloop
endfacet
facet normal -0.751839 -0.659347 0.000000
 outer loop
  vertex 67.8727 3.2696 7.0000
  vertex 67.7778 3.3778 7.0000
  vertex 67.7778 3.3778 0.0000
 endloop
endfacet
facet normal -0.321435 -0.946932 0.000000
 outer loop
  vertex 67.4210 3.6163 7.0000
  vertex 67.2847 3.6625 7.0000
  vertex 67.2847 3.6625 0.0000
 endloop
endfacet
facet normal -0.442280 -0.896877 0.000000
 outer loop
  vertex 67.4210 3.6163 0.0000
  vertex 67.5500 3.5526 7.0000
  vertex 67.4210 3.6163 7.0000
 endloop
endfacet
facet normal -0.555574 -0.831467 0.000000
 outer loop
  vertex 67.6696 3.4727 7.0000
  vertex 67.5500 3.5526 7.0000
  vertex 67.5500 3.5526 0.0000
 endloop
endfacet
facet normal -0.896880 -0.442273 0.000000
 outer loop
  vertex 68.0163 3.0210 7.0000
  vertex 67.9526 3.1500 7.0000
  vertex 67.9526 3.1500 0.0000
 endloop
endfacet
facet normal -0.831465 -0.555578 0.000000
 outer loop
  vertex 67.8727 3.2696 0.0000
  vertex 67.9526 3.1500 7.0000
  vertex 67.8727 3.2696 7.0000
 endloop
endfacet
endsolid sled
